text,label,language,style
arre... unpredictable behaviour hai situation continuously changing,CONTRADICTORY_CHANGING_SITUATION,hinglish,conversational_augmented
he threatened me but I am safe now मुझे समझ नहीं आ रहा क्या करूं।,CURRENT_SAFETY_REASSURANCE,hi,conversational_augmented
usne private photos leak karne ki blackmailing shuru kar di jaldi kuch kijiye.,COERCION_BLACKMAIL,hinglish,conversational_augmented
मैं बहुत परेशान हूं... निचली जाति का बोलकर मंदिर में जाने से रोका क्या आप सुन रहे हैं?,DISCRIMINATION_CASTE_VULNERABILITY,hi,conversational_augmented
मेरी बात सुनिए... रोज मेरे कॉलेज के बाहर खड़ा रहता है,STALKING_FOLLOWING,hi,conversational_augmented
husband locked me in the room without food,DOMESTIC_FAMILY_VIOLENCE,hinglish,direct_seed
my heart is pounding with extreme anxiety,FEAR_DISTRESS_PANIC,en,direct_seed
अरे... बाहर लोग हथियारों के साथ खड़े हैं जल्दी पुलिस भेजिए।,IMMEDIATE_PHYSICAL_DANGER,hi,conversational_augmented
urgent hai... pregnant lady hai ghar pe aur small kids hain send help immediately.,CHILD_ELDERLY_DISABILITY_VULNERABILITY,hinglish,conversational_augmented
hello... feeling completely hopeless wanting to quit life mujhe samajh nahi aa raha kya karu.,SELF_HARM_CONCERN,hinglish,conversational_augmented
arre... pregnant lady hai ghar pe aur small kids hain,CHILD_ELDERLY_DISABILITY_VULNERABILITY,hinglish,conversational_augmented
नमस्ते... सिर पर गहरी चोट है और उल्टियां हो रही हैं क्या आप सुन रहे हैं?,MEDICAL_EMERGENCY,hi,conversational_augmented
please... facing continuous spousal abuse and physical cruelty jaldi kuch kijiye.,DOMESTIC_FAMILY_VIOLENCE,hinglish,conversational_augmented
sir... entire village mob is pressurizing our family,SOCIAL_COMMUNITY_PRESSURE,hinglish,conversational_augmented
प्लीज... कोई सहारा नहीं है बिल्कुल बेसहारा हूं जल्दी पुलिस भेजिए।,ISOLATION_NO_SUPPORT,hi,conversational_augmented
help kijiye... bahut ghabrahat ho rahi hai panic ho raha hai send help immediately.,FEAR_DISTRESS_PANIC,hinglish,conversational_augmented
madam... have no family or friends to support me here,ISOLATION_NO_SUPPORT,hinglish,conversational_augmented
help kijiye... mai yahan bilkul akela hu koi relative nahi hai send help immediately.,ISOLATION_NO_SUPPORT,hinglish,conversational_augmented
जबरदस्ती करने की कोशिश की उसने तुरंत मदद चाहिए।,SEXUAL_VIOLENCE_HARASSMENT,hi,conversational_augmented
urgent hai... pata nahi kahan hu landmark nahi dikh raha send help immediately.,UNCERTAINTY_UNCLEAR_INFO,hinglish,conversational_augmented
arre... someone threatened me send help immediately.,THREAT_INTIMIDATION,hinglish,conversational_augmented
Please listen... I would like to speak to a psychological counselor I don't know what to do.,REQUEST_COUNSELLING_LEGAL_MEDICAL,en,conversational_augmented
अरे... कोई सहारा नहीं है बिल्कुल बेसहारा हूं तुरंत मदद चाहिए।,ISOLATION_NO_SUPPORT,hi,conversational_augmented
the information is hazy and I cannot be sure please send police now.,UNCERTAINTY_UNCLEAR_INFO,en,conversational_augmented
I need urgent police security and protection right now please help immediately.,REQUEST_POLICE_EMERGENCY_HELP,en,conversational_augmented
please dispatch police to my location immediately please do something quickly.,REQUEST_POLICE_EMERGENCY_HELP,en,conversational_augmented
Please hear me... I am stranded on the roadside with nowhere to sleep I am telling the truth.,NO_SAFE_PLACE_HOMELESSNESS,en,conversational_augmented
छुआछूत का व्यवहार कर रहे हैं हमारे साथ,DISCRIMINATION_CASTE_VULNERABILITY,hi,conversational_augmented
please... disabled person par assault attempt hua hai,CHILD_ELDERLY_DISABILITY_VULNERABILITY,hinglish,conversational_augmented
listen... patient is unconscious please dispatch medical team kya aap sun rahe ho?,MEDICAL_EMERGENCY,hinglish,conversational_augmented
describe kar rahe the mere saath discrimi mai sach bol raha hu.,DISCRIMINATION_CASTE_VULNERABILITY,hinglish,conversational_augmented
सुनिए... मैं पुलिस स्टेशन पहुंच चुका हूं और सेफ हूं क्या आप सुन रहे हैं?,CURRENT_SAFETY_REASSURANCE,hi,conversational_augmented
help kijiye... stalking me continuously for past two weeks mujhe samajh nahi aa raha kya karu.,STALKING_FOLLOWING,hinglish,conversational_augmented
urgent hai... situation bahut dangerous hai bachao,IMMEDIATE_PHYSICAL_DANGER,hinglish,conversational_augmented
chest pain aur breathing difficulty ho rahi hai,MEDICAL_EMERGENCY,hinglish,conversational_augmented
suniye... he follows me everywhere I go,STALKING_FOLLOWING,hinglish,conversational_augmented
I need urgent help... I am having thoughts of self harm I am telling the truth.,SELF_HARM_CONCERN,en,conversational_augmented
Excuse me... experiencing severe chest pain and medical collapse,MEDICAL_EMERGENCY,en,conversational_augmented
he is banging on my window violently mujhe samajh nahi aa raha kya karu.,IMMEDIATE_PHYSICAL_DANGER,hinglish,conversational_augmented
मैडम... उसने मुझे गलत तरीके से छुआ,SEXUAL_VIOLENCE_HARASSMENT,hi,conversational_augmented
मेरी बात सुनिए... जीने की कोई वजह नहीं बची है,SELF_HARM_CONCERN,hi,conversational_augmented
सुरक्षा दीजिए हमें पुलिस की सख्त जरूरत है,REQUEST_POLICE_EMERGENCY_HELP,hi,conversational_augmented
urgent hai... movie ka scene discuss kar rahe the dost ke sath please madad karo.,NEUTRAL_NO_INDICATOR,hinglish,conversational_augmented
listen... koi reason nahi bacha live karne ka,SELF_HARM_CONCERN,hinglish,conversational_augmented
Sir... he followed my vehicle for over five kilometers I don't know what to do.,STALKING_FOLLOWING,en,conversational_augmented
मैं बहुत परेशान हूं... पता नहीं कौन था और क्या जगह थी जल्दी पुलिस भेजिए।,UNCERTAINTY_UNCLEAR_INFO,hi,conversational_augmented
blackmail kar raha hai ki social media par daal dega,COERCION_BLACKMAIL,hinglish,conversational_augmented
Hello... the situation is volatile and constantly shifting,CONTRADICTORY_CHANGING_SITUATION,en,conversational_augmented
हम केवल समय और तारीख की जानकारी के लिए कॉल किए हैं जल्दी पुलिस भेजिए।,NEUTRAL_NO_INDICATOR,hi,conversational_augmented
I need urgent help... the local panchayat has ordered a complete social boycott I am telling the truth.,SOCIAL_COMMUNITY_PRESSURE,en,conversational_augmented
Please listen... the kids are terrified and screaming please help immediately.,FEAR_DISTRESS_PANIC,en,conversational_augmented
jaati soochak shabdon se gali di aur bhedbhav kiya,DISCRIMINATION_CASTE_VULNERABILITY,hinglish,direct_seed
I need urgent help... please send a PCR emergency van right away please do something quickly.,REQUEST_POLICE_EMERGENCY_HELP,en,conversational_augmented
नमस्ते... मोहल्ले के लोग मिलकर धमकी दे रहे हैं,SOCIAL_COMMUNITY_PRESSURE,hi,conversational_augmented
Hello... I am being stalked by an unknown person continuously,STALKING_FOLLOWING,en,conversational_augmented
मेरी बात सुनिए... मैं यहां बिल्कुल अकेली हूं कोई मदद करने वाला नहीं मुझे समझ नहीं आ रहा क्या करूं।,ISOLATION_NO_SUPPORT,hi,conversational_augmented
"I am completely safe now, police have arrived please send police now.",CURRENT_SAFETY_REASSURANCE,en,conversational_augmented
कृपया ध्यान दीजिए... ब्लैकमेल करके लगातार दबाव बना रहा है,COERCION_BLACKMAIL,hi,conversational_augmented
डर के मारे चीख निकल रही है,FEAR_DISTRESS_PANIC,hi,conversational_augmented
Please hear me... I am having thoughts of self harm please send police now.,SELF_HARM_CONCERN,en,conversational_augmented
sir... he follows me everywhere I go,STALKING_FOLLOWING,hinglish,conversational_augmented
I need urgent help... I feel so overwhelmed and anxious are you listening?,FEAR_DISTRESS_PANIC,en,conversational_augmented
arre... usne galat tarike se touch kiya chedchad ki kya aap sun rahe ho?,SEXUAL_VIOLENCE_HARASSMENT,hinglish,conversational_augmented
Help me... a group of village leaders is threatening our household,SOCIAL_COMMUNITY_PRESSURE,en,conversational_augmented
पता नहीं कौन था और क्या जगह थी,UNCERTAINTY_UNCLEAR_INFO,hi,conversational_augmented
sir... koi sath nahi de raha sabne contact tod diya,ISOLATION_NO_SUPPORT,hinglish,conversational_augmented
chest pain aur breathing difficulty ho rahi hai,MEDICAL_EMERGENCY,hinglish,direct_seed
arre... disabled person par assault attempt hua hai jaldi kuch kijiye.,CHILD_ELDERLY_DISABILITY_VULNERABILITY,hinglish,conversational_augmented
I am seriously injured and bleeding please do something quickly.,PHYSICAL_VIOLENCE_INJURY,en,conversational_augmented
madam... pcr van bhejo jaldi address par kya aap sun rahe ho?,REQUEST_POLICE_EMERGENCY_HELP,hinglish,conversational_augmented
Sir... I feel like ending my life right now please help immediately.,SELF_HARM_CONCERN,en,conversational_augmented
Excuse me... a group of village leaders is threatening our household I am telling the truth.,SOCIAL_COMMUNITY_PRESSURE,en,conversational_augmented
सर... स्थिति हर पल बदल रही है कुछ समझ नहीं आ रहा मैं सच कह रहा हूं।,CONTRADICTORY_CHANGING_SITUATION,hi,conversational_augmented
अरे... पारिवारिक प्रताड़ना असहनीय हो गई है मैं सच कह रहा हूं।,DOMESTIC_FAMILY_VIOLENCE,hi,conversational_augmented
deep head laceration with heavy blood loss,MEDICAL_EMERGENCY,en,conversational_augmented
कृपया ध्यान दीजिए... रोज मेरे कॉलेज के बाहर खड़ा रहता है,STALKING_FOLLOWING,hi,conversational_augmented
contradictory situation hai outcome uncertain hai kya aap sun rahe ho?,CONTRADICTORY_CHANGING_SITUATION,hinglish,conversational_augmented
help kijiye... sexual harassment ho raha hai office mein,SEXUAL_VIOLENCE_HARASSMENT,hinglish,conversational_augmented
Ma'am... a strange man follows me from the bus stop to my house I am telling the truth.,STALKING_FOLLOWING,en,conversational_augmented
मेरी बात सुनिए... जातिगत भेदभाव और छुआछूत का शिकार बनाया गया मुझे समझ नहीं आ रहा क्या करूं।,DISCRIMINATION_CASTE_VULNERABILITY,hi,conversational_augmented
नमस्ते... घर के दरवाजे पर लातें मार रहा है प्लीज कुछ कीजिए।,IMMEDIATE_PHYSICAL_DANGER,hi,conversational_augmented
हेल्प कीजिए... सास और ससुर घर में बंद करके मारते हैं मैं सच कह रहा हूं।,DOMESTIC_FAMILY_VIOLENCE,hi,conversational_augmented
मैडम... अकेले कमरे में बंद हूं कोई रिश्तेदार नहीं है प्लीज कुछ कीजिए।,ISOLATION_NO_SUPPORT,hi,conversational_augmented
सर... पता नहीं कौन था और क्या जगह थी,UNCERTAINTY_UNCLEAR_INFO,hi,conversational_augmented
Please listen... he is blackmailing me with private photographs please send police now.,COERCION_BLACKMAIL,en,conversational_augmented
विरोधाभासी बातें हो रही हैं यहां माहौल अस्थिर है जल्दी पुलिस भेजिए।,CONTRADICTORY_CHANGING_SITUATION,hi,conversational_augmented
अरे... घर के दरवाजे पर लातें मार रहा है मुझे समझ नहीं आ रहा क्या करूं।,IMMEDIATE_PHYSICAL_DANGER,hi,conversational_augmented
blackmail kar raha hai ki social media par daal dega mai sach bol raha hu.,COERCION_BLACKMAIL,hinglish,conversational_augmented
Ma'am... a minor child is trapped inside facing grave risk,CHILD_ELDERLY_DISABILITY_VULNERABILITY,en,conversational_augmented
मेरी बात सुनिए... धमकी भरे मैसेज भेज रहा है जल्दी पुलिस भेजिए।,THREAT_INTIMIDATION,hi,conversational_augmented
प्लीज... मेरे साथ शारीरिक जबरदस्ती की गई,SEXUAL_VIOLENCE_HARASSMENT,hi,conversational_augmented
उसने फोन करके बोला कि तुझे देख लूंगा,THREAT_INTIMIDATION,hi,direct_seed
madam... unpredictable behaviour hai situation continuously changing mujhe samajh nahi aa raha kya karu.,CONTRADICTORY_CHANGING_SITUATION,hinglish,conversational_augmented
mai yahan bilkul akela hu koi relative nahi hai,ISOLATION_NO_SUPPORT,hinglish,conversational_augmented
मेरी निजी तस्वीरें वायरल करने की धमकी दे रहा है जल्दी पुलिस भेजिए।,COERCION_BLACKMAIL,hi,conversational_augmented
अरे... रात में सड़क पर खड़ी हूं कोई सुरक्षित जगह नहीं है तुरंत मदद चाहिए।,NO_SAFE_PLACE_HOMELESSNESS,hi,conversational_augmented
ghar me elderly parents hain jo bedridden hain please madad karo.,CHILD_ELDERLY_DISABILITY_VULNERABILITY,hinglish,conversational_augmented
जबरदस्ती करने की कोशिश की उसने,SEXUAL_VIOLENCE_HARASSMENT,hi,conversational_augmented
Sir... please dispatch police to my location immediately I am telling the truth.,REQUEST_POLICE_EMERGENCY_HELP,en,conversational_augmented
Ma'am... he made vulgar sexual gestures and touched me I am telling the truth.,SEXUAL_VIOLENCE_HARASSMENT,en,conversational_augmented
सुनिए... खतरे में हूं तुरंत पुलिस भेजिए जल्दी पुलिस भेजिए।,IMMEDIATE_PHYSICAL_DANGER,hi,conversational_augmented
hello... mere saath discriminate kiya ja raha hai mai sach bol raha hu.,DISCRIMINATION_CASTE_VULNERABILITY,hinglish,conversational_augmented
सुनिए... फांसी लगाने की सोच रही हूं जल्दी पुलिस भेजिए।,SELF_HARM_CONCERN,hi,conversational_augmented
confused state me hu exact time nahi pata,UNCERTAINTY_UNCLEAR_INFO,hinglish,direct_seed
भेदभाव कर रहे हैं और अपमानजनक शब्द बोल रहे हैं तुरंत मदद चाहिए।,DISCRIMINATION_CASTE_VULNERABILITY,hi,conversational_augmented
मुझे पुलिस सुरक्षा की तुरंत आवश्यकता है जल्दी पुलिस भेजिए।,REQUEST_POLICE_EMERGENCY_HELP,hi,conversational_augmented
please... pata nahi kahan hu landmark nahi dikh raha send help immediately.,UNCERTAINTY_UNCLEAR_INFO,hinglish,conversational_augmented
मैं बहुत परेशान हूं... सुरक्षा दीजिए हमें पुलिस की सख्त जरूरत है जल्दी पुलिस भेजिए।,REQUEST_POLICE_EMERGENCY_HELP,hi,conversational_augmented
मैडम... पीसीआर वैन को अलर्ट करके भेजो जल्दी,REQUEST_POLICE_EMERGENCY_HELP,hi,conversational_augmented
मेरे साथ छेड़छाड़ की गई है प्लीज कुछ कीजिए।,SEXUAL_VIOLENCE_HARASSMENT,hi,conversational_augmented
help kijiye... homeless ho gaye hain koi shelter nahi hai jaldi kuch kijiye.,NO_SAFE_PLACE_HOMELESSNESS,hinglish,conversational_augmented
प्लीज... नाबालिग बच्ची की सुरक्षा को लेकर बहुत चिंता है मैं सच कह रहा हूं।,CHILD_ELDERLY_DISABILITY_VULNERABILITY,hi,conversational_augmented
I am hiding under the bed he is inside the house,IMMEDIATE_PHYSICAL_DANGER,en,conversational_augmented
sir... dhamka raha hai ki chup baitho send help immediately.,THREAT_INTIMIDATION,hinglish,conversational_augmented
सुनिए... सब कुछ खत्म कर लेना चाहता हूं जल्दी पुलिस भेजिए।,SELF_HARM_CONCERN,hi,conversational_augmented
he is standing outside my door holding a weapon,IMMEDIATE_PHYSICAL_DANGER,en,conversational_augmented
he threatened my family with violence I am telling the truth.,THREAT_INTIMIDATION,en,conversational_augmented
help kijiye... dhamki mil rahi hai ki maar dalega mujhe samajh nahi aa raha kya karu.,THREAT_INTIMIDATION,hinglish,conversational_augmented
help kijiye... police protection chahiye urgent basis pe send help immediately.,REQUEST_POLICE_EMERGENCY_HELP,hinglish,conversational_augmented
I am trapped in an abusive marriage with constant violence please do something quickly.,DOMESTIC_FAMILY_VIOLENCE,en,conversational_augmented
I need urgent help... my in-laws threatened to burn me alive for dowry please help immediately.,DOMESTIC_FAMILY_VIOLENCE,en,conversational_augmented
मेरी बात सुनिए... लीगल एड और कोर्ट प्रक्रिया की जानकारी चाहिए,REQUEST_COUNSELLING_LEGAL_MEDICAL,hi,conversational_augmented
urgent hai... need mental health counselling and legal guidance please madad karo.,REQUEST_COUNSELLING_LEGAL_MEDICAL,hinglish,conversational_augmented
सर... अकेले कमरे में बंद हूं कोई रिश्तेदार नहीं है,ISOLATION_NO_SUPPORT,hi,conversational_augmented
मैं बहुत परेशान हूं... मैं यहां बिल्कुल अकेली हूं कोई मदद करने वाला नहीं,ISOLATION_NO_SUPPORT,hi,conversational_augmented
the attacker has left and there is no danger now,CURRENT_SAFETY_REASSURANCE,en,conversational_augmented
I need legal guidance and lawyer consultation are you listening?,REQUEST_COUNSELLING_LEGAL_MEDICAL,en,conversational_augmented
urgent hai... community pressure banaya ja raha hai case wapas lene mujhe samajh nahi aa raha kya karu.,SOCIAL_COMMUNITY_PRESSURE,hinglish,conversational_augmented
मैं बहुत परेशान हूं... पहले लगा कि सब ठीक है लेकिन अचानक फिर झगड़ा शुरू हो गया प्लीज कुछ कीजिए।,CONTRADICTORY_CHANGING_SITUATION,hi,conversational_augmented
madam... bahar khada hai gaaliyan de raha hai mujhe samajh nahi aa raha kya karu.,IMMEDIATE_PHYSICAL_DANGER,hinglish,conversational_augmented
madam... heavy bleeding ho rahi hai ambulance chahiye turant jaldi kuch kijiye.,MEDICAL_EMERGENCY,hinglish,conversational_augmented
an aggressive person is standing at my doorstep I am telling the truth.,IMMEDIATE_PHYSICAL_DANGER,en,conversational_augmented
Officer... initially it seemed resolved but suddenly violence flared up again please send police now.,CONTRADICTORY_CHANGING_SITUATION,en,conversational_augmented
feeling like committing suicide please help,SELF_HARM_CONCERN,hinglish,direct_seed
Please hear me... he threatened to leak sensitive personal videos online please send police now.,COERCION_BLACKMAIL,en,conversational_augmented
Please hear me... my husband beats me violently every day,DOMESTIC_FAMILY_VIOLENCE,en,conversational_augmented
I have nowhere to go and nobody to call for assistance,ISOLATION_NO_SUPPORT,en,conversational_augmented
सुनिए... मुक्के और लातों से मारपीट की गई क्या आप सुन रहे हैं?,PHYSICAL_VIOLENCE_INJURY,hi,conversational_augmented
मेरी बात सुनिए... हर जगह मेरा पीछा करके वीडियो बनाता है मैं सच कह रहा हूं।,STALKING_FOLLOWING,hi,conversational_augmented
हेल्प कीजिए... रात में सड़क पर खड़ी हूं कोई सुरक्षित जगह नहीं है,NO_SAFE_PLACE_HOMELESSNESS,hi,conversational_augmented
सर... रहने का कोई ठिकाना नहीं है बेघर हो गई हूं,NO_SAFE_PLACE_HOMELESSNESS,hi,conversational_augmented
arre... jabarjasti karne ki koshish ki usne send help immediately.,SEXUAL_VIOLENCE_HARASSMENT,hinglish,conversational_augmented
मुझे जान से मारने की धमकियां मिल रही हैं क्या आप सुन रहे हैं?,THREAT_INTIMIDATION,hi,conversational_augmented
there is an infant and a pregnant woman in the house please do something quickly.,CHILD_ELDERLY_DISABILITY_VULNERABILITY,en,conversational_augmented
गंदी हरकतें और अश्लील इशारे कर रहा है,SEXUAL_VIOLENCE_HARASSMENT,hi,conversational_augmented
Officer... I am stranded on the roadside with nowhere to sleep are you listening?,NO_SAFE_PLACE_HOMELESSNESS,en,conversational_augmented
suniye... completely isolated and stranded without contacts mai sach bol raha hu.,ISOLATION_NO_SUPPORT,hinglish,conversational_augmented
please send police immediately to my location,REQUEST_POLICE_EMERGENCY_HELP,hinglish,conversational_augmented
bola ki consequences bahut bure honge,THREAT_INTIMIDATION,hinglish,direct_seed
Sir... deep head laceration with heavy blood loss please send police now.,MEDICAL_EMERGENCY,en,conversational_augmented
suniye... shaking with fear right now send help immediately.,FEAR_DISTRESS_PANIC,hinglish,conversational_augmented
help kijiye... blackmail kar raha hai ki social media par daal dega,COERCION_BLACKMAIL,hinglish,conversational_augmented
mai bohot pareshan hu... pcr van bhejo jaldi address par mai sach bol raha hu.,REQUEST_POLICE_EMERGENCY_HELP,hinglish,conversational_augmented
madam... chaku se hamla kiya haath cut gaya,PHYSICAL_VIOLENCE_INJURY,hinglish,conversational_augmented
प्लीज... मुझे बहुत डर लग रहा है,FEAR_DISTRESS_PANIC,hi,conversational_augmented
urgent hai... shaking with fear right now jaldi kuch kijiye.,FEAR_DISTRESS_PANIC,hinglish,conversational_augmented
मैडम... स्थिति हर पल बदल रही है कुछ समझ नहीं आ रहा,CONTRADICTORY_CHANGING_SITUATION,hi,conversational_augmented
नमस्ते... he threatened me but I am safe now,CURRENT_SAFETY_REASSURANCE,hi,conversational_augmented
Hello... requesting immediate emergency police dispatch please help immediately.,REQUEST_POLICE_EMERGENCY_HELP,en,conversational_augmented
urgent hai... obscene photos and messages bhej raha hai,SEXUAL_VIOLENCE_HARASSMENT,hinglish,conversational_augmented
I cannot calm down because of fear are you listening?,FEAR_DISTRESS_PANIC,en,conversational_augmented
अरे... रहने का कोई ठिकाना नहीं है बेघर हो गई हूं,NO_SAFE_PLACE_HOMELESSNESS,hi,conversational_augmented
khatam kar dene ki dhmki di usne mujhe samajh nahi aa raha kya karu.,THREAT_INTIMIDATION,hinglish,conversational_augmented
"Sir... I need an ambulance immediately, severe bleeding",MEDICAL_EMERGENCY,en,conversational_augmented
help kijiye... pregnant lady hai ghar pe aur small kids hain jaldi kuch kijiye.,CHILD_ELDERLY_DISABILITY_VULNERABILITY,hinglish,conversational_augmented
listen... koi madad karne wala nahi hai bilkul akeli hu,ISOLATION_NO_SUPPORT,hinglish,conversational_augmented
sir... mere sath discrimination ho raha hai office me,DISCRIMINATION_CASTE_VULNERABILITY,hinglish,conversational_augmented
he is forcing me to pay large sums of money,COERCION_BLACKMAIL,en,direct_seed
मेरी बात सुनिए... पीसीआर वैन को अलर्ट करके भेजो जल्दी मैं सच कह रहा हूं।,REQUEST_POLICE_EMERGENCY_HELP,hi,conversational_augmented
the victim is a differently-abled person unable to run,CHILD_ELDERLY_DISABILITY_VULNERABILITY,en,conversational_augmented
अरे... तुरंत पुलिस भेजिए यहां बहुत जरूरी है,REQUEST_POLICE_EMERGENCY_HELP,hi,conversational_augmented
कृपया ध्यान दीजिए... स्टॉकिंग कर रहा है लगातार नजर रख रहा है प्लीज कुछ कीजिए।,STALKING_FOLLOWING,hi,conversational_augmented
suniye... ab mai safe hu police aa gayi hai,CURRENT_SAFETY_REASSURANCE,hinglish,conversational_augmented
Sir... I am trapped in an abusive marriage with constant violence are you listening?,DOMESTIC_FAMILY_VIOLENCE,en,conversational_augmented
Sir... a group of village leaders is threatening our household,SOCIAL_COMMUNITY_PRESSURE,en,conversational_augmented
प्लीज... मजबूर कर रहा है गैरकानूनी काम करने के लिए,COERCION_BLACKMAIL,hi,conversational_augmented
I need urgent help... I am dreading what might happen next are you listening?,FEAR_DISTRESS_PANIC,en,conversational_augmented
Officer... no physical violence or threats occurred are you listening?,NEUTRAL_NO_INDICATOR,en,conversational_augmented
usne mujhe koi dhamki nahi di hai,NEUTRAL_NO_INDICATOR,hinglish,conversational_augmented
I cannot continue living like this,SELF_HARM_CONCERN,en,conversational_augmented
नमस्ते... तुरंत एम्बुलेंस भेजिए मरीज की हालत गंभीर है,MEDICAL_EMERGENCY,hi,conversational_augmented
Help me... deep head laceration with heavy blood loss please send police now.,MEDICAL_EMERGENCY,en,conversational_augmented
घर में छोटा बच्चा और गर्भवती महिला है,CHILD_ELDERLY_DISABILITY_VULNERABILITY,hi,direct_seed
madam... he did not threaten me mai sach bol raha hu.,NEUTRAL_NO_INDICATOR,hinglish,conversational_augmented
सर... सिर पर गहरी चोट है और उल्टियां हो रही हैं जल्दी पुलिस भेजिए।,MEDICAL_EMERGENCY,hi,conversational_augmented
arre... pata nahi kahan hu landmark nahi dikh raha send help immediately.,UNCERTAINTY_UNCLEAR_INFO,hinglish,conversational_augmented
Help me... my in-laws threatened to burn me alive for dowry please do something quickly.,DOMESTIC_FAMILY_VIOLENCE,en,conversational_augmented
sir... casteist slurs use karke publically insult kiya mai sach bol raha hu.,DISCRIMINATION_CASTE_VULNERABILITY,hinglish,conversational_augmented
operator: how may I assist your query today sir?,NEUTRAL_NO_INDICATOR,hinglish,conversational_augmented
कोई साथ देने वाला नहीं है चारों तरफ से अकेली हूं,ISOLATION_NO_SUPPORT,hi,direct_seed
suniye... bola ki consequences bahut bure honge jaldi kuch kijiye.,THREAT_INTIMIDATION,hinglish,conversational_augmented
he slapped and physically battered me please help immediately.,PHYSICAL_VIOLENCE_INJURY,en,conversational_augmented
मैं बहुत परेशान हूं... सिर पर गहरी चोट है और उल्टियां हो रही हैं मुझे समझ नहीं आ रहा क्या करूं।,MEDICAL_EMERGENCY,hi,conversational_augmented
मेरी बात सुनिए... पति ने कमरे में बंद करके पीटा,DOMESTIC_FAMILY_VIOLENCE,hi,conversational_augmented
बुजुर्ग माता-पिता हैं जो चलने में असमर्थ हैं तुरंत मदद चाहिए।,CHILD_ELDERLY_DISABILITY_VULNERABILITY,hi,conversational_augmented
Ma'am... he beat me up with a metal rod please send police now.,PHYSICAL_VIOLENCE_INJURY,en,conversational_augmented
usne galat tarike se touch kiya chedchad ki,SEXUAL_VIOLENCE_HARASSMENT,hinglish,direct_seed
I need urgent help... I am facing continuous sexual harassment at workplace please send police now.,SEXUAL_VIOLENCE_HARASSMENT,en,conversational_augmented
मैं बहुत परेशान हूं... मोहल्ले के लोग मिलकर धमकी दे रहे हैं प्लीज कुछ कीजिए।,SOCIAL_COMMUNITY_PRESSURE,hi,conversational_augmented
अभी मैं सेफ जगह पर पहुंच गई हूं,CURRENT_SAFETY_REASSURANCE,hi,conversational_augmented
arre... operator: how may I assist your query today sir? kya aap sun rahe ho?,NEUTRAL_NO_INDICATOR,hinglish,conversational_augmented
listen... situation control me hai tension ki baat nahi hai kya aap sun rahe ho?,CURRENT_SAFETY_REASSURANCE,hinglish,conversational_augmented
Please hear me... I don't know the exact landmark around me please do something quickly.,UNCERTAINTY_UNCLEAR_INFO,en,conversational_augmented
Hello... the situation is terrifying and we are in panic please send police now.,FEAR_DISTRESS_PANIC,en,conversational_augmented
I am scared because he is outside my house please send police now.,IMMEDIATE_PHYSICAL_DANGER,en,conversational_augmented
tracking my daily movements and clicking photos send help immediately.,STALKING_FOLLOWING,hinglish,conversational_augmented
he attempted to sexually assault me,SEXUAL_VIOLENCE_HARASSMENT,en,conversational_augmented
help kijiye... need mental health counselling and legal guidance,REQUEST_COUNSELLING_LEGAL_MEDICAL,hinglish,conversational_augmented
help kijiye... mai yahan bilkul akela hu koi relative nahi hai,ISOLATION_NO_SUPPORT,hinglish,conversational_augmented
काउंसलर से बात करा दीजिए मानसिक तनाव के लिए,REQUEST_COUNSELLING_LEGAL_MEDICAL,hi,direct_seed
Excuse me... experiencing severe chest pain and medical collapse I don't know what to do.,MEDICAL_EMERGENCY,en,conversational_augmented
Please listen... the victim is a differently-abled person unable to run,CHILD_ELDERLY_DISABILITY_VULNERABILITY,en,conversational_augmented
रास्ते में रोक कर गलत तरीके से हाथ पकड़ा,SEXUAL_VIOLENCE_HARASSMENT,hi,conversational_augmented
अरे... वो कह रहा है कि बाहर निकलते ही हमला करेगा मैं सच कह रहा हूं।,THREAT_INTIMIDATION,hi,conversational_augmented
Officer... I was sexually harassed on my way home please help immediately.,SEXUAL_VIOLENCE_HARASSMENT,en,conversational_augmented
hello... police protection chahiye urgent basis pe,REQUEST_POLICE_EMERGENCY_HELP,hinglish,conversational_augmented
कृपया अपनी शिकायत की श्रेणी और जिला बताइए,NEUTRAL_NO_INDICATOR,hi,direct_seed
मुझे ठीक से याद नहीं आ रहा क्या हुआ था,UNCERTAINTY_UNCLEAR_INFO,hi,conversational_augmented
सर... मैं यहां बिल्कुल अकेली हूं कोई मदद करने वाला नहीं,ISOLATION_NO_SUPPORT,hi,conversational_augmented
Ma'am... I am uncertain and confused about what transpired please do something quickly.,UNCERTAINTY_UNCLEAR_INFO,en,conversational_augmented
Sir... requesting legal aid assistance for filing case are you listening?,REQUEST_COUNSELLING_LEGAL_MEDICAL,en,conversational_augmented
listen... sometimes calm sometimes suddenly attacks again,CONTRADICTORY_CHANGING_SITUATION,hinglish,conversational_augmented
mai bohot pareshan hu... openly dhamki de raha hai maar peet karne ki mujhe samajh nahi aa raha kya karu.,THREAT_INTIMIDATION,hinglish,conversational_augmented
मैडम... तुरंत पुलिस भेजिए यहां बहुत जरूरी है,REQUEST_POLICE_EMERGENCY_HELP,hi,conversational_augmented
अरे... कन्फ्यूज हूं शायद कल या परसों की बात है प्लीज कुछ कीजिए।,UNCERTAINTY_UNCLEAR_INFO,hi,conversational_augmented
उसने मुझे नहीं धमकाया प्लीज कुछ कीजिए।,NEUTRAL_NO_INDICATOR,hi,conversational_augmented
madam... police protection chahiye urgent basis pe mai sach bol raha hu.,REQUEST_POLICE_EMERGENCY_HELP,hinglish,conversational_augmented
पड़ोसियों ने आकर मुझे बचा लिया अब सुरक्षित हूं,CURRENT_SAFETY_REASSURANCE,hi,conversational_augmented
Help me... my husband beats me violently every day,DOMESTIC_FAMILY_VIOLENCE,en,conversational_augmented
and describe kar rahe the mere saath discriminate kar rahe the,DISCRIMINATION_CASTE_VULNERABILITY,hinglish,conversational_augmented
नमस्ते... बहुत घबराहट हो रही है सांस नहीं ली जा रही तुरंत मदद चाहिए।,FEAR_DISTRESS_PANIC,hi,conversational_augmented
hello... mere saath discriminate kiya ja raha hai please madad karo.,DISCRIMINATION_CASTE_VULNERABILITY,hinglish,conversational_augmented
Please listen... he followed my vehicle for over five kilometers,STALKING_FOLLOWING,en,conversational_augmented
urgent hai... neech jaati bolkar insult aur discriminate kar rahe mai sach bol raha hu.,DISCRIMINATION_CASTE_VULNERABILITY,hinglish,conversational_augmented
I have no safe shelter or roof over my head tonight I don't know what to do.,NO_SAFE_PLACE_HOMELESSNESS,en,conversational_augmented
मैं बहुत परेशान हूं... हम केवल समय और तारीख की जानकारी के लिए कॉल किए हैं तुरंत मदद चाहिए।,NEUTRAL_NO_INDICATOR,hi,conversational_augmented
अरे... सांस लेने में बहुत तकलीफ हो रही है बेहोश हो रहे हैं,MEDICAL_EMERGENCY,hi,conversational_augmented
I want to hurt myself to stop this pain,SELF_HARM_CONCERN,en,direct_seed
mai bohot pareshan hu... advocate ki sahayata chahiye grievance file karne me kya aap sun rahe ho?,REQUEST_COUNSELLING_LEGAL_MEDICAL,hinglish,conversational_augmented
mai bohot pareshan hu... woh chala gaya hai ab koi danger nahi hai jaldi kuch kijiye.,CURRENT_SAFETY_REASSURANCE,hinglish,conversational_augmented
Excuse me... they are describing and discriminating against me unfairly,DISCRIMINATION_CASTE_VULNERABILITY,en,conversational_augmented
the situation is volatile and constantly shifting,CONTRADICTORY_CHANGING_SITUATION,en,direct_seed
Please hear me... I have no family or friends in this city to turn to I am telling the truth.,ISOLATION_NO_SUPPORT,en,conversational_augmented
I need urgent help... I am being stalked by an unknown person continuously please help immediately.,STALKING_FOLLOWING,en,conversational_augmented
हेल्प कीजिए... कभी वो शांत हो जाता है कभी अचानक हमला कर देता है,CONTRADICTORY_CHANGING_SITUATION,hi,conversational_augmented
"everything is under control now, I am safe I am telling the truth.",CURRENT_SAFETY_REASSURANCE,en,conversational_augmented
Excuse me... they subject us to discrimination and untouchability practices,DISCRIMINATION_CASTE_VULNERABILITY,en,conversational_augmented
मेरी बात सुनिए... बहुत उलझन में हूं सही जानकारी नहीं दे पा रही,UNCERTAINTY_UNCLEAR_INFO,hi,conversational_augmented
Please hear me... he assaulted me while abusing my marginalized identity,DISCRIMINATION_CASTE_VULNERABILITY,en,conversational_augmented
मेरी बात सुनिए... मुझे बहुत पैनिक अटैक आ रहा है,FEAR_DISTRESS_PANIC,hi,conversational_augmented
he assaulted me while abusing my marginalized identity,DISCRIMINATION_CASTE_VULNERABILITY,en,direct_seed
he explicitly threatened to harm my children please send police now.,THREAT_INTIMIDATION,en,conversational_augmented
urgent hai... pehle laga situation normal ho gayi par fir se violent ho gaya,CONTRADICTORY_CHANGING_SITUATION,hinglish,conversational_augmented
mai ab jeena nahi chahta,SELF_HARM_CONCERN,hinglish,direct_seed
the information is hazy and I cannot be sure I don't know what to do.,UNCERTAINTY_UNCLEAR_INFO,en,conversational_augmented
he threatened me but I am safe now जल्दी पुलिस भेजिए।,CURRENT_SAFETY_REASSURANCE,hi,conversational_augmented
Hello... the local panchayat has ordered a complete social boycott please do something quickly.,SOCIAL_COMMUNITY_PRESSURE,en,conversational_augmented
वो कह रहा है कि तुझे बर्बाद कर दूंगा,THREAT_INTIMIDATION,hi,direct_seed
मेरी बात सुनिए... मुझे पुलिस सुरक्षा की तुरंत आवश्यकता है,REQUEST_POLICE_EMERGENCY_HELP,hi,conversational_augmented
listen... dhamka raha hai ki chup baitho jaldi kuch kijiye.,THREAT_INTIMIDATION,hinglish,conversational_augmented
my elderly parents are bedridden and cannot escape,CHILD_ELDERLY_DISABILITY_VULNERABILITY,en,conversational_augmented
तुरंत पुलिस भेजिए यहां बहुत जरूरी है,REQUEST_POLICE_EMERGENCY_HELP,hi,direct_seed
कृपया ध्यान दीजिए... नाबालिग बच्ची की सुरक्षा को लेकर बहुत चिंता है मैं सच कह रहा हूं।,CHILD_ELDERLY_DISABILITY_VULNERABILITY,hi,conversational_augmented
hello... immediate danger me hu police dispatch karo send help immediately.,IMMEDIATE_PHYSICAL_DANGER,hinglish,conversational_augmented
I don't know the exact landmark around me,UNCERTAINTY_UNCLEAR_INFO,en,conversational_augmented
forcing me to give money through blackmail send help immediately.,COERCION_BLACKMAIL,hinglish,conversational_augmented
Please listen... the victim is a differently-abled person unable to run,CHILD_ELDERLY_DISABILITY_VULNERABILITY,en,conversational_augmented
कृपया ध्यान दीजिए... किराए के कमरे से जबरन सामान फेंक कर निकाल दिया क्या आप सुन रहे हैं?,NO_SAFE_PLACE_HOMELESSNESS,hi,conversational_augmented
Please hear me... I am uncertain and confused about what transpired,UNCERTAINTY_UNCLEAR_INFO,en,conversational_augmented
I need urgent help... I am receiving direct death threats,THREAT_INTIMIDATION,en,conversational_augmented
I need urgent help... I feel completely helpless and scared,FEAR_DISTRESS_PANIC,en,conversational_augmented
कृपया ध्यान दीजिए... पति रोज शराब पीकर मारपीट करता है,DOMESTIC_FAMILY_VIOLENCE,hi,conversational_augmented
Please listen... he never threatened me or my family at any point please help immediately.,NEUTRAL_NO_INDICATOR,en,conversational_augmented
mai bohot pareshan hu... woh chala gaya hai ab koi danger nahi hai,CURRENT_SAFETY_REASSURANCE,hinglish,conversational_augmented
Help me... I have reached a safe and secure location please do something quickly.,CURRENT_SAFETY_REASSURANCE,en,conversational_augmented
मेरी बात सुनिए... दलित होने के कारण कुएं से पानी नहीं भरने दिया प्लीज कुछ कीजिए।,DISCRIMINATION_CASTE_VULNERABILITY,hi,conversational_augmented
प्लीज... उसने मुझे कोई धमकी नहीं दी,NEUTRAL_NO_INDICATOR,hi,conversational_augmented
सर... उसने मुझे कोई धमकी नहीं दी प्लीज कुछ कीजिए।,NEUTRAL_NO_INDICATOR,hi,conversational_augmented
blackmail kar raha hai ki social media par daal dega mujhe samajh nahi aa raha kya karu.,COERCION_BLACKMAIL,hinglish,conversational_augmented
suniye... marpeet karke fractured my arm jaldi kuch kijiye.,PHYSICAL_VIOLENCE_INJURY,hinglish,conversational_augmented
please... police protection chahiye urgent basis pe,REQUEST_POLICE_EMERGENCY_HELP,hinglish,conversational_augmented
मैं बहुत परेशान हूं... कोई साथ देने वाला नहीं है चारों तरफ से अकेली हूं मुझे समझ नहीं आ रहा क्या करूं।,ISOLATION_NO_SUPPORT,hi,conversational_augmented
मुझे कानूनी सलाह और वकील की मदद चाहिए मैं सच कह रहा हूं।,REQUEST_COUNSELLING_LEGAL_MEDICAL,hi,conversational_augmented
arre... dhamkee de raha hai ghar jala dunga jaldi kuch kijiye.,THREAT_INTIMIDATION,hinglish,conversational_augmented
listen... gala dabane ki koshish ki usne,PHYSICAL_VIOLENCE_INJURY,hinglish,conversational_augmented
मैडम... मैं बहुत डरी हुई हूं मैं सच कह रहा हूं।,FEAR_DISTRESS_PANIC,hi,conversational_augmented
I need urgent help... I was punched and kicked repeatedly please help immediately.,PHYSICAL_VIOLENCE_INJURY,en,conversational_augmented
Please listen... it was a harmless conversation with no threatening language,NEUTRAL_NO_INDICATOR,en,conversational_augmented
arre... koi sath nahi de raha sabne contact tod diya kya aap sun rahe ho?,ISOLATION_NO_SUPPORT,hinglish,conversational_augmented
खतरे में हूं तुरंत पुलिस भेजिए प्लीज कुछ कीजिए।,IMMEDIATE_PHYSICAL_DANGER,hi,conversational_augmented
बहुत भयभीत हूं अपने घर में क्या आप सुन रहे हैं?,FEAR_DISTRESS_PANIC,hi,conversational_augmented
sir... phone pe continuously threatening calls aa rahe hain send help immediately.,THREAT_INTIMIDATION,hinglish,conversational_augmented
please... khauf lag raha hai akele rehne me mai sach bol raha hu.,FEAR_DISTRESS_PANIC,hinglish,conversational_augmented
hello... darr ke maare haath kaanp rahe hain jaldi kuch kijiye.,FEAR_DISTRESS_PANIC,hinglish,conversational_augmented
Please listen... I have no family or friends in this city to turn to are you listening?,ISOLATION_NO_SUPPORT,en,conversational_augmented
पूरे गांव और पंचायत ने हमारा बहिष्कार कर दिया है क्या आप सुन रहे हैं?,SOCIAL_COMMUNITY_PRESSURE,hi,conversational_augmented
he waits outside my workplace every evening watching me I am telling the truth.,STALKING_FOLLOWING,en,conversational_augmented
suniye... phone pe continuously threatening calls aa rahe hain mujhe samajh nahi aa raha kya karu.,THREAT_INTIMIDATION,hinglish,conversational_augmented
सर... छाती में तेज दर्द है और बहुत ज्यादा खून बह रहा है मुझे समझ नहीं आ रहा क्या करूं।,MEDICAL_EMERGENCY,hi,conversational_augmented
entire village mob is pressurizing our family please madad karo.,SOCIAL_COMMUNITY_PRESSURE,hinglish,conversational_augmented
बाहर लोग हथियारों के साथ खड़े हैं जल्दी पुलिस भेजिए।,IMMEDIATE_PHYSICAL_DANGER,hi,conversational_augmented
obscene photos and messages bhej raha hai please madad karo.,SEXUAL_VIOLENCE_HARASSMENT,hinglish,conversational_augmented
कन्फ्यूज हूं शायद कल या परसों की बात है,UNCERTAINTY_UNCLEAR_INFO,hi,direct_seed
please... peecha karke darwaaze tak aa gaya,STALKING_FOLLOWING,hinglish,conversational_augmented
I need urgent help... community elders are pressurizing us to withdraw the complaint I am telling the truth.,SOCIAL_COMMUNITY_PRESSURE,en,conversational_augmented
madam... minor child ki safety at high risk right now,CHILD_ELDERLY_DISABILITY_VULNERABILITY,hinglish,conversational_augmented
Help me... they are describing and discriminating against me unfairly,DISCRIMINATION_CASTE_VULNERABILITY,en,conversational_augmented
हेल्प कीजिए... धमकी दी है कि घर में आग लगा देगा जल्दी पुलिस भेजिए।,THREAT_INTIMIDATION,hi,conversational_augmented
woh ghar ke bahar khada hai weapon leke kya aap sun rahe ho?,IMMEDIATE_PHYSICAL_DANGER,hinglish,conversational_augmented
मैडम... मुझे बहुत डर लग रहा है तुरंत मदद चाहिए।,FEAR_DISTRESS_PANIC,hi,conversational_augmented
counsellor se baat karni hai stress relief ke liye mai sach bol raha hu.,REQUEST_COUNSELLING_LEGAL_MEDICAL,hinglish,conversational_augmented
I have no safe shelter or roof over my head tonight are you listening?,NO_SAFE_PLACE_HOMELESSNESS,en,conversational_augmented
मुझे पुलिस सुरक्षा की तुरंत आवश्यकता है जल्दी पुलिस भेजिए।,REQUEST_POLICE_EMERGENCY_HELP,hi,conversational_augmented
मेरी बात सुनिए... हर जगह मेरा पीछा करके वीडियो बनाता है,STALKING_FOLLOWING,hi,conversational_augmented
मैं बहुत परेशान हूं... सुरक्षा दीजिए हमें पुलिस की सख्त जरूरत है मुझे समझ नहीं आ रहा क्या करूं।,REQUEST_POLICE_EMERGENCY_HELP,hi,conversational_augmented
someone is stalking and following me every day,STALKING_FOLLOWING,en,direct_seed
अरे... दरवाजे के ठीक बाहर खड़ा है वो मुझे समझ नहीं आ रहा क्या करूं।,IMMEDIATE_PHYSICAL_DANGER,hi,conversational_augmented
Please hear me... I have multiple bruises and cuts on my body please help immediately.,PHYSICAL_VIOLENCE_INJURY,en,conversational_augmented
मैडम... उसने मुझे बुरी तरह पीटा है जल्दी पुलिस भेजिए।,PHYSICAL_VIOLENCE_INJURY,hi,conversational_augmented
मैं बहुत परेशान हूं... कन्फ्यूज हूं शायद कल या परसों की बात है,UNCERTAINTY_UNCLEAR_INFO,hi,conversational_augmented
help kijiye... and describe kar rahe the mere saath discriminate kar rahe the mai sach bol raha hu.,DISCRIMINATION_CASTE_VULNERABILITY,hinglish,conversational_augmented
Please hear me... community elders are pressurizing us to withdraw the complaint,SOCIAL_COMMUNITY_PRESSURE,en,conversational_augmented
मैडम... तुरंत पुलिस भेजिए यहां बहुत जरूरी है मुझे समझ नहीं आ रहा क्या करूं।,REQUEST_POLICE_EMERGENCY_HELP,hi,conversational_augmented
Officer... I am uncertain and confused about what transpired I am telling the truth.,UNCERTAINTY_UNCLEAR_INFO,en,conversational_augmented
Hello... I am being stalked by an unknown person continuously,STALKING_FOLLOWING,en,conversational_augmented
I need urgent police security and protection right now,REQUEST_POLICE_EMERGENCY_HELP,en,conversational_augmented
अरे... घर में छोटा बच्चा और गर्भवती महिला है,CHILD_ELDERLY_DISABILITY_VULNERABILITY,hi,conversational_augmented
I have no safe shelter or roof over my head tonight please send police now.,NO_SAFE_PLACE_HOMELESSNESS,en,conversational_augmented
Excuse me... the local panchayat has ordered a complete social boycott please help immediately.,SOCIAL_COMMUNITY_PRESSURE,en,conversational_augmented
Ma'am... I don't know the exact landmark around me,UNCERTAINTY_UNCLEAR_INFO,en,conversational_augmented
an aggressive person is standing at my doorstep,IMMEDIATE_PHYSICAL_DANGER,en,direct_seed
please... no safe place to sleep tonight stranded on footpath mujhe samajh nahi aa raha kya karu.,NO_SAFE_PLACE_HOMELESSNESS,hinglish,conversational_augmented
कहा अगर पैसे नहीं दिए तो बदनाम कर दूंगा प्लीज कुछ कीजिए।,COERCION_BLACKMAIL,hi,conversational_augmented
stalking me continuously for past two weeks jaldi kuch kijiye.,STALKING_FOLLOWING,hinglish,conversational_augmented
warning de raha hai ki sabak sikhayega,THREAT_INTIMIDATION,hinglish,conversational_augmented
Please hear me... someone is banging on my door threatening to break in,IMMEDIATE_PHYSICAL_DANGER,en,conversational_augmented
urgent hai... domestic violence ho rahi hai mere sath ghar par,DOMESTIC_FAMILY_VIOLENCE,hinglish,conversational_augmented
he hit me violently on my face,PHYSICAL_VIOLENCE_INJURY,hinglish,conversational_augmented
hello... situation control me hai tension ki baat nahi hai send help immediately.,CURRENT_SAFETY_REASSURANCE,hinglish,conversational_augmented
Ma'am... my spouse locked me inside without water and hit me,DOMESTIC_FAMILY_VIOLENCE,en,conversational_augmented
I need urgent help... he is attempting to force his way inside,IMMEDIATE_PHYSICAL_DANGER,en,conversational_augmented
उसने मुझे कोई नुकसान नहीं पहुंचाया सब सामान्य है मैं सच कह रहा हूं।,NEUTRAL_NO_INDICATOR,hi,conversational_augmented
हेल्प कीजिए... पीसीआर वैन को अलर्ट करके भेजो जल्दी,REQUEST_POLICE_EMERGENCY_HELP,hi,conversational_augmented
arre... punched and kicked me repeatedly,PHYSICAL_VIOLENCE_INJURY,hinglish,conversational_augmented
कन्फ्यूज हूं शायद कल या परसों की बात है मुझे समझ नहीं आ रहा क्या करूं।,UNCERTAINTY_UNCLEAR_INFO,hi,conversational_augmented
हेल्प कीजिए... पीसीआर वैन को अलर्ट करके भेजो जल्दी तुरंत मदद चाहिए।,REQUEST_POLICE_EMERGENCY_HELP,hi,conversational_augmented
listen... completely isolated and stranded without contacts jaldi kuch kijiye.,ISOLATION_NO_SUPPORT,hinglish,conversational_augmented
urgent hai... police protection chahiye urgent basis pe kya aap sun rahe ho?,REQUEST_POLICE_EMERGENCY_HELP,hinglish,conversational_augmented
pregnant lady hai ghar pe aur small kids hain send help immediately.,CHILD_ELDERLY_DISABILITY_VULNERABILITY,hinglish,conversational_augmented
कृपया ध्यान दीजिए... पूरे गांव और पंचायत ने हमारा बहिष्कार कर दिया है क्या आप सुन रहे हैं?,SOCIAL_COMMUNITY_PRESSURE,hi,conversational_augmented
he attempted to sexually assault me,SEXUAL_VIOLENCE_HARASSMENT,en,conversational_augmented
नमस्ते... कहता है अगर शिकायत की तो ज़िंदा नहीं छोड़ेगा जल्दी पुलिस भेजिए।,THREAT_INTIMIDATION,hi,conversational_augmented
I am trapped in an abusive marriage with constant violence please do something quickly.,DOMESTIC_FAMILY_VIOLENCE,en,conversational_augmented
I don't want to live anymore please do something quickly.,SELF_HARM_CONCERN,en,conversational_augmented
Sir... he followed my vehicle for over five kilometers are you listening?,STALKING_FOLLOWING,en,conversational_augmented
I need urgent help... he assaulted me while abusing my marginalized identity,DISCRIMINATION_CASTE_VULNERABILITY,en,conversational_augmented
Officer... I am a victim of severe domestic violence at home please help immediately.,DOMESTIC_FAMILY_VIOLENCE,en,conversational_augmented
उसने मुझे गलत तरीके से छुआ,SEXUAL_VIOLENCE_HARASSMENT,hi,conversational_augmented
not sure what happened exactly unclear memory send help immediately.,UNCERTAINTY_UNCLEAR_INFO,hinglish,conversational_augmented
Please hear me... I am isolated in this house with zero support,ISOLATION_NO_SUPPORT,en,conversational_augmented
arre... confused state me hu exact time nahi pata send help immediately.,UNCERTAINTY_UNCLEAR_INFO,hinglish,conversational_augmented
hello... casteist slurs use karke publically insult kiya please madad karo.,DISCRIMINATION_CASTE_VULNERABILITY,hinglish,conversational_augmented
मैडम... बहुत उलझन में हूं सही जानकारी नहीं दे पा रही,UNCERTAINTY_UNCLEAR_INFO,hi,conversational_augmented
Please listen... requesting legal aid assistance for filing case I don't know what to do.,REQUEST_COUNSELLING_LEGAL_MEDICAL,en,conversational_augmented
सुरक्षा दीजिए हमें पुलिस की सख्त जरूरत है मैं सच कह रहा हूं।,REQUEST_POLICE_EMERGENCY_HELP,hi,conversational_augmented
community elders are pressurizing us to withdraw the complaint,SOCIAL_COMMUNITY_PRESSURE,en,direct_seed
Ma'am... he sent non-consensual explicit photos please send police now.,SEXUAL_VIOLENCE_HARASSMENT,en,conversational_augmented
खून करने की खुली धमकी दे रहा है क्या आप सुन रहे हैं?,THREAT_INTIMIDATION,hi,conversational_augmented
हेल्प कीजिए... वो कह रहा है कि बाहर निकलते ही हमला करेगा,THREAT_INTIMIDATION,hi,conversational_augmented
hello... abhi safe location par pahuch gaya hu jaldi kuch kijiye.,CURRENT_SAFETY_REASSURANCE,hinglish,conversational_augmented
patient is unconscious please dispatch medical team mujhe samajh nahi aa raha kya karu.,MEDICAL_EMERGENCY,hinglish,conversational_augmented
sir... he threatened me but I am safe now,CURRENT_SAFETY_REASSURANCE,hinglish,conversational_augmented
stalking me continuously for past two weeks jaldi kuch kijiye.,STALKING_FOLLOWING,hinglish,conversational_augmented
he threatened me but I am safe now प्लीज कुछ कीजिए।,CURRENT_SAFETY_REASSURANCE,hi,conversational_augmented
सर... गंदी हरकतें और अश्लील इशारे कर रहा है,SEXUAL_VIOLENCE_HARASSMENT,hi,conversational_augmented
मैं बहुत परेशान हूं... हाथ पैर कांप रहे हैं घबराहट से क्या आप सुन रहे हैं?,FEAR_DISTRESS_PANIC,hi,conversational_augmented
मैं बहुत परेशान हूं... डर के मारे कमरे में छिपी हूं,FEAR_DISTRESS_PANIC,hi,conversational_augmented
मैडम... पुलिस आ गई है अब स्थिति नियंत्रण में है,CURRENT_SAFETY_REASSURANCE,hi,conversational_augmented
peecha karke darwaaze tak aa gaya,STALKING_FOLLOWING,hinglish,conversational_augmented
कृपया ध्यान दीजिए... काउंसलर से बात करा दीजिए मानसिक तनाव के लिए,REQUEST_COUNSELLING_LEGAL_MEDICAL,hi,conversational_augmented
I need urgent help... she did not threaten anyone please do something quickly.,NEUTRAL_NO_INDICATOR,en,conversational_augmented
Help me... there is no hope left for me I want to die,SELF_HARM_CONCERN,en,conversational_augmented
पहले लगा कि सब ठीक है लेकिन अचानक फिर झगड़ा शुरू हो गया,CONTRADICTORY_CHANGING_SITUATION,hi,direct_seed
arre... coercing me into doing things against my consent,COERCION_BLACKMAIL,hinglish,conversational_augmented
sir... landlord threw all luggage out on the street kya aap sun rahe ho?,NO_SAFE_PLACE_HOMELESSNESS,hinglish,conversational_augmented
please... darr ki koi baat nahi hai normal hu,NEUTRAL_NO_INDICATOR,hinglish,conversational_augmented
please... kripya apna address aur grievance details share karein,NEUTRAL_NO_INDICATOR,hinglish,conversational_augmented
help kijiye... ek ladka roz mera peecha karta hai office se ghar jaldi kuch kijiye.,STALKING_FOLLOWING,hinglish,conversational_augmented
मैडम... घर से निकाल दिया गया है सड़क पर बैठी हूं क्या आप सुन रहे हैं?,NO_SAFE_PLACE_HOMELESSNESS,hi,conversational_augmented
Please hear me... a group of village leaders is threatening our household,SOCIAL_COMMUNITY_PRESSURE,en,conversational_augmented
husband roz daaru peeke marpeet karta hai,DOMESTIC_FAMILY_VIOLENCE,hinglish,direct_seed
listen... husband locked me in the room without food mujhe samajh nahi aa raha kya karu.,DOMESTIC_FAMILY_VIOLENCE,hinglish,conversational_augmented
dhamki de raha hai ghar jala dunga,THREAT_INTIMIDATION,hinglish,direct_seed
listen... peecha karke darwaaze tak aa gaya jaldi kuch kijiye.,STALKING_FOLLOWING,hinglish,conversational_augmented
पहले लगा कि सब ठीक है लेकिन अचानक फिर झगड़ा शुरू हो गया,CONTRADICTORY_CHANGING_SITUATION,hi,conversational_augmented
नमस्ते... छाती में तेज दर्द है और बहुत ज्यादा खून बह रहा है मैं सच कह रहा हूं।,MEDICAL_EMERGENCY,hi,conversational_augmented
mai bohot pareshan hu... forced himself on me without consent please madad karo.,SEXUAL_VIOLENCE_HARASSMENT,hinglish,conversational_augmented
suniye... dispatch 112 emergency police unit right now mai sach bol raha hu.,REQUEST_POLICE_EMERGENCY_HELP,hinglish,conversational_augmented
मेरी बात सुनिए... वो हथियार लेकर बाहर खड़ा है प्लीज कुछ कीजिए।,IMMEDIATE_PHYSICAL_DANGER,hi,conversational_augmented
हेल्प कीजिए... ब्लैकमेल करके लगातार दबाव बना रहा है प्लीज कुछ कीजिए।,COERCION_BLACKMAIL,hi,conversational_augmented
Sir... he threatened to leak sensitive personal videos online please send police now.,COERCION_BLACKMAIL,en,conversational_augmented
a man threatened me with a knife,THREAT_INTIMIDATION,en,conversational_augmented
Please listen... the person fluctuates unpredictably between calm and rage,CONTRADICTORY_CHANGING_SITUATION,en,conversational_augmented
he tried to force himself onto me,SEXUAL_VIOLENCE_HARASSMENT,en,conversational_augmented
मैं अपने आप को नुकसान पहुंचा लूंगी मुझे समझ नहीं आ रहा क्या करूं।,SELF_HARM_CONCERN,hi,conversational_augmented
हेल्प कीजिए... मोहल्ले के लोग मिलकर धमकी दे रहे हैं तुरंत मदद चाहिए।,SOCIAL_COMMUNITY_PRESSURE,hi,conversational_augmented
Hello... my family members are physically abusing me I am telling the truth.,DOMESTIC_FAMILY_VIOLENCE,en,conversational_augmented
hello... ek ladka roz mera peecha karta hai office se ghar send help immediately.,STALKING_FOLLOWING,hinglish,conversational_augmented
I am uncertain and confused about what transpired,UNCERTAINTY_UNCLEAR_INFO,en,direct_seed
please send police immediately to my location please madad karo.,REQUEST_POLICE_EMERGENCY_HELP,hinglish,conversational_augmented
हेल्प कीजिए... सास और ससुर घर में बंद करके मारते हैं मैं सच कह रहा हूं।,DOMESTIC_FAMILY_VIOLENCE,hi,conversational_augmented
मैडम... ऑपरेटर: कृपया अपना नाम और फोन नंबर दर्ज कराएं जल्दी पुलिस भेजिए।,NEUTRAL_NO_INDICATOR,hi,conversational_augmented
Ma'am... we were denied access to the public well due to our caste are you listening?,DISCRIMINATION_CASTE_VULNERABILITY,en,conversational_augmented
अकेले कमरे में बंद हूं कोई रिश्तेदार नहीं है,ISOLATION_NO_SUPPORT,hi,direct_seed
Officer... I feel like committing suicide please send police now.,SELF_HARM_CONCERN,en,conversational_augmented
landlord threw all luggage out on the street please madad karo.,NO_SAFE_PLACE_HOMELESSNESS,hinglish,conversational_augmented
मैडम... मेट्रो स्टेशन से घर तक फॉलो कर रहा है मुझे समझ नहीं आ रहा क्या करूं।,STALKING_FOLLOWING,hi,conversational_augmented
he touched me inappropriately against my will I don't know what to do.,SEXUAL_VIOLENCE_HARASSMENT,en,conversational_augmented
please dispatch police to my location immediately,REQUEST_POLICE_EMERGENCY_HELP,en,conversational_augmented
सुनिए... रात में सड़क पर खड़ी हूं कोई सुरक्षित जगह नहीं है,NO_SAFE_PLACE_HOMELESSNESS,hi,conversational_augmented
Please listen... I feel completely helpless and scared,FEAR_DISTRESS_PANIC,en,conversational_augmented
सर... बुजुर्ग माता-पिता हैं जो चलने में असमर्थ हैं तुरंत मदद चाहिए।,CHILD_ELDERLY_DISABILITY_VULNERABILITY,hi,conversational_augmented
please... minor child ki safety at high risk right now,CHILD_ELDERLY_DISABILITY_VULNERABILITY,hinglish,conversational_augmented
my husband beats me violently every day please help immediately.,DOMESTIC_FAMILY_VIOLENCE,en,conversational_augmented
अरे... जातिसूचक गालियां देकर अपमानित किया गया मुझे समझ नहीं आ रहा क्या करूं।,DISCRIMINATION_CASTE_VULNERABILITY,hi,conversational_augmented
arre... mere sath discrimination ho raha hai office me send help immediately.,DISCRIMINATION_CASTE_VULNERABILITY,hinglish,conversational_augmented
नमस्ते... दिव्यांग व्यक्ति पर हमला किया गया है मुझे समझ नहीं आ रहा क्या करूं।,CHILD_ELDERLY_DISABILITY_VULNERABILITY,hi,conversational_augmented
he threatened me but I am safe now please do something quickly.,CURRENT_SAFETY_REASSURANCE,en,conversational_augmented
help kijiye... patient is unconscious please dispatch medical team kya aap sun rahe ho?,MEDICAL_EMERGENCY,hinglish,conversational_augmented
abhi safe location par pahuch gaya hu kya aap sun rahe ho?,CURRENT_SAFETY_REASSURANCE,hinglish,conversational_augmented
कोई कई दिनों से मेरा पीछा कर रहा है,STALKING_FOLLOWING,hi,conversational_augmented
ghabrahat se saans phool rahi hai,FEAR_DISTRESS_PANIC,hinglish,direct_seed
I feel completely helpless and scared please help immediately.,FEAR_DISTRESS_PANIC,en,conversational_augmented
he has broken the latch of the gate please madad karo.,IMMEDIATE_PHYSICAL_DANGER,hinglish,conversational_augmented
मेरी बात सुनिए... लीगल एड और कोर्ट प्रक्रिया की जानकारी चाहिए मुझे समझ नहीं आ रहा क्या करूं।,REQUEST_COUNSELLING_LEGAL_MEDICAL,hi,conversational_augmented
bohot dar lag raha hai please help,FEAR_DISTRESS_PANIC,hinglish,conversational_augmented
दहेज न लाने पर घर से निकालने की धमकी दी जल्दी पुलिस भेजिए।,DOMESTIC_FAMILY_VIOLENCE,hi,conversational_augmented
Please hear me... the person fluctuates unpredictably between calm and rage,CONTRADICTORY_CHANGING_SITUATION,en,conversational_augmented
Help me... I am stranded and all alone in this situation I am telling the truth.,ISOLATION_NO_SUPPORT,en,conversational_augmented
mai bohot pareshan hu... abhi safe location par pahuch gaya hu please madad karo.,CURRENT_SAFETY_REASSURANCE,hinglish,conversational_augmented
Sir... my husband beats me violently every day I am telling the truth.,DOMESTIC_FAMILY_VIOLENCE,en,conversational_augmented
neech jaati bolkar insult aur discriminate kar rahe,DISCRIMINATION_CASTE_VULNERABILITY,hinglish,direct_seed
hello... mob bahar khadi hai attack karne ke liye,IMMEDIATE_PHYSICAL_DANGER,hinglish,conversational_augmented
madam... mere sath discrimination ho raha hai office me,DISCRIMINATION_CASTE_VULNERABILITY,hinglish,conversational_augmented
sir... sasural me roz torture kiya ja raha hai kya aap sun rahe ho?,DOMESTIC_FAMILY_VIOLENCE,hinglish,conversational_augmented
पहले लगा कि सब ठीक है लेकिन अचानक फिर झगड़ा शुरू हो गया मुझे समझ नहीं आ रहा क्या करूं।,CONTRADICTORY_CHANGING_SITUATION,hi,conversational_augmented
मैडम... ससुराल वाले दहेज के लिए प्रताड़ित कर रहे हैं तुरंत मदद चाहिए।,DOMESTIC_FAMILY_VIOLENCE,hi,conversational_augmented
सिर पर गहरी चोट है और उल्टियां हो रही हैं,MEDICAL_EMERGENCY,hi,conversational_augmented
Officer... he is trying to climb through the window,IMMEDIATE_PHYSICAL_DANGER,en,conversational_augmented
heavy bleeding ho rahi hai ambulance chahiye turant,MEDICAL_EMERGENCY,hinglish,direct_seed
Please listen... he is blackmailing me with private photographs are you listening?,COERCION_BLACKMAIL,en,conversational_augmented
have no family or friends to support me here please madad karo.,ISOLATION_NO_SUPPORT,hinglish,conversational_augmented
please... darr ke maare haath kaanp rahe hain mai sach bol raha hu.,FEAR_DISTRESS_PANIC,hinglish,conversational_augmented
मेरी बात सुनिए... बहुत उलझन में हूं सही जानकारी नहीं दे पा रही,UNCERTAINTY_UNCLEAR_INFO,hi,conversational_augmented
suniye... mujhe exact location yaad nahi aa rahi confuse hu mai sach bol raha hu.,UNCERTAINTY_UNCLEAR_INFO,hinglish,conversational_augmented
mai bohot pareshan hu... need immediate pulis intervention and escort mujhe samajh nahi aa raha kya karu.,REQUEST_POLICE_EMERGENCY_HELP,hinglish,conversational_augmented
roz ghar ke bahar khada rehta hai bike leke,STALKING_FOLLOWING,hinglish,conversational_augmented
Help me... I cannot clearly recall the exact details or location,UNCERTAINTY_UNCLEAR_INFO,en,conversational_augmented
वो मुझे ब्लैकमेल कर रहा है पैसों के लिए,COERCION_BLACKMAIL,hi,conversational_augmented
help kijiye... no safe place to sleep tonight stranded on footpath,NO_SAFE_PLACE_HOMELESSNESS,hinglish,conversational_augmented
धमका कर पैसे मांग रहा है,THREAT_INTIMIDATION,hi,conversational_augmented
Please hear me... unstable and fluctuating circumstances right now I am telling the truth.,CONTRADICTORY_CHANGING_SITUATION,en,conversational_augmented
मैं पुलिस स्टेशन पहुंच चुका हूं और सेफ हूं,CURRENT_SAFETY_REASSURANCE,hi,conversational_augmented
hello... koi madad karne wala nahi hai bilkul akeli hu mujhe samajh nahi aa raha kya karu.,ISOLATION_NO_SUPPORT,hinglish,conversational_augmented
mai bohot pareshan hu... minor child ki safety at high risk right now jaldi kuch kijiye.,CHILD_ELDERLY_DISABILITY_VULNERABILITY,hinglish,conversational_augmented
सर... पति रोज शराब पीकर मारपीट करता है क्या आप सुन रहे हैं?,DOMESTIC_FAMILY_VIOLENCE,hi,conversational_augmented
मेरी बात सुनिए... मैं यहां बिल्कुल अकेली हूं कोई मदद करने वाला नहीं,ISOLATION_NO_SUPPORT,hi,conversational_augmented
he threatened severe physical consequences please send police now.,THREAT_INTIMIDATION,en,conversational_augmented
प्लीज... उसने मेरा गला दबाने की कोशिश की मैं सच कह रहा हूं।,PHYSICAL_VIOLENCE_INJURY,hi,conversational_augmented
"Help me... the PCR unit is here with me, I am protected I am telling the truth.",CURRENT_SAFETY_REASSURANCE,en,conversational_augmented
Sir... facing continuous discrimination and harassment based on my caste,DISCRIMINATION_CASTE_VULNERABILITY,en,conversational_augmented
body pe bohot injuries hain marpeet hui hai,PHYSICAL_VIOLENCE_INJURY,hinglish,direct_seed
मेरी बात सुनिए... किराए के कमरे से जबरन सामान फेंक कर निकाल दिया,NO_SAFE_PLACE_HOMELESSNESS,hi,conversational_augmented
I cannot calm down because of fear,FEAR_DISTRESS_PANIC,en,direct_seed
I was sexually harassed on my way home please send police now.,SEXUAL_VIOLENCE_HARASSMENT,en,conversational_augmented
बुजुर्ग माता-पिता हैं जो चलने में असमर्थ हैं प्लीज कुछ कीजिए।,CHILD_ELDERLY_DISABILITY_VULNERABILITY,hi,conversational_augmented
मैडम... मैं अब और जीना नहीं चाहती क्या आप सुन रहे हैं?,SELF_HARM_CONCERN,hi,conversational_augmented
Help me... the information is hazy and I cannot be sure,UNCERTAINTY_UNCLEAR_INFO,en,conversational_augmented
he is attacking the security gate right now,IMMEDIATE_PHYSICAL_DANGER,en,direct_seed
I need urgent help... he grabbed me forcefully and made sexual remarks I don't know what to do.,SEXUAL_VIOLENCE_HARASSMENT,en,conversational_augmented
हम केवल समय और तारीख की जानकारी के लिए कॉल किए हैं तुरंत मदद चाहिए।,NEUTRAL_NO_INDICATOR,hi,conversational_augmented
Sir... he threatened me but I am safe now,CURRENT_SAFETY_REASSURANCE,en,conversational_augmented
I need urgent help... someone threatened me,THREAT_INTIMIDATION,en,conversational_augmented
सर... रहने का कोई ठिकाना नहीं है बेघर हो गई हूं,NO_SAFE_PLACE_HOMELESSNESS,hi,conversational_augmented
Officer... I am being extorted and coerced under threat of defamation,COERCION_BLACKMAIL,en,conversational_augmented
he threatened me but I am safe now,CURRENT_SAFETY_REASSURANCE,hinglish,direct_seed
सुरक्षा दीजिए हमें पुलिस की सख्त जरूरत है,REQUEST_POLICE_EMERGENCY_HELP,hi,direct_seed
I need urgent help... they subject us to discrimination and untouchability practices,DISCRIMINATION_CASTE_VULNERABILITY,en,conversational_augmented
listen... peecha karke darwaaze tak aa gaya kya aap sun rahe ho?,STALKING_FOLLOWING,hinglish,conversational_augmented
I need urgent help... the information is hazy and I cannot be sure I am telling the truth.,UNCERTAINTY_UNCLEAR_INFO,en,conversational_augmented
arre... pcr van bhejo jaldi address par please madad karo.,REQUEST_POLICE_EMERGENCY_HELP,hinglish,conversational_augmented
they subject us to discrimination and untouchability practices please do something quickly.,DISCRIMINATION_CASTE_VULNERABILITY,en,conversational_augmented
Sir... please dispatch police to my location immediately I am telling the truth.,REQUEST_POLICE_EMERGENCY_HELP,en,conversational_augmented
"I need an ambulance immediately, severe bleeding",MEDICAL_EMERGENCY,en,direct_seed
I am scared because he is outside my house jaldi kuch kijiye.,IMMEDIATE_PHYSICAL_DANGER,hinglish,conversational_augmented
Sir... the victim is a differently-abled person unable to run please do something quickly.,CHILD_ELDERLY_DISABILITY_VULNERABILITY,en,conversational_augmented
सर... कभी वो शांत हो जाता है कभी अचानक हमला कर देता है तुरंत मदद चाहिए।,CONTRADICTORY_CHANGING_SITUATION,hi,conversational_augmented
apne aap ko hurt karne ka man kar raha hai mujhe samajh nahi aa raha kya karu.,SELF_HARM_CONCERN,hinglish,conversational_augmented
apni jaan le lungi agar aisa hi chalta raha mai sach bol raha hu.,SELF_HARM_CONCERN,hinglish,conversational_augmented
he sent non-consensual explicit photos are you listening?,SEXUAL_VIOLENCE_HARASSMENT,en,conversational_augmented
प्लीज... अश्लील बातें और फोटो भेज रहा है जल्दी पुलिस भेजिए।,SEXUAL_VIOLENCE_HARASSMENT,hi,conversational_augmented
mai bohot pareshan hu... minor child ki safety at high risk right now kya aap sun rahe ho?,CHILD_ELDERLY_DISABILITY_VULNERABILITY,hinglish,conversational_augmented
दरवाजा तोड़ने की कोशिश कर रहा है कोई,IMMEDIATE_PHYSICAL_DANGER,hi,direct_seed
I cannot continue living like this are you listening?,SELF_HARM_CONCERN,en,conversational_augmented
मैं बहुत परेशान हूं... सामूहिक रूप से हम पर दबाव बनाया जा रहा है,SOCIAL_COMMUNITY_PRESSURE,hi,conversational_augmented
hello... wo log mere sath bhed bhav aur chhuachhoot kar rahe hain jaldi kuch kijiye.,DISCRIMINATION_CASTE_VULNERABILITY,hinglish,conversational_augmented
Please listen... I feel like committing suicide I don't know what to do.,SELF_HARM_CONCERN,en,conversational_augmented
khatre me hu please send police right now,IMMEDIATE_PHYSICAL_DANGER,hinglish,direct_seed
हेल्प कीजिए... किराए के कमरे से जबरन सामान फेंक कर निकाल दिया,NO_SAFE_PLACE_HOMELESSNESS,hi,conversational_augmented
Officer... he attacked me with a blade and cut my arm please do something quickly.,PHYSICAL_VIOLENCE_INJURY,en,conversational_augmented
Please hear me... initially it seemed resolved but suddenly violence flared up again please do something quickly.,CONTRADICTORY_CHANGING_SITUATION,en,conversational_augmented
he hit me violently on my face please madad karo.,PHYSICAL_VIOLENCE_INJURY,hinglish,conversational_augmented
Officer... he tried to force himself onto me,SEXUAL_VIOLENCE_HARASSMENT,en,conversational_augmented
I am isolated in this house with zero support please send police now.,ISOLATION_NO_SUPPORT,en,conversational_augmented
he waits outside my workplace every evening watching me,STALKING_FOLLOWING,en,conversational_augmented
मैडम... घर से निकाल दिया गया है सड़क पर बैठी हूं तुरंत मदद चाहिए।,NO_SAFE_PLACE_HOMELESSNESS,hi,conversational_augmented
प्लीज... रहने का कोई ठिकाना नहीं है बेघर हो गई हूं,NO_SAFE_PLACE_HOMELESSNESS,hi,conversational_augmented
Excuse me... he tried to strangle my neck please send police now.,PHYSICAL_VIOLENCE_INJURY,en,conversational_augmented
Officer... I don't know the exact landmark around me please help immediately.,UNCERTAINTY_UNCLEAR_INFO,en,conversational_augmented
हर जगह मेरा पीछा करके वीडियो बनाता है मैं सच कह रहा हूं।,STALKING_FOLLOWING,hi,conversational_augmented
कृपया ध्यान दीजिए... रो-रो कर बुरा हाल है बहुत डर है प्लीज कुछ कीजिए।,FEAR_DISTRESS_PANIC,hi,conversational_augmented
कृपया ध्यान दीजिए... मजबूर कर रहा है गैरकानूनी काम करने के लिए,COERCION_BLACKMAIL,hi,conversational_augmented
प्लीज... अपनी जान दे दूंगी मैं जल्दी पुलिस भेजिए।,SELF_HARM_CONCERN,hi,conversational_augmented
Excuse me... he attacked me with a blade and cut my arm please send police now.,PHYSICAL_VIOLENCE_INJURY,en,conversational_augmented
he physically assaulted me and I am injured please do something quickly.,PHYSICAL_VIOLENCE_INJURY,en,conversational_augmented
sir... bachhe dar ke maare ro rahe hain,FEAR_DISTRESS_PANIC,hinglish,conversational_augmented
Sir... he attempted to sexually assault me are you listening?,SEXUAL_VIOLENCE_HARASSMENT,en,conversational_augmented
मैं बहुत परेशान हूं... पहले लगा कि सब ठीक है लेकिन अचानक फिर झगड़ा शुरू हो गया तुरंत मदद चाहिए।,CONTRADICTORY_CHANGING_SITUATION,hi,conversational_augmented
I am stranded on the roadside with nowhere to sleep,NO_SAFE_PLACE_HOMELESSNESS,en,conversational_augmented
bohot pareshan hu dar lag raha hai send help immediately.,FEAR_DISTRESS_PANIC,hinglish,conversational_augmented
सुनिए... पारिवारिक प्रताड़ना असहनीय हो गई है मैं सच कह रहा हूं।,DOMESTIC_FAMILY_VIOLENCE,hi,conversational_augmented
sir... chest pain aur breathing difficulty ho rahi hai mai sach bol raha hu.,MEDICAL_EMERGENCY,hinglish,conversational_augmented
Help me... the situation is volatile and constantly shifting please do something quickly.,CONTRADICTORY_CHANGING_SITUATION,en,conversational_augmented
suniye... usne private photos leak karne ki blackmailing shuru kar di,COERCION_BLACKMAIL,hinglish,conversational_augmented
sir... dhamki deke gaya hai abhi thodi der pehle jaldi kuch kijiye.,THREAT_INTIMIDATION,hinglish,conversational_augmented
I need legal guidance and lawyer consultation please do something quickly.,REQUEST_COUNSELLING_LEGAL_MEDICAL,en,conversational_augmented
जातिसूचक गालियां देकर अपमानित किया गया,DISCRIMINATION_CASTE_VULNERABILITY,hi,conversational_augmented
Sir... someone is stalking and following me every day please send police now.,STALKING_FOLLOWING,en,conversational_augmented
sir... woh chala gaya hai ab koi danger nahi hai kya aap sun rahe ho?,CURRENT_SAFETY_REASSURANCE,hinglish,conversational_augmented
community elders are pressurizing us to withdraw the complaint are you listening?,SOCIAL_COMMUNITY_PRESSURE,en,conversational_augmented
madam... completely isolated and stranded without contacts jaldi kuch kijiye.,ISOLATION_NO_SUPPORT,hinglish,conversational_augmented
सुनिए... तुरंत पुलिस भेजिए यहां बहुत जरूरी है तुरंत मदद चाहिए।,REQUEST_POLICE_EMERGENCY_HELP,hi,conversational_augmented
नमस्ते... जीने की कोई वजह नहीं बची है,SELF_HARM_CONCERN,hi,conversational_augmented
hello... bahut ghabrahat ho rahi hai panic ho raha hai send help immediately.,FEAR_DISTRESS_PANIC,hinglish,conversational_augmented
severe blood loss and head injury need emergency care,MEDICAL_EMERGENCY,hinglish,conversational_augmented
नमस्ते... हमला करने आ रहा है अभी,IMMEDIATE_PHYSICAL_DANGER,hi,conversational_augmented
I am dreading what might happen next,FEAR_DISTRESS_PANIC,en,conversational_augmented
मैं बहुत परेशान हूं... ब्लैकमेल करके लगातार दबाव बना रहा है मुझे समझ नहीं आ रहा क्या करूं।,COERCION_BLACKMAIL,hi,conversational_augmented
help kijiye... mohalla wale milkar harrass kar rahe hain mai sach bol raha hu.,SOCIAL_COMMUNITY_PRESSURE,hinglish,conversational_augmented
Help me... my family members are physically abusing me,DOMESTIC_FAMILY_VIOLENCE,en,conversational_augmented
please... ghar me elderly parents hain jo bedridden hain,CHILD_ELDERLY_DISABILITY_VULNERABILITY,hinglish,conversational_augmented
Ma'am... he shoved me down the stairs violently I am telling the truth.,PHYSICAL_VIOLENCE_INJURY,en,conversational_augmented
Officer... I am trapped in an abusive marriage with constant violence please help immediately.,DOMESTIC_FAMILY_VIOLENCE,en,conversational_augmented
अरे... मैं अब और जीना नहीं चाहती,SELF_HARM_CONCERN,hi,conversational_augmented
no physical violence or threats occurred,NEUTRAL_NO_INDICATOR,en,conversational_augmented
roz ghar ke bahar khada rehta hai bike leke,STALKING_FOLLOWING,hinglish,conversational_augmented
suniye... community pressure banaya ja raha hai case wapas lene jaldi kuch kijiye.,SOCIAL_COMMUNITY_PRESSURE,hinglish,conversational_augmented
Please listen... I have no safe shelter or roof over my head tonight please help immediately.,NO_SAFE_PLACE_HOMELESSNESS,en,conversational_augmented
sir... blackmail kar raha hai ki social media par daal dega kya aap sun rahe ho?,COERCION_BLACKMAIL,hinglish,conversational_augmented
सुनिए... स्थिति हर पल बदल रही है कुछ समझ नहीं आ रहा प्लीज कुछ कीजिए।,CONTRADICTORY_CHANGING_SITUATION,hi,conversational_augmented
Please hear me... my in-laws are torturing me over dowry demands please help immediately.,DOMESTIC_FAMILY_VIOLENCE,en,conversational_augmented
just calling to inquire about the government scheme timings,NEUTRAL_NO_INDICATOR,hinglish,direct_seed
मैं सिर्फ योजना के बारे में जानकारी लेना चाहता हूं,NEUTRAL_NO_INDICATOR,hi,conversational_augmented
listen... unpredictable behaviour hai situation continuously changing mai sach bol raha hu.,CONTRADICTORY_CHANGING_SITUATION,hinglish,conversational_augmented
he is standing outside my door holding a weapon,IMMEDIATE_PHYSICAL_DANGER,en,direct_seed
मैडम... यह एक जागरूकता कार्यक्रम का नाटक था मुझे समझ नहीं आ रहा क्या करूं।,NEUTRAL_NO_INDICATOR,hi,conversational_augmented
अरे... समाज में बदनाम करने की साजिश हो रही है क्या आप सुन रहे हैं?,SOCIAL_COMMUNITY_PRESSURE,hi,conversational_augmented
सुनिए... जीने की कोई वजह नहीं बची है मैं सच कह रहा हूं।,SELF_HARM_CONCERN,hi,conversational_augmented
madam... tracking my daily movements and clicking photos please madad karo.,STALKING_FOLLOWING,hinglish,conversational_augmented
Officer... I was sexually harassed on my way home,SEXUAL_VIOLENCE_HARASSMENT,en,conversational_augmented
suniye... physically attacked me and beat me with stick,PHYSICAL_VIOLENCE_INJURY,hinglish,conversational_augmented
urgent hai... mohalla wale milkar harrass kar rahe hain mai sach bol raha hu.,SOCIAL_COMMUNITY_PRESSURE,hinglish,conversational_augmented
sexual harassment ho raha hai office mein mai sach bol raha hu.,SEXUAL_VIOLENCE_HARASSMENT,hinglish,conversational_augmented
Help me... experiencing severe chest pain and medical collapse I don't know what to do.,MEDICAL_EMERGENCY,en,conversational_augmented
ससुराल वाले दहेज के लिए प्रताड़ित कर रहे हैं,DOMESTIC_FAMILY_VIOLENCE,hi,conversational_augmented
प्लीज... अकेले कमरे में बंद हूं कोई रिश्तेदार नहीं है प्लीज कुछ कीजिए।,ISOLATION_NO_SUPPORT,hi,conversational_augmented
help kijiye... ek ladka roz mera peecha karta hai office se ghar mai sach bol raha hu.,STALKING_FOLLOWING,hinglish,conversational_augmented
अरे... जीने की कोई वजह नहीं बची है जल्दी पुलिस भेजिए।,SELF_HARM_CONCERN,hi,conversational_augmented
अरे... लीगल एड और कोर्ट प्रक्रिया की जानकारी चाहिए,REQUEST_COUNSELLING_LEGAL_MEDICAL,hi,conversational_augmented
कृपया ध्यान दीजिए... मैं यहां बिल्कुल अकेली हूं कोई मदद करने वाला नहीं क्या आप सुन रहे हैं?,ISOLATION_NO_SUPPORT,hi,conversational_augmented
Officer... he is trying to climb through the window please send police now.,IMMEDIATE_PHYSICAL_DANGER,en,conversational_augmented
listen... confused state me hu exact time nahi pata,UNCERTAINTY_UNCLEAR_INFO,hinglish,conversational_augmented
Excuse me... we were discussing a scene from a thriller movie are you listening?,NEUTRAL_NO_INDICATOR,en,conversational_augmented
please... feeling terrified and helpless,FEAR_DISTRESS_PANIC,hinglish,conversational_augmented
madam... heavy bleeding ho rahi hai ambulance chahiye turant mujhe samajh nahi aa raha kya karu.,MEDICAL_EMERGENCY,hinglish,conversational_augmented
madam... he has broken the latch of the gate mai sach bol raha hu.,IMMEDIATE_PHYSICAL_DANGER,hinglish,conversational_augmented
Ma'am... I cannot clearly recall the exact details or location,UNCERTAINTY_UNCLEAR_INFO,en,conversational_augmented
मेरी बात सुनिए... सब कुछ खत्म कर लेना चाहता हूं,SELF_HARM_CONCERN,hi,conversational_augmented
मैं बहुत परेशान हूं... मुझे ठीक से याद नहीं आ रहा क्या हुआ था जल्दी पुलिस भेजिए।,UNCERTAINTY_UNCLEAR_INFO,hi,conversational_augmented
बहुत उलझन में हूं सही जानकारी नहीं दे पा रही प्लीज कुछ कीजिए।,UNCERTAINTY_UNCLEAR_INFO,hi,conversational_augmented
नमस्ते... अपनी जान दे दूंगी मैं मैं सच कह रहा हूं।,SELF_HARM_CONCERN,hi,conversational_augmented
I feel like committing suicide I am telling the truth.,SELF_HARM_CONCERN,en,conversational_augmented
listen... not sure what happened exactly unclear memory,UNCERTAINTY_UNCLEAR_INFO,hinglish,conversational_augmented
I need urgent help... my hands are trembling with fear,FEAR_DISTRESS_PANIC,en,conversational_augmented
Help me... I have multiple bruises and cuts on my body I don't know what to do.,PHYSICAL_VIOLENCE_INJURY,en,conversational_augmented
he waits outside my workplace every evening watching me I am telling the truth.,STALKING_FOLLOWING,en,conversational_augmented
Officer... the local panchayat has ordered a complete social boycott,SOCIAL_COMMUNITY_PRESSURE,en,conversational_augmented
सर... हर जगह मेरा पीछा करके वीडियो बनाता है,STALKING_FOLLOWING,hi,conversational_augmented
he did not threaten me,NEUTRAL_NO_INDICATOR,hinglish,direct_seed
suniye... coercing me into doing things against my consent,COERCION_BLACKMAIL,hinglish,conversational_augmented
I am uncertain and confused about what transpired please help immediately.,UNCERTAINTY_UNCLEAR_INFO,en,conversational_augmented
please... darwaza todne ki koshish kar raha hai jaldi kuch kijiye.,IMMEDIATE_PHYSICAL_DANGER,hinglish,conversational_augmented
हेल्प कीजिए... फांसी लगाने की सोच रही हूं,SELF_HARM_CONCERN,hi,conversational_augmented
mai bohot pareshan hu... no safe place to sleep tonight stranded on footpath mujhe samajh nahi aa raha kya karu.,NO_SAFE_PLACE_HOMELESSNESS,hinglish,conversational_augmented
बुजुर्ग माता-पिता हैं जो चलने में असमर्थ हैं क्या आप सुन रहे हैं?,CHILD_ELDERLY_DISABILITY_VULNERABILITY,hi,conversational_augmented
arre... mujhe exact location yaad nahi aa rahi confuse hu jaldi kuch kijiye.,UNCERTAINTY_UNCLEAR_INFO,hinglish,conversational_augmented
arre... pata nahi kahan hu landmark nahi dikh raha jaldi kuch kijiye.,UNCERTAINTY_UNCLEAR_INFO,hinglish,conversational_augmented
urgent hai... unhone mere saath bhedbhav kiya jaati ke aadhar par send help immediately.,DISCRIMINATION_CASTE_VULNERABILITY,hinglish,conversational_augmented
I would like to speak to a psychological counselor I don't know what to do.,REQUEST_COUNSELLING_LEGAL_MEDICAL,en,conversational_augmented
Ma'am... he keeps watching my house and tracking my schedule please help immediately.,STALKING_FOLLOWING,en,conversational_augmented
physically attacked me and beat me with stick,PHYSICAL_VIOLENCE_INJURY,hinglish,conversational_augmented
Hello... unstable and fluctuating circumstances right now are you listening?,CONTRADICTORY_CHANGING_SITUATION,en,conversational_augmented
blakmail karke mental torture de raha hai mujhe samajh nahi aa raha kya karu.,COERCION_BLACKMAIL,hinglish,conversational_augmented
he said he will finish me off please help immediately.,THREAT_INTIMIDATION,en,conversational_augmented
अरे... मैं बहुत डरी हुई हूं मैं सच कह रहा हूं।,FEAR_DISTRESS_PANIC,hi,conversational_augmented
help kijiye... koi sath nahi de raha sabne contact tod diya send help immediately.,ISOLATION_NO_SUPPORT,hinglish,conversational_augmented
सुनिए... बहुत उलझन में हूं सही जानकारी नहीं दे पा रही,UNCERTAINTY_UNCLEAR_INFO,hi,conversational_augmented
help kijiye... andar aane ki koshish kar raha hai jaldi aao,IMMEDIATE_PHYSICAL_DANGER,hinglish,conversational_augmented
mai bohot pareshan hu... someone threatened me please madad karo.,THREAT_INTIMIDATION,hinglish,conversational_augmented
Please listen... he threatened retaliation if I report to police I am telling the truth.,THREAT_INTIMIDATION,en,conversational_augmented
I don't know the exact landmark around me are you listening?,UNCERTAINTY_UNCLEAR_INFO,en,conversational_augmented
husband roz daaru peeke marpeet karta hai mujhe samajh nahi aa raha kya karu.,DOMESTIC_FAMILY_VIOLENCE,hinglish,conversational_augmented
प्लीज... विरोधाभासी बातें हो रही हैं यहां माहौल अस्थिर है,CONTRADICTORY_CHANGING_SITUATION,hi,conversational_augmented
Excuse me... he is blackmailing me with private photographs are you listening?,COERCION_BLACKMAIL,en,conversational_augmented
Ma'am... we are facing intense community ostracization and pressure please do something quickly.,SOCIAL_COMMUNITY_PRESSURE,en,conversational_augmented
खिड़की से घुसने की कोशिश कर रहा है,IMMEDIATE_PHYSICAL_DANGER,hi,conversational_augmented
Officer... he tried to strangle my neck please send police now.,PHYSICAL_VIOLENCE_INJURY,en,conversational_augmented
i am feeling extreme anxiety and fear,FEAR_DISTRESS_PANIC,hinglish,conversational_augmented
कृपया ध्यान दीजिए... कृपया अपनी शिकायत की श्रेणी और जिला बताइए प्लीज कुछ कीजिए।,NEUTRAL_NO_INDICATOR,hi,conversational_augmented
Please listen... I am completely alone and have nobody to help me please do something quickly.,ISOLATION_NO_SUPPORT,en,conversational_augmented
sir... husband roz daaru peeke marpeet karta hai jaldi kuch kijiye.,DOMESTIC_FAMILY_VIOLENCE,hinglish,conversational_augmented
obscene photos and messages bhej raha hai mujhe samajh nahi aa raha kya karu.,SEXUAL_VIOLENCE_HARASSMENT,hinglish,conversational_augmented
he never threatened me or my family at any point,NEUTRAL_NO_INDICATOR,en,direct_seed
सुनिए... कोई मेरे घर के बाहर खड़ा है,IMMEDIATE_PHYSICAL_DANGER,hi,conversational_augmented
have no family or friends to support me here,ISOLATION_NO_SUPPORT,hinglish,conversational_augmented
Hello... he waits outside my workplace every evening watching me please help immediately.,STALKING_FOLLOWING,en,conversational_augmented
Please listen... someone is stalking and following me every day,STALKING_FOLLOWING,en,conversational_augmented
मेरी बात सुनिए... जातिगत भेदभाव और छुआछूत का शिकार बनाया गया,DISCRIMINATION_CASTE_VULNERABILITY,hi,conversational_augmented
suniye... advocate ki sahayata chahiye grievance file karne me send help immediately.,REQUEST_COUNSELLING_LEGAL_MEDICAL,hinglish,conversational_augmented
we were just joking around no real threat mujhe samajh nahi aa raha kya karu.,NEUTRAL_NO_INDICATOR,hinglish,conversational_augmented
नमस्ते... हमला करने आ रहा है अभी,IMMEDIATE_PHYSICAL_DANGER,hi,conversational_augmented
Excuse me... he threatened to leak sensitive personal videos online are you listening?,COERCION_BLACKMAIL,en,conversational_augmented
हेल्प कीजिए... गंदी हरकतें और अश्लील इशारे कर रहा है मैं सच कह रहा हूं।,SEXUAL_VIOLENCE_HARASSMENT,hi,conversational_augmented
छुआछूत का व्यवहार कर रहे हैं हमारे साथ प्लीज कुछ कीजिए।,DISCRIMINATION_CASTE_VULNERABILITY,hi,conversational_augmented
cannot bear this emotional pain anymore want to die mujhe samajh nahi aa raha kya karu.,SELF_HARM_CONCERN,hinglish,conversational_augmented
arre... sasural me roz torture kiya ja raha hai please madad karo.,DOMESTIC_FAMILY_VIOLENCE,hinglish,conversational_augmented
kehta hai tera murder kar dunga mujhe samajh nahi aa raha kya karu.,THREAT_INTIMIDATION,hinglish,conversational_augmented
abhi safe location par pahuch gaya hu,CURRENT_SAFETY_REASSURANCE,hinglish,conversational_augmented
Officer... experiencing severe chest pain and medical collapse,MEDICAL_EMERGENCY,en,conversational_augmented
मैडम... कोई सहारा नहीं है बिल्कुल बेसहारा हूं,ISOLATION_NO_SUPPORT,hi,conversational_augmented
chest pain aur breathing difficulty ho rahi hai mai sach bol raha hu.,MEDICAL_EMERGENCY,hinglish,conversational_augmented
apni jaan le lungi agar aisa hi chalta raha,SELF_HARM_CONCERN,hinglish,direct_seed
facing continuous spousal abuse and physical cruelty,DOMESTIC_FAMILY_VIOLENCE,hinglish,direct_seed
help kijiye... sometimes calm sometimes suddenly attacks again please madad karo.,CONTRADICTORY_CHANGING_SITUATION,hinglish,conversational_augmented
प्लीज... सास और ससुर घर में बंद करके मारते हैं,DOMESTIC_FAMILY_VIOLENCE,hi,conversational_augmented
Help me... I have no safe shelter or roof over my head tonight are you listening?,NO_SAFE_PLACE_HOMELESSNESS,en,conversational_augmented
प्लीज... हर जगह मेरा पीछा करके वीडियो बनाता है जल्दी पुलिस भेजिए।,STALKING_FOLLOWING,hi,conversational_augmented
हेल्प कीजिए... मुझे पुलिस सुरक्षा की तुरंत आवश्यकता है मुझे समझ नहीं आ रहा क्या करूं।,REQUEST_POLICE_EMERGENCY_HELP,hi,conversational_augmented
suniye... entire village mob is pressurizing our family jaldi kuch kijiye.,SOCIAL_COMMUNITY_PRESSURE,hinglish,conversational_augmented
कोई साथ देने वाला नहीं है चारों तरफ से अकेली हूं,ISOLATION_NO_SUPPORT,hi,conversational_augmented
मैडम... रोज मेरे कॉलेज के बाहर खड़ा रहता है तुरंत मदद चाहिए।,STALKING_FOLLOWING,hi,conversational_augmented
I am being extorted and coerced under threat of defamation,COERCION_BLACKMAIL,en,conversational_augmented
प्लीज... बुजुर्ग माता-पिता हैं जो चलने में असमर्थ हैं मैं सच कह रहा हूं।,CHILD_ELDERLY_DISABILITY_VULNERABILITY,hi,conversational_augmented
madam... gala dabane ki koshish ki usne mai sach bol raha hu.,PHYSICAL_VIOLENCE_INJURY,hinglish,conversational_augmented
Please hear me... the attacker has left and there is no danger now please do something quickly.,CURRENT_SAFETY_REASSURANCE,en,conversational_augmented
I need urgent help... I am completely alone and have nobody to help me,ISOLATION_NO_SUPPORT,en,conversational_augmented
सिर पर गहरी चोट है और उल्टियां हो रही हैं तुरंत मदद चाहिए।,MEDICAL_EMERGENCY,hi,conversational_augmented
madam... minor child ki safety at high risk right now,CHILD_ELDERLY_DISABILITY_VULNERABILITY,hinglish,conversational_augmented
पुलिस आ गई है अब स्थिति नियंत्रण में है मैं सच कह रहा हूं।,CURRENT_SAFETY_REASSURANCE,hi,conversational_augmented
रास्ते में रोक कर गलत तरीके से हाथ पकड़ा मुझे समझ नहीं आ रहा क्या करूं।,SEXUAL_VIOLENCE_HARASSMENT,hi,conversational_augmented
I am bleeding heavily from my head,PHYSICAL_VIOLENCE_INJURY,en,conversational_augmented
I need urgent help... a strange man follows me from the bus stop to my house are you listening?,STALKING_FOLLOWING,en,conversational_augmented
Excuse me... he attacked me with a blade and cut my arm are you listening?,PHYSICAL_VIOLENCE_INJURY,en,conversational_augmented
I am a victim of severe domestic violence at home please help immediately.,DOMESTIC_FAMILY_VIOLENCE,en,conversational_augmented
Help me... I don't want to live anymore please do something quickly.,SELF_HARM_CONCERN,en,conversational_augmented
send police immediately my life is at risk please do something quickly.,IMMEDIATE_PHYSICAL_DANGER,en,conversational_augmented
मेरी बात सुनिए... स्थिति हर पल बदल रही है कुछ समझ नहीं आ रहा तुरंत मदद चाहिए।,CONTRADICTORY_CHANGING_SITUATION,hi,conversational_augmented
please... caste discrimination facing in village school and temple kya aap sun rahe ho?,DISCRIMINATION_CASTE_VULNERABILITY,hinglish,conversational_augmented
कृपया ध्यान दीजिए... उसने मुझे हथियार दिखाकर धमकाया क्या आप सुन रहे हैं?,THREAT_INTIMIDATION,hi,conversational_augmented
mai bohot pareshan hu... reached inside police thana now totally safe mai sach bol raha hu.,CURRENT_SAFETY_REASSURANCE,hinglish,conversational_augmented
I have no family or friends in this city to turn to are you listening?,ISOLATION_NO_SUPPORT,en,conversational_augmented
my hands are trembling with fear I am telling the truth.,FEAR_DISTRESS_PANIC,en,conversational_augmented
locked in the room he is breaking the door,IMMEDIATE_PHYSICAL_DANGER,hinglish,conversational_augmented
the information is hazy and I cannot be sure please help immediately.,UNCERTAINTY_UNCLEAR_INFO,en,conversational_augmented
I need urgent help... the person fluctuates unpredictably between calm and rage,CONTRADICTORY_CHANGING_SITUATION,en,conversational_augmented
अरे... उसने कहा कि जान से मार देगा मैं सच कह रहा हूं।,THREAT_INTIMIDATION,hi,conversational_augmented
help kijiye... stalking me continuously for past two weeks kya aap sun rahe ho?,STALKING_FOLLOWING,hinglish,conversational_augmented
पूरे गांव और पंचायत ने हमारा बहिष्कार कर दिया है जल्दी पुलिस भेजिए।,SOCIAL_COMMUNITY_PRESSURE,hi,conversational_augmented
मैं बहुत टूट चुकी हूं मर जाना चाहती हूं प्लीज कुछ कीजिए।,SELF_HARM_CONCERN,hi,conversational_augmented
darr ki koi baat nahi hai normal hu mai sach bol raha hu.,NEUTRAL_NO_INDICATOR,hinglish,conversational_augmented
Officer... he keeps watching my house and tracking my schedule,STALKING_FOLLOWING,en,conversational_augmented
मैं बहुत परेशान हूं... उसने मुझे बुरी तरह पीटा है तुरंत मदद चाहिए।,PHYSICAL_VIOLENCE_INJURY,hi,conversational_augmented
Excuse me... the person fluctuates unpredictably between calm and rage are you listening?,CONTRADICTORY_CHANGING_SITUATION,en,conversational_augmented
minor child ki safety at high risk right now,CHILD_ELDERLY_DISABILITY_VULNERABILITY,hinglish,conversational_augmented
panchayat ne social boycott announce kar diya hamara please madad karo.,SOCIAL_COMMUNITY_PRESSURE,hinglish,conversational_augmented
Hello... I am living in constant fear please do something quickly.,FEAR_DISTRESS_PANIC,en,conversational_augmented
madam... unpredictable behaviour hai situation continuously changing mujhe samajh nahi aa raha kya karu.,CONTRADICTORY_CHANGING_SITUATION,hinglish,conversational_augmented
सर... अब मैं पूरी तरह सुरक्षित हूं कोई खतरा नहीं है प्लीज कुछ कीजिए।,CURRENT_SAFETY_REASSURANCE,hi,conversational_augmented
अरे... मैं बहुत टूट चुकी हूं मर जाना चाहती हूं प्लीज कुछ कीजिए।,SELF_HARM_CONCERN,hi,conversational_augmented
suniye... mohalla wale milkar harrass kar rahe hain mai sach bol raha hu.,SOCIAL_COMMUNITY_PRESSURE,hinglish,conversational_augmented
mai bohot pareshan hu... wo log mere sath bhed bhav aur chhuachhoot kar rahe hain mujhe samajh nahi aa raha kya karu.,DISCRIMINATION_CASTE_VULNERABILITY,hinglish,conversational_augmented
Ma'am... I am uncertain and confused about what transpired,UNCERTAINTY_UNCLEAR_INFO,en,conversational_augmented
hello... homeless ho gaye hain koi shelter nahi hai,NO_SAFE_PLACE_HOMELESSNESS,hinglish,conversational_augmented
Please listen... he said he will shoot me if I go out I don't know what to do.,THREAT_INTIMIDATION,en,conversational_augmented
Excuse me... he is forcing me to pay large sums of money,COERCION_BLACKMAIL,en,conversational_augmented
Please listen... he keeps watching my house and tracking my schedule please do something quickly.,STALKING_FOLLOWING,en,conversational_augmented
I was punched and kicked repeatedly please do something quickly.,PHYSICAL_VIOLENCE_INJURY,en,conversational_augmented
मैं बहुत परेशान हूं... बुजुर्ग माता-पिता हैं जो चलने में असमर्थ हैं,CHILD_ELDERLY_DISABILITY_VULNERABILITY,hi,conversational_augmented
Sir... my in-laws are torturing me over dowry demands are you listening?,DOMESTIC_FAMILY_VIOLENCE,en,conversational_augmented
pata nahi kahan hu landmark nahi dikh raha,UNCERTAINTY_UNCLEAR_INFO,hinglish,conversational_augmented
अरे... मैं यहां बिल्कुल अकेली हूं कोई मदद करने वाला नहीं,ISOLATION_NO_SUPPORT,hi,conversational_augmented
मेरी बात सुनिए... पुलिस आ गई है अब स्थिति नियंत्रण में है प्लीज कुछ कीजिए।,CURRENT_SAFETY_REASSURANCE,hi,conversational_augmented
urgent hai... feeling like committing suicide please help jaldi kuch kijiye.,SELF_HARM_CONCERN,hinglish,conversational_augmented
pcr van bhejo jaldi address par,REQUEST_POLICE_EMERGENCY_HELP,hinglish,direct_seed
पता नहीं कौन था और क्या जगह थी,UNCERTAINTY_UNCLEAR_INFO,hi,conversational_augmented
Officer... need therapy and mental health support session are you listening?,REQUEST_COUNSELLING_LEGAL_MEDICAL,en,conversational_augmented
sir... pregnant lady hai ghar pe aur small kids hain please madad karo.,CHILD_ELDERLY_DISABILITY_VULNERABILITY,hinglish,conversational_augmented
I cannot clearly recall the exact details or location I am telling the truth.,UNCERTAINTY_UNCLEAR_INFO,en,conversational_augmented
help kijiye... mujhe exact location yaad nahi aa rahi confuse hu kya aap sun rahe ho?,UNCERTAINTY_UNCLEAR_INFO,hinglish,conversational_augmented
arre... pehle laga situation normal ho gayi par fir se violent ho gaya,CONTRADICTORY_CHANGING_SITUATION,hinglish,conversational_augmented
arre... koi danger nahi hai general inquiry kar raha hu,NEUTRAL_NO_INDICATOR,hinglish,conversational_augmented
Excuse me... I received threatening calls all night please do something quickly.,THREAT_INTIMIDATION,en,conversational_augmented
help kijiye... operator: how may I assist your query today sir?,NEUTRAL_NO_INDICATOR,hinglish,conversational_augmented
mai yahan bilkul akela hu koi relative nahi hai,ISOLATION_NO_SUPPORT,hinglish,conversational_augmented
नमस्ते... कोई साथ देने वाला नहीं है चारों तरफ से अकेली हूं मैं सच कह रहा हूं।,ISOLATION_NO_SUPPORT,hi,conversational_augmented
mai bohot pareshan hu... mere sath discrimination ho raha hai office me jaldi kuch kijiye.,DISCRIMINATION_CASTE_VULNERABILITY,hinglish,conversational_augmented
community elders are pressurizing us to withdraw the complaint,SOCIAL_COMMUNITY_PRESSURE,en,conversational_augmented
counsellor se baat karni hai stress relief ke liye send help immediately.,REQUEST_COUNSELLING_LEGAL_MEDICAL,hinglish,conversational_augmented
suniye... koi reason nahi bacha live karne ka,SELF_HARM_CONCERN,hinglish,conversational_augmented
woh chala gaya hai ab koi danger nahi hai,CURRENT_SAFETY_REASSURANCE,hinglish,direct_seed
I need urgent help... I am completely alone and have nobody to help me,ISOLATION_NO_SUPPORT,en,conversational_augmented
मेरी बात सुनिए... कहा अगर पैसे नहीं दिए तो बदनाम कर दूंगा तुरंत मदद चाहिए।,COERCION_BLACKMAIL,hi,conversational_augmented
Please hear me... my in-laws threatened to burn me alive for dowry,DOMESTIC_FAMILY_VIOLENCE,en,conversational_augmented
Hello... he did not threaten me please help immediately.,NEUTRAL_NO_INDICATOR,en,conversational_augmented
hello... sasural wale roz taane dete hain aur maarte hain,DOMESTIC_FAMILY_VIOLENCE,hinglish,conversational_augmented
अरे... अज्ञात व्यक्ति मेरा पीछा करता है घर तक,STALKING_FOLLOWING,hi,conversational_augmented
pcr van bhejo jaldi address par send help immediately.,REQUEST_POLICE_EMERGENCY_HELP,hinglish,conversational_augmented
शरीर पर बहुत चोटें आई हैं मैं सच कह रहा हूं।,PHYSICAL_VIOLENCE_INJURY,hi,conversational_augmented
mai bohot pareshan hu... blakmail karke mental torture de raha hai,COERCION_BLACKMAIL,hinglish,conversational_augmented
he followed my vehicle for over five kilometers I am telling the truth.,STALKING_FOLLOWING,en,conversational_augmented
my elderly parents are bedridden and cannot escape,CHILD_ELDERLY_DISABILITY_VULNERABILITY,en,conversational_augmented
Please listen... he grabbed me forcefully and made sexual remarks please do something quickly.,SEXUAL_VIOLENCE_HARASSMENT,en,conversational_augmented
I am bleeding heavily from my head are you listening?,PHYSICAL_VIOLENCE_INJURY,en,conversational_augmented
madam... usne galat tarike se touch kiya chedchad ki mai sach bol raha hu.,SEXUAL_VIOLENCE_HARASSMENT,hinglish,conversational_augmented
"namaste, NHAA helpline me aapka swagat hai",NEUTRAL_NO_INDICATOR,hinglish,direct_seed
सुनिए... मुझे पुलिस सुरक्षा की तुरंत आवश्यकता है,REQUEST_POLICE_EMERGENCY_HELP,hi,conversational_augmented
listen... entire village mob is pressurizing our family,SOCIAL_COMMUNITY_PRESSURE,hinglish,conversational_augmented
Please listen... my in-laws threatened to burn me alive for dowry,DOMESTIC_FAMILY_VIOLENCE,en,conversational_augmented
he physically assaulted me and I am injured please help immediately.,PHYSICAL_VIOLENCE_INJURY,en,conversational_augmented
he assaulted me while abusing my marginalized identity I don't know what to do.,DISCRIMINATION_CASTE_VULNERABILITY,en,conversational_augmented
आत्महत्या करने का ख्याल आ रहा है मैं सच कह रहा हूं।,SELF_HARM_CONCERN,hi,conversational_augmented
Please listen... unstable and fluctuating circumstances right now please send police now.,CONTRADICTORY_CHANGING_SITUATION,en,conversational_augmented
हमला करने आ रहा है अभी,IMMEDIATE_PHYSICAL_DANGER,hi,direct_seed
निचली जाति का बोलकर मंदिर में जाने से रोका प्लीज कुछ कीजिए।,DISCRIMINATION_CASTE_VULNERABILITY,hi,conversational_augmented
अश्लील बातें और फोटो भेज रहा है,SEXUAL_VIOLENCE_HARASSMENT,hi,direct_seed
unstable and fluctuating circumstances right now please help immediately.,CONTRADICTORY_CHANGING_SITUATION,en,conversational_augmented
Help me... I am isolated in this house with zero support please send police now.,ISOLATION_NO_SUPPORT,en,conversational_augmented
suniye... husband locked me in the room without food please madad karo.,DOMESTIC_FAMILY_VIOLENCE,hinglish,conversational_augmented
he beat me up with a metal rod I don't know what to do.,PHYSICAL_VIOLENCE_INJURY,en,conversational_augmented
urgent hai... he follows me everywhere I go mujhe samajh nahi aa raha kya karu.,STALKING_FOLLOWING,hinglish,conversational_augmented
मैडम... किराए के कमरे से जबरन सामान फेंक कर निकाल दिया मैं सच कह रहा हूं।,NO_SAFE_PLACE_HOMELESSNESS,hi,conversational_augmented
hello... homeless ho gaye hain koi shelter nahi hai send help immediately.,NO_SAFE_PLACE_HOMELESSNESS,hinglish,conversational_augmented
मैं बहुत परेशान हूं... मुझे बहुत डर लग रहा है,FEAR_DISTRESS_PANIC,hi,conversational_augmented
counsellor se baat karni hai stress relief ke liye kya aap sun rahe ho?,REQUEST_COUNSELLING_LEGAL_MEDICAL,hinglish,conversational_augmented
disabled person par assault attempt hua hai,CHILD_ELDERLY_DISABILITY_VULNERABILITY,hinglish,conversational_augmented
help kijiye... entire village mob is pressurizing our family,SOCIAL_COMMUNITY_PRESSURE,hinglish,conversational_augmented
मुझे कोई खतरा नहीं है मैं सिर्फ सामान्य पूछताछ कर रहा हूं क्या आप सुन रहे हैं?,NEUTRAL_NO_INDICATOR,hi,conversational_augmented
sir... molestation attempt hua hai raste mein send help immediately.,SEXUAL_VIOLENCE_HARASSMENT,hinglish,conversational_augmented
प्लीज... धमकी भरे मैसेज भेज रहा है मैं सच कह रहा हूं।,THREAT_INTIMIDATION,hi,conversational_augmented
kripya apna address aur grievance details share karein mai sach bol raha hu.,NEUTRAL_NO_INDICATOR,hinglish,conversational_augmented
peecha karke darwaaze tak aa gaya mujhe samajh nahi aa raha kya karu.,STALKING_FOLLOWING,hinglish,conversational_augmented
Excuse me... he threatened to burn everything down I don't know what to do.,THREAT_INTIMIDATION,en,conversational_augmented
हेल्प कीजिए... उसने मुझे नहीं धमकाया जल्दी पुलिस भेजिए।,NEUTRAL_NO_INDICATOR,hi,conversational_augmented
hello... minor child ki safety at high risk right now,CHILD_ELDERLY_DISABILITY_VULNERABILITY,hinglish,conversational_augmented
मैडम... अब इस दर्द को और नहीं सह सकती,SELF_HARM_CONCERN,hi,conversational_augmented
सबक सिखाने की धमकी दे रहा है जल्दी पुलिस भेजिए।,THREAT_INTIMIDATION,hi,conversational_augmented
Ma'am... the situation is volatile and constantly shifting please send police now.,CONTRADICTORY_CHANGING_SITUATION,en,conversational_augmented
please... please send police immediately to my location mujhe samajh nahi aa raha kya karu.,REQUEST_POLICE_EMERGENCY_HELP,hinglish,conversational_augmented
help kijiye... homeless ho gaye hain koi shelter nahi hai,NO_SAFE_PLACE_HOMELESSNESS,hinglish,conversational_augmented
Please listen... requesting immediate emergency police dispatch please do something quickly.,REQUEST_POLICE_EMERGENCY_HELP,en,conversational_augmented
हेल्प कीजिए... पड़ोसियों ने आकर मुझे बचा लिया अब सुरक्षित हूं,CURRENT_SAFETY_REASSURANCE,hi,conversational_augmented
someone is stalking and following me every day I am telling the truth.,STALKING_FOLLOWING,en,conversational_augmented
मेरी बात सुनिए... ससुराल वाले दहेज के लिए प्रताड़ित कर रहे हैं जल्दी पुलिस भेजिए।,DOMESTIC_FAMILY_VIOLENCE,hi,conversational_augmented
sexual harassment ho raha hai office mein mujhe samajh nahi aa raha kya karu.,SEXUAL_VIOLENCE_HARASSMENT,hinglish,conversational_augmented
घरेलू हिंसा का शिकार हो रही हूं रोज तुरंत मदद चाहिए।,DOMESTIC_FAMILY_VIOLENCE,hi,conversational_augmented
mai bohot pareshan hu... gandi batein karke harass kar raha hai please madad karo.,SEXUAL_VIOLENCE_HARASSMENT,hinglish,conversational_augmented
Please listen... I was sexually harassed on my way home I am telling the truth.,SEXUAL_VIOLENCE_HARASSMENT,en,conversational_augmented
please... contradictory situation hai outcome uncertain hai mai sach bol raha hu.,CONTRADICTORY_CHANGING_SITUATION,hinglish,conversational_augmented
कृपया ध्यान दीजिए... रात में सड़क पर खड़ी हूं कोई सुरक्षित जगह नहीं है,NO_SAFE_PLACE_HOMELESSNESS,hi,conversational_augmented
I need urgent help... requesting legal aid assistance for filing case please do something quickly.,REQUEST_COUNSELLING_LEGAL_MEDICAL,en,conversational_augmented
रात में सड़क पर खड़ी हूं कोई सुरक्षित जगह नहीं है,NO_SAFE_PLACE_HOMELESSNESS,hi,conversational_augmented
suniye... coercing me into doing things against my consent,COERCION_BLACKMAIL,hinglish,conversational_augmented
listen... tracking my daily movements and clicking photos,STALKING_FOLLOWING,hinglish,conversational_augmented
मेरी बात सुनिए... तुरंत पुलिस भेजिए यहां बहुत जरूरी है,REQUEST_POLICE_EMERGENCY_HELP,hi,conversational_augmented
Excuse me... unstable and fluctuating circumstances right now please do something quickly.,CONTRADICTORY_CHANGING_SITUATION,en,conversational_augmented
पारिवारिक प्रताड़ना असहनीय हो गई है जल्दी पुलिस भेजिए।,DOMESTIC_FAMILY_VIOLENCE,hi,conversational_augmented
"I need an ambulance immediately, severe bleeding please help immediately.",MEDICAL_EMERGENCY,en,conversational_augmented
"Ma'am... I am at the police station right now, completely safe",CURRENT_SAFETY_REASSURANCE,en,conversational_augmented
it was a harmless conversation with no threatening language please send police now.,NEUTRAL_NO_INDICATOR,en,conversational_augmented
please... ghar se nikal diya hai road par khadi hu jaldi kuch kijiye.,NO_SAFE_PLACE_HOMELESSNESS,hinglish,conversational_augmented
रोज मेरे कॉलेज के बाहर खड़ा रहता है,STALKING_FOLLOWING,hi,direct_seed
sir... ek ladka roz mera peecha karta hai office se ghar jaldi kuch kijiye.,STALKING_FOLLOWING,hinglish,conversational_augmented
Help me... please send a PCR emergency van right away please do something quickly.,REQUEST_POLICE_EMERGENCY_HELP,en,conversational_augmented
arre... sexual harassment ho raha hai office mein jaldi kuch kijiye.,SEXUAL_VIOLENCE_HARASSMENT,hinglish,conversational_augmented
मैं बहुत परेशान हूं... कभी वो शांत हो जाता है कभी अचानक हमला कर देता है,CONTRADICTORY_CHANGING_SITUATION,hi,conversational_augmented
experiencing severe chest pain and medical collapse,MEDICAL_EMERGENCY,en,direct_seed
Please hear me... community elders are pressurizing us to withdraw the complaint are you listening?,SOCIAL_COMMUNITY_PRESSURE,en,conversational_augmented
मेट्रो स्टेशन से घर तक फॉलो कर रहा है,STALKING_FOLLOWING,hi,direct_seed
हेल्प कीजिए... मेरी जान खतरे में है अभी,IMMEDIATE_PHYSICAL_DANGER,hi,conversational_augmented
सुनिए... उसने मुझे बुरी तरह पीटा है मैं सच कह रहा हूं।,PHYSICAL_VIOLENCE_INJURY,hi,conversational_augmented
Please hear me... he beat me up with a metal rod are you listening?,PHYSICAL_VIOLENCE_INJURY,en,conversational_augmented
मेरी बात सुनिए... मजबूर कर रहा है गैरकानूनी काम करने के लिए,COERCION_BLACKMAIL,hi,conversational_augmented
Officer... I don't know the exact landmark around me please do something quickly.,UNCERTAINTY_UNCLEAR_INFO,en,conversational_augmented
sir... peecha karke darwaaze tak aa gaya,STALKING_FOLLOWING,hinglish,conversational_augmented
मैं बहुत परेशान हूं... ससुराल वाले दहेज के लिए प्रताड़ित कर रहे हैं,DOMESTIC_FAMILY_VIOLENCE,hi,conversational_augmented
please... ghar se nikal diya hai road par khadi hu mujhe samajh nahi aa raha kya karu.,NO_SAFE_PLACE_HOMELESSNESS,hinglish,conversational_augmented
hello... we were just joking around no real threat jaldi kuch kijiye.,NEUTRAL_NO_INDICATOR,hinglish,conversational_augmented
please... need mental health counselling and legal guidance kya aap sun rahe ho?,REQUEST_COUNSELLING_LEGAL_MEDICAL,hinglish,conversational_augmented
कृपया ध्यान दीजिए... अश्लील बातें और फोटो भेज रहा है मैं सच कह रहा हूं।,SEXUAL_VIOLENCE_HARASSMENT,hi,conversational_augmented
forcing me to give money through blackmail mujhe samajh nahi aa raha kya karu.,COERCION_BLACKMAIL,hinglish,conversational_augmented
mai yahan bilkul akela hu koi relative nahi hai,ISOLATION_NO_SUPPORT,hinglish,conversational_augmented
mai bohot pareshan hu... he threatened me but I am safe now mujhe samajh nahi aa raha kya karu.,CURRENT_SAFETY_REASSURANCE,hinglish,conversational_augmented
suniye... molestation attempt hua hai raste mein,SEXUAL_VIOLENCE_HARASSMENT,hinglish,conversational_augmented
कोई साथ देने वाला नहीं है चारों तरफ से अकेली हूं,ISOLATION_NO_SUPPORT,hi,conversational_augmented
arre... stalking me continuously for past two weeks,STALKING_FOLLOWING,hinglish,conversational_augmented
stalking me continuously for past two weeks,STALKING_FOLLOWING,hinglish,conversational_augmented
I have no reason to stay alive please help immediately.,SELF_HARM_CONCERN,en,conversational_augmented
मैडम... रास्ते में रोक कर गलत तरीके से हाथ पकड़ा,SEXUAL_VIOLENCE_HARASSMENT,hi,conversational_augmented
हेल्प कीजिए... उसने कत्ल करने की धमकी दी है जल्दी पुलिस भेजिए।,THREAT_INTIMIDATION,hi,conversational_augmented
sir pe chot lagi hai khoon nikal raha hai,PHYSICAL_VIOLENCE_INJURY,hinglish,direct_seed
Ma'am... deep head laceration with heavy blood loss,MEDICAL_EMERGENCY,en,conversational_augmented
कृपया ध्यान दीजिए... स्टॉकिंग कर रहा है लगातार नजर रख रहा है जल्दी पुलिस भेजिए।,STALKING_FOLLOWING,hi,conversational_augmented
विरोधाभासी बातें हो रही हैं यहां माहौल अस्थिर है,CONTRADICTORY_CHANGING_SITUATION,hi,direct_seed
Please listen... they are describing and discriminating against me unfairly I don't know what to do.,DISCRIMINATION_CASTE_VULNERABILITY,en,conversational_augmented
minor child ki safety at high risk right now kya aap sun rahe ho?,CHILD_ELDERLY_DISABILITY_VULNERABILITY,hinglish,conversational_augmented
the patient is unconscious and unable to breathe are you listening?,MEDICAL_EMERGENCY,en,conversational_augmented
मुझे ठीक से याद नहीं आ रहा क्या हुआ था,UNCERTAINTY_UNCLEAR_INFO,hi,conversational_augmented
अरे... मैं बहुत टूट चुकी हूं मर जाना चाहती हूं प्लीज कुछ कीजिए।,SELF_HARM_CONCERN,hi,conversational_augmented
sir... obscene photos and messages bhej raha hai kya aap sun rahe ho?,SEXUAL_VIOLENCE_HARASSMENT,hinglish,conversational_augmented
नमस्ते... उसने मुझे डंडे से मारा और घायल कर दिया मैं सच कह रहा हूं।,PHYSICAL_VIOLENCE_INJURY,hi,conversational_augmented
"I need urgent help... there is no threat or danger here, everything is peaceful are you listening?",NEUTRAL_NO_INDICATOR,en,conversational_augmented
सुनिए... सामूहिक रूप से हम पर दबाव बनाया जा रहा है जल्दी पुलिस भेजिए।,SOCIAL_COMMUNITY_PRESSURE,hi,conversational_augmented
my family members are physically abusing me please help immediately.,DOMESTIC_FAMILY_VIOLENCE,en,conversational_augmented
help kijiye... community pressure banaya ja raha hai case wapas lene,SOCIAL_COMMUNITY_PRESSURE,hinglish,conversational_augmented
I need urgent help... alert the local police station for immediate response,REQUEST_POLICE_EMERGENCY_HELP,en,conversational_augmented
मैं बहुत परेशान हूं... नाबालिग बच्ची की सुरक्षा को लेकर बहुत चिंता है,CHILD_ELDERLY_DISABILITY_VULNERABILITY,hi,conversational_augmented
mai bohot pareshan hu... jaati soochak shabdon se gali di aur bhedbhav kiya,DISCRIMINATION_CASTE_VULNERABILITY,hinglish,conversational_augmented
यह एक जागरूकता कार्यक्रम का नाटक था क्या आप सुन रहे हैं?,NEUTRAL_NO_INDICATOR,hi,conversational_augmented
मेरी बात सुनिए... मुझे थेरेपिस्ट से काउंसलिंग की जरूरत है क्या आप सुन रहे हैं?,REQUEST_COUNSELLING_LEGAL_MEDICAL,hi,conversational_augmented
मैडम... पारिवारिक प्रताड़ना असहनीय हो गई है,DOMESTIC_FAMILY_VIOLENCE,hi,conversational_augmented
help kijiye... police PCR van reach ho gayi hai we are safe mai sach bol raha hu.,CURRENT_SAFETY_REASSURANCE,hinglish,conversational_augmented
arre... entire village mob is pressurizing our family mujhe samajh nahi aa raha kya karu.,SOCIAL_COMMUNITY_PRESSURE,hinglish,conversational_augmented
Excuse me... a minor child is trapped inside facing grave risk please send police now.,CHILD_ELDERLY_DISABILITY_VULNERABILITY,en,conversational_augmented
Ma'am... my elderly parents are bedridden and cannot escape,CHILD_ELDERLY_DISABILITY_VULNERABILITY,en,conversational_augmented
urgent hai... darr ki koi baat nahi hai normal hu jaldi kuch kijiye.,NEUTRAL_NO_INDICATOR,hinglish,conversational_augmented
humare sath bhedbhav ho raha hai,DISCRIMINATION_CASTE_VULNERABILITY,hinglish,conversational_augmented
Excuse me... I don't know the exact landmark around me please help immediately.,UNCERTAINTY_UNCLEAR_INFO,en,conversational_augmented
मेरा इस शहर में कोई नहीं है सबने छोड़ दिया,ISOLATION_NO_SUPPORT,hi,conversational_augmented
arre... stalking me continuously for past two weeks,STALKING_FOLLOWING,hinglish,conversational_augmented
mai bohot pareshan hu... usne private photos leak karne ki blackmailing shuru kar di send help immediately.,COERCION_BLACKMAIL,hinglish,conversational_augmented
ghar me elderly parents hain jo bedridden hain jaldi kuch kijiye.,CHILD_ELDERLY_DISABILITY_VULNERABILITY,hinglish,conversational_augmented
मैं बहुत परेशान हूं... घर में छोटा बच्चा और गर्भवती महिला है प्लीज कुछ कीजिए।,CHILD_ELDERLY_DISABILITY_VULNERABILITY,hi,conversational_augmented
he threatened me but I am safe now,CURRENT_SAFETY_REASSURANCE,en,conversational_augmented
madam... stalking me continuously for past two weeks,STALKING_FOLLOWING,hinglish,conversational_augmented
arre... domestic violence ho rahi hai mere sath ghar par send help immediately.,DOMESTIC_FAMILY_VIOLENCE,hinglish,conversational_augmented
जीने की कोई वजह नहीं बची है,SELF_HARM_CONCERN,hi,conversational_augmented
arre... thinking of harming myself severely jaldi kuch kijiye.,SELF_HARM_CONCERN,hinglish,conversational_augmented
help kijiye... mere saath discriminate kiya ja raha hai,DISCRIMINATION_CASTE_VULNERABILITY,hinglish,conversational_augmented
facing severe caste-based discrimination and untouchability,DISCRIMINATION_CASTE_VULNERABILITY,en,direct_seed
पति ने कमरे में बंद करके पीटा प्लीज कुछ कीजिए।,DOMESTIC_FAMILY_VIOLENCE,hi,conversational_augmented
please... community pressure banaya ja raha hai case wapas lene kya aap sun rahe ho?,SOCIAL_COMMUNITY_PRESSURE,hinglish,conversational_augmented
please... inappropriate physical contact kiya forcefully,SEXUAL_VIOLENCE_HARASSMENT,hinglish,conversational_augmented
छाती में तेज दर्द है और बहुत ज्यादा खून बह रहा है,MEDICAL_EMERGENCY,hi,conversational_augmented
मैं बहुत परेशान हूं... मुझे जीने की कोई उम्मीद नहीं दिख रही मुझे समझ नहीं आ रहा क्या करूं।,SELF_HARM_CONCERN,hi,conversational_augmented
arre... police protection chahiye urgent basis pe mai sach bol raha hu.,REQUEST_POLICE_EMERGENCY_HELP,hinglish,conversational_augmented
sir... reached inside police thana now totally safe send help immediately.,CURRENT_SAFETY_REASSURANCE,hinglish,conversational_augmented
entire village mob is pressurizing our family please madad karo.,SOCIAL_COMMUNITY_PRESSURE,hinglish,conversational_augmented
हेल्प कीजिए... मेरे सिर से खून निकल रहा है मुझे समझ नहीं आ रहा क्या करूं।,PHYSICAL_VIOLENCE_INJURY,hi,conversational_augmented
madam... disabled person par assault attempt hua hai,CHILD_ELDERLY_DISABILITY_VULNERABILITY,hinglish,conversational_augmented
प्लीज... मुझे थेरेपिस्ट से काउंसलिंग की जरूरत है क्या आप सुन रहे हैं?,REQUEST_COUNSELLING_LEGAL_MEDICAL,hi,conversational_augmented
Please hear me... a man threatened me with a knife please help immediately.,THREAT_INTIMIDATION,en,conversational_augmented
मैडम... कोई डरने की बात नहीं है,NEUTRAL_NO_INDICATOR,hi,conversational_augmented
Please listen... I need urgent police security and protection right now I am telling the truth.,REQUEST_POLICE_EMERGENCY_HELP,en,conversational_augmented
coercing me into doing things against my consent,COERCION_BLACKMAIL,hinglish,conversational_augmented
अरे... बहुत उलझन में हूं सही जानकारी नहीं दे पा रही,UNCERTAINTY_UNCLEAR_INFO,hi,conversational_augmented
हेल्प कीजिए... नाबालिग बच्ची की सुरक्षा को लेकर बहुत चिंता है,CHILD_ELDERLY_DISABILITY_VULNERABILITY,hi,conversational_augmented
सुनिए... मुझे जीने की कोई उम्मीद नहीं दिख रही,SELF_HARM_CONCERN,hi,conversational_augmented
पारिवारिक प्रताड़ना असहनीय हो गई है,DOMESTIC_FAMILY_VIOLENCE,hi,conversational_augmented
नमस्ते... दिव्यांग व्यक्ति पर हमला किया गया है प्लीज कुछ कीजिए।,CHILD_ELDERLY_DISABILITY_VULNERABILITY,hi,conversational_augmented
counsellor se baat karni hai stress relief ke liye kya aap sun rahe ho?,REQUEST_COUNSELLING_LEGAL_MEDICAL,hinglish,conversational_augmented
सर... खतरे में हूं तुरंत पुलिस भेजिए तुरंत मदद चाहिए।,IMMEDIATE_PHYSICAL_DANGER,hi,conversational_augmented
कृपया ध्यान दीजिए... पुलिस आ गई है अब स्थिति नियंत्रण में है,CURRENT_SAFETY_REASSURANCE,hi,conversational_augmented
मैडम... 112 की टीम को तुरंत मेरे पते पर भेजिए क्या आप सुन रहे हैं?,REQUEST_POLICE_EMERGENCY_HELP,hi,conversational_augmented
my husband beats me violently every day,DOMESTIC_FAMILY_VIOLENCE,en,conversational_augmented
Excuse me... the situation is volatile and constantly shifting please help immediately.,CONTRADICTORY_CHANGING_SITUATION,en,conversational_augmented
Help me... the situation is volatile and constantly shifting please send police now.,CONTRADICTORY_CHANGING_SITUATION,en,conversational_augmented
मैं यहां बिल्कुल अकेली हूं कोई मदद करने वाला नहीं क्या आप सुन रहे हैं?,ISOLATION_NO_SUPPORT,hi,conversational_augmented
homeless ho gaye hain koi shelter nahi hai,NO_SAFE_PLACE_HOMELESSNESS,hinglish,conversational_augmented
Excuse me... I don't know the exact landmark around me,UNCERTAINTY_UNCLEAR_INFO,en,conversational_augmented
gala dabane ki koshish ki usne mai sach bol raha hu.,PHYSICAL_VIOLENCE_INJURY,hinglish,conversational_augmented
arre... sometimes calm sometimes suddenly attacks again,CONTRADICTORY_CHANGING_SITUATION,hinglish,conversational_augmented
madam... pregnant lady hai ghar pe aur small kids hain jaldi kuch kijiye.,CHILD_ELDERLY_DISABILITY_VULNERABILITY,hinglish,conversational_augmented
प्लीज... तुरंत एम्बुलेंस भेजिए मरीज की हालत गंभीर है,MEDICAL_EMERGENCY,hi,conversational_augmented
सर... समाज में बदनाम करने की साजिश हो रही है प्लीज कुछ कीजिए।,SOCIAL_COMMUNITY_PRESSURE,hi,conversational_augmented
hello... have no family or friends to support me here,ISOLATION_NO_SUPPORT,hinglish,conversational_augmented
ek ladka roz mera peecha karta hai office se ghar kya aap sun rahe ho?,STALKING_FOLLOWING,hinglish,conversational_augmented
feeling terrified and helpless,FEAR_DISTRESS_PANIC,hinglish,direct_seed
help kijiye... mujhe exact location yaad nahi aa rahi confuse hu please madad karo.,UNCERTAINTY_UNCLEAR_INFO,hinglish,conversational_augmented
he beat me up with a metal rod please send police now.,PHYSICAL_VIOLENCE_INJURY,en,conversational_augmented
listen... usne dhamki nahi di sab theek hai mai sach bol raha hu.,NEUTRAL_NO_INDICATOR,hinglish,conversational_augmented
please... dispatch 112 emergency police unit right now mai sach bol raha hu.,REQUEST_POLICE_EMERGENCY_HELP,hinglish,conversational_augmented
facing severe caste-based discrimination and untouchability,DISCRIMINATION_CASTE_VULNERABILITY,en,conversational_augmented
मेरा इस शहर में कोई नहीं है सबने छोड़ दिया मैं सच कह रहा हूं।,ISOLATION_NO_SUPPORT,hi,conversational_augmented
arre... woh ghar ke bahar khada hai weapon leke jaldi kuch kijiye.,IMMEDIATE_PHYSICAL_DANGER,hinglish,conversational_augmented
मैं बहुत परेशान हूं... सुरक्षा दीजिए हमें पुलिस की सख्त जरूरत है मैं सच कह रहा हूं।,REQUEST_POLICE_EMERGENCY_HELP,hi,conversational_augmented
peecha karke darwaaze tak aa gaya,STALKING_FOLLOWING,hinglish,direct_seed
need immediate police intervention and escort,REQUEST_POLICE_EMERGENCY_HELP,hinglish,conversational_augmented
अश्लील बातें और फोटो भेज रहा है जल्दी पुलिस भेजिए।,SEXUAL_VIOLENCE_HARASSMENT,hi,conversational_augmented
arre... pehle laga situation normal ho gayi par fir se violent ho gaya send help immediately.,CONTRADICTORY_CHANGING_SITUATION,hinglish,conversational_augmented
madam... please send police immediately to my location please madad karo.,REQUEST_POLICE_EMERGENCY_HELP,hinglish,conversational_augmented
फांसी लगाने की सोच रही हूं,SELF_HARM_CONCERN,hi,conversational_augmented
अरे... मैं यहां बिल्कुल अकेली हूं कोई मदद करने वाला नहीं मुझे समझ नहीं आ रहा क्या करूं।,ISOLATION_NO_SUPPORT,hi,conversational_augmented
सर... घर में छोटा बच्चा और गर्भवती महिला है,CHILD_ELDERLY_DISABILITY_VULNERABILITY,hi,conversational_augmented
madam... dhamka raha hai ki chup baitho please madad karo.,THREAT_INTIMIDATION,hinglish,conversational_augmented
प्लीज... उसने मुझे कोई नुकसान नहीं पहुंचाया सब सामान्य है,NEUTRAL_NO_INDICATOR,hi,conversational_augmented
madam... pata nahi kahan hu landmark nahi dikh raha,UNCERTAINTY_UNCLEAR_INFO,hinglish,conversational_augmented
Please hear me... I feel completely broken and suicidal,SELF_HARM_CONCERN,en,conversational_augmented
मैडम... घर से निकाल दिया गया है सड़क पर बैठी हूं प्लीज कुछ कीजिए।,NO_SAFE_PLACE_HOMELESSNESS,hi,conversational_augmented
Please listen... the victim is a differently-abled person unable to run please do something quickly.,CHILD_ELDERLY_DISABILITY_VULNERABILITY,en,conversational_augmented
Please hear me... I am seriously injured and bleeding are you listening?,PHYSICAL_VIOLENCE_INJURY,en,conversational_augmented
Hello... someone is stalking and following me every day please help immediately.,STALKING_FOLLOWING,en,conversational_augmented
sir... darwaza todne ki koshish kar raha hai mujhe samajh nahi aa raha kya karu.,IMMEDIATE_PHYSICAL_DANGER,hinglish,conversational_augmented
sir... pata nahi kahan hu landmark nahi dikh raha mai sach bol raha hu.,UNCERTAINTY_UNCLEAR_INFO,hinglish,conversational_augmented
वो कह रहा है कि तुझे बर्बाद कर दूंगा क्या आप सुन रहे हैं?,THREAT_INTIMIDATION,hi,conversational_augmented
Officer... I am in immediate physical danger please help,IMMEDIATE_PHYSICAL_DANGER,en,conversational_augmented
dahshat ho rahi hai yahan par please madad karo.,FEAR_DISTRESS_PANIC,hinglish,conversational_augmented
hello... disabled person par assault attempt hua hai,CHILD_ELDERLY_DISABILITY_VULNERABILITY,hinglish,conversational_augmented
Ma'am... I am being discriminated against at work and in public I am telling the truth.,DISCRIMINATION_CASTE_VULNERABILITY,en,conversational_augmented
sir... husband roz daaru peeke marpeet karta hai mujhe samajh nahi aa raha kya karu.,DOMESTIC_FAMILY_VIOLENCE,hinglish,conversational_augmented
I need urgent help... I am completely alone and have nobody to help me I am telling the truth.,ISOLATION_NO_SUPPORT,en,conversational_augmented
Ma'am... I am terrified and panicking,FEAR_DISTRESS_PANIC,en,conversational_augmented
I am completely alone and have nobody to help me,ISOLATION_NO_SUPPORT,en,direct_seed
विरोधाभासी बातें हो रही हैं यहां माहौल अस्थिर है मुझे समझ नहीं आ रहा क्या करूं।,CONTRADICTORY_CHANGING_SITUATION,hi,conversational_augmented
112 की टीम को तुरंत मेरे पते पर भेजिए,REQUEST_POLICE_EMERGENCY_HELP,hi,conversational_augmented
निचली जाति का बोलकर मंदिर में जाने से रोका,DISCRIMINATION_CASTE_VULNERABILITY,hi,direct_seed
कन्फ्यूज हूं शायद कल या परसों की बात है मैं सच कह रहा हूं।,UNCERTAINTY_UNCLEAR_INFO,hi,conversational_augmented
madam... usne private photos leak karne ki blackmailing shuru kar di jaldi kuch kijiye.,COERCION_BLACKMAIL,hinglish,conversational_augmented
मेरी बात सुनिए... लीगल एड और कोर्ट प्रक्रिया की जानकारी चाहिए क्या आप सुन रहे हैं?,REQUEST_COUNSELLING_LEGAL_MEDICAL,hi,conversational_augmented
वो कह रहा है कि तुझे बर्बाद कर दूंगा मुझे समझ नहीं आ रहा क्या करूं।,THREAT_INTIMIDATION,hi,conversational_augmented
प्लीज... मेरे सिर से खून निकल रहा है,PHYSICAL_VIOLENCE_INJURY,hi,conversational_augmented
Please hear me... I am so scared right now,FEAR_DISTRESS_PANIC,en,conversational_augmented
मुझे पुलिस सुरक्षा की तुरंत आवश्यकता है तुरंत मदद चाहिए।,REQUEST_POLICE_EMERGENCY_HELP,hi,conversational_augmented
प्लीज... मुझे पुलिस सुरक्षा की तुरंत आवश्यकता है,REQUEST_POLICE_EMERGENCY_HELP,hi,conversational_augmented
Ma'am... I have reached a safe and secure location I am telling the truth.,CURRENT_SAFETY_REASSURANCE,en,conversational_augmented
Please listen... deep head laceration with heavy blood loss please do something quickly.,MEDICAL_EMERGENCY,en,conversational_augmented
Please hear me... initially it seemed resolved but suddenly violence flared up again I am telling the truth.,CONTRADICTORY_CHANGING_SITUATION,en,conversational_augmented
मेरी बात सुनिए... खून बह रहा है हाथ से बहुत तेज जल्दी पुलिस भेजिए।,PHYSICAL_VIOLENCE_INJURY,hi,conversational_augmented
प्लीज... किराए के कमरे से जबरन सामान फेंक कर निकाल दिया मैं सच कह रहा हूं।,NO_SAFE_PLACE_HOMELESSNESS,hi,conversational_augmented
suniye... ghar me elderly parents hain jo bedridden hain,CHILD_ELDERLY_DISABILITY_VULNERABILITY,hinglish,conversational_augmented
need therapy and mental health support session please send police now.,REQUEST_COUNSELLING_LEGAL_MEDICAL,en,conversational_augmented
"मैं बहुत परेशान हूं... नमस्ते, राष्ट्रीय हेल्पलाइन 14566 में आपका स्वागत है",NEUTRAL_NO_INDICATOR,hi,conversational_augmented
arre... severe blood loss and head injury need emergency care kya aap sun rahe ho?,MEDICAL_EMERGENCY,hinglish,conversational_augmented
mai bohot pareshan hu... legal advice and free legal aid lawyer chahiye kya aap sun rahe ho?,REQUEST_COUNSELLING_LEGAL_MEDICAL,hinglish,conversational_augmented
प्लीज... पहले लगा कि सब ठीक है लेकिन अचानक फिर झगड़ा शुरू हो गया क्या आप सुन रहे हैं?,CONTRADICTORY_CHANGING_SITUATION,hi,conversational_augmented
मेरी बात सुनिए... दिव्यांग व्यक्ति पर हमला किया गया है क्या आप सुन रहे हैं?,CHILD_ELDERLY_DISABILITY_VULNERABILITY,hi,conversational_augmented
he is attacking the security gate right now please send police now.,IMMEDIATE_PHYSICAL_DANGER,en,conversational_augmented
describe kar rahe the mere saath discrimi,DISCRIMINATION_CASTE_VULNERABILITY,hinglish,direct_seed
koi madad karne wala nahi hai bilkul akeli hu,ISOLATION_NO_SUPPORT,hinglish,conversational_augmented
Officer... I have no family or friends in this city to turn to,ISOLATION_NO_SUPPORT,en,conversational_augmented
अरे... लीगल एड और कोर्ट प्रक्रिया की जानकारी चाहिए तुरंत मदद चाहिए।,REQUEST_COUNSELLING_LEGAL_MEDICAL,hi,conversational_augmented
madam... facing continuous spousal abuse and physical cruelty kya aap sun rahe ho?,DOMESTIC_FAMILY_VIOLENCE,hinglish,conversational_augmented
सुनिए... कभी वो शांत हो जाता है कभी अचानक हमला कर देता है क्या आप सुन रहे हैं?,CONTRADICTORY_CHANGING_SITUATION,hi,conversational_augmented
Please listen... I need urgent police security and protection right now please do something quickly.,REQUEST_POLICE_EMERGENCY_HELP,en,conversational_augmented
coercing me into doing things against my consent,COERCION_BLACKMAIL,hinglish,conversational_augmented
कृपया ध्यान दीजिए... फांसी लगाने की सोच रही हूं,SELF_HARM_CONCERN,hi,conversational_augmented
I am terrified and panicking,FEAR_DISTRESS_PANIC,en,direct_seed
Please hear me... I have no reason to stay alive please help immediately.,SELF_HARM_CONCERN,en,conversational_augmented
urgent hai... darwaza todne ki koshish kar raha hai jaldi kuch kijiye.,IMMEDIATE_PHYSICAL_DANGER,hinglish,conversational_augmented
suniye... operator: how may I assist your query today sir? kya aap sun rahe ho?,NEUTRAL_NO_INDICATOR,hinglish,conversational_augmented
hello... he did not threaten me mujhe samajh nahi aa raha kya karu.,NEUTRAL_NO_INDICATOR,hinglish,conversational_augmented
Help me... he waits outside my workplace every evening watching me,STALKING_FOLLOWING,en,conversational_augmented
I need urgent help... I am being extorted and coerced under threat of defamation please help immediately.,COERCION_BLACKMAIL,en,conversational_augmented
legal advice and free legal aid lawyer chahiye,REQUEST_COUNSELLING_LEGAL_MEDICAL,hinglish,conversational_augmented
घर से निकाल दिया गया है सड़क पर बैठी हूं,NO_SAFE_PLACE_HOMELESSNESS,hi,conversational_augmented
usne private photos leak karne ki blackmailing shuru kar di,COERCION_BLACKMAIL,hinglish,conversational_augmented
hello... sasural wale roz taane dete hain aur maarte hain mai sach bol raha hu.,DOMESTIC_FAMILY_VIOLENCE,hinglish,conversational_augmented
Excuse me... please dispatch police to my location immediately,REQUEST_POLICE_EMERGENCY_HELP,en,conversational_augmented
sir... domestic violence ho rahi hai mere sath ghar par,DOMESTIC_FAMILY_VIOLENCE,hinglish,conversational_augmented
निचली जाति का बोलकर मंदिर में जाने से रोका क्या आप सुन रहे हैं?,DISCRIMINATION_CASTE_VULNERABILITY,hi,conversational_augmented
listen... confused state me hu exact time nahi pata jaldi kuch kijiye.,UNCERTAINTY_UNCLEAR_INFO,hinglish,conversational_augmented
mohalla wale milkar harrass kar rahe hain mai sach bol raha hu.,SOCIAL_COMMUNITY_PRESSURE,hinglish,conversational_augmented
Officer... Operator: Please state your district and contact details are you listening?,NEUTRAL_NO_INDICATOR,en,conversational_augmented
Sir... someone is stalking and following me every day,STALKING_FOLLOWING,en,conversational_augmented
urgent hai... abhi safe location par pahuch gaya hu mujhe samajh nahi aa raha kya karu.,CURRENT_SAFETY_REASSURANCE,hinglish,conversational_augmented
I am stranded on the roadside with nowhere to sleep,NO_SAFE_PLACE_HOMELESSNESS,en,conversational_augmented
help kijiye... body pe bohot injuries hain marpeet hui hai,PHYSICAL_VIOLENCE_INJURY,hinglish,conversational_augmented
listen... need immediate police intervention and escort please madad karo.,REQUEST_POLICE_EMERGENCY_HELP,hinglish,conversational_augmented
हेल्प कीजिए... पुलिस आ गई है अब स्थिति नियंत्रण में है प्लीज कुछ कीजिए।,CURRENT_SAFETY_REASSURANCE,hi,conversational_augmented
he made vulgar sexual gestures and touched me please do something quickly.,SEXUAL_VIOLENCE_HARASSMENT,en,conversational_augmented
Ma'am... he is forcing me to pay large sums of money,COERCION_BLACKMAIL,en,conversational_augmented
suniye... ghar me elderly parents hain jo bedridden hain jaldi kuch kijiye.,CHILD_ELDERLY_DISABILITY_VULNERABILITY,hinglish,conversational_augmented
he assaulted me while abusing my marginalized identity please help immediately.,DISCRIMINATION_CASTE_VULNERABILITY,en,conversational_augmented
मेरी बात सुनिए... घर में छोटा बच्चा और गर्भवती महिला है प्लीज कुछ कीजिए।,CHILD_ELDERLY_DISABILITY_VULNERABILITY,hi,conversational_augmented
please... blackmail kar raha hai ki social media par daal dega,COERCION_BLACKMAIL,hinglish,conversational_augmented
हेल्प कीजिए... कभी वो शांत हो जाता है कभी अचानक हमला कर देता है क्या आप सुन रहे हैं?,CONTRADICTORY_CHANGING_SITUATION,hi,conversational_augmented
मेरी बात सुनिए... कन्फ्यूज हूं शायद कल या परसों की बात है,UNCERTAINTY_UNCLEAR_INFO,hi,conversational_augmented
सर... उसने कत्ल करने की धमकी दी है तुरंत मदद चाहिए।,THREAT_INTIMIDATION,hi,conversational_augmented
Excuse me... he slapped and physically battered me please send police now.,PHYSICAL_VIOLENCE_INJURY,en,conversational_augmented
अरे... वो चला गया है अब सब ठीक है मैं सच कह रहा हूं।,CURRENT_SAFETY_REASSURANCE,hi,conversational_augmented
suniye... legal advice and free legal aid lawyer chahiye jaldi kuch kijiye.,REQUEST_COUNSELLING_LEGAL_MEDICAL,hinglish,conversational_augmented
कृपया अपनी शिकायत की श्रेणी और जिला बताइए मैं सच कह रहा हूं।,NEUTRAL_NO_INDICATOR,hi,conversational_augmented
sasural me roz torture kiya ja raha hai please madad karo.,DOMESTIC_FAMILY_VIOLENCE,hinglish,conversational_augmented
मैडम... हाथ पैर कांप रहे हैं घबराहट से,FEAR_DISTRESS_PANIC,hi,conversational_augmented
अत्यधिक बेचैनी और दहशत महसूस हो रही है,FEAR_DISTRESS_PANIC,hi,conversational_augmented
domestic violence ho rahi hai mere sath ghar par please madad karo.,DOMESTIC_FAMILY_VIOLENCE,hinglish,conversational_augmented
Excuse me... an aggressive person is standing at my doorstep,IMMEDIATE_PHYSICAL_DANGER,en,conversational_augmented
I am extremely frightened for my life,FEAR_DISTRESS_PANIC,en,conversational_augmented
pregnant lady hai ghar pe aur small kids hain,CHILD_ELDERLY_DISABILITY_VULNERABILITY,hinglish,conversational_augmented
मैं बहुत परेशान हूं... रात में सड़क पर खड़ी हूं कोई सुरक्षित जगह नहीं है जल्दी पुलिस भेजिए।,NO_SAFE_PLACE_HOMELESSNESS,hi,conversational_augmented
they are intimidating and threatening my household I am telling the truth.,THREAT_INTIMIDATION,en,conversational_augmented
मेरे साथ छेड़छाड़ की गई है,SEXUAL_VIOLENCE_HARASSMENT,hi,conversational_augmented
मैडम... मेरी निजी तस्वीरें वायरल करने की धमकी दे रहा है मैं सच कह रहा हूं।,COERCION_BLACKMAIL,hi,conversational_augmented
मैं बहुत परेशान हूं... घबराहट के कारण कुछ समझ नहीं आ रहा जल्दी पुलिस भेजिए।,FEAR_DISTRESS_PANIC,hi,conversational_augmented
सर... वो चला गया है अब सब ठीक है प्लीज कुछ कीजिए।,CURRENT_SAFETY_REASSURANCE,hi,conversational_augmented
help kijiye... homeless ho gaye hain koi shelter nahi hai mujhe samajh nahi aa raha kya karu.,NO_SAFE_PLACE_HOMELESSNESS,hinglish,conversational_augmented
मैडम... बुजुर्ग माता-पिता हैं जो चलने में असमर्थ हैं मुझे समझ नहीं आ रहा क्या करूं।,CHILD_ELDERLY_DISABILITY_VULNERABILITY,hi,conversational_augmented
I need urgent help... community elders are pressurizing us to withdraw the complaint please help immediately.,SOCIAL_COMMUNITY_PRESSURE,en,conversational_augmented
usne mujhe jaan se maarne ki dhamki di kya aap sun rahe ho?,THREAT_INTIMIDATION,hinglish,conversational_augmented
Please hear me... I have nowhere to go and nobody to call for assistance are you listening?,ISOLATION_NO_SUPPORT,en,conversational_augmented
कृपया ध्यान दीजिए... मेरे साथ भेदभाव कर रहे हैं और नीची जाति बोल रहे हैं,DISCRIMINATION_CASTE_VULNERABILITY,hi,conversational_augmented
प्लीज... he threatened me but I am safe now मुझे समझ नहीं आ रहा क्या करूं।,CURRENT_SAFETY_REASSURANCE,hi,conversational_augmented
मैं बहुत परेशान हूं... उसने मुझे डंडे से मारा और घायल कर दिया,PHYSICAL_VIOLENCE_INJURY,hi,conversational_augmented
नमस्ते... मेरे साथ भेदभाव कर रहे हैं और नीची जाति बोल रहे हैं,DISCRIMINATION_CASTE_VULNERABILITY,hi,conversational_augmented
जातिगत भेदभाव और छुआछूत का शिकार बनाया गया जल्दी पुलिस भेजिए।,DISCRIMINATION_CASTE_VULNERABILITY,hi,conversational_augmented
कृपया ध्यान दीजिए... अकेले कमरे में बंद हूं कोई रिश्तेदार नहीं है प्लीज कुछ कीजिए।,ISOLATION_NO_SUPPORT,hi,conversational_augmented
तुरंत पुलिस भेजिए यहां बहुत जरूरी है मैं सच कह रहा हूं।,REQUEST_POLICE_EMERGENCY_HELP,hi,conversational_augmented
मैं बहुत परेशान हूं... सामूहिक रूप से हम पर दबाव बनाया जा रहा है,SOCIAL_COMMUNITY_PRESSURE,hi,conversational_augmented
Hello... I feel unsafe and petrified in my room I am telling the truth.,FEAR_DISTRESS_PANIC,en,conversational_augmented
I need urgent help... a minor child is trapped inside facing grave risk,CHILD_ELDERLY_DISABILITY_VULNERABILITY,en,conversational_augmented
I have multiple bruises and cuts on my body I don't know what to do.,PHYSICAL_VIOLENCE_INJURY,en,conversational_augmented
मैडम... घर के दरवाजे पर लातें मार रहा है,IMMEDIATE_PHYSICAL_DANGER,hi,conversational_augmented
he is standing outside my door holding a weapon I am telling the truth.,IMMEDIATE_PHYSICAL_DANGER,en,conversational_augmented
listen... mere saath discriminate kiya ja raha hai jaldi kuch kijiye.,DISCRIMINATION_CASTE_VULNERABILITY,hinglish,conversational_augmented
suniye... he threatened me with a sharp weapon kya aap sun rahe ho?,THREAT_INTIMIDATION,hinglish,conversational_augmented
मुझे ठीक से याद नहीं आ रहा क्या हुआ था,UNCERTAINTY_UNCLEAR_INFO,hi,conversational_augmented
प्लीज... अब इस दर्द को और नहीं सह सकती,SELF_HARM_CONCERN,hi,conversational_augmented
दरवाजे के ठीक बाहर खड़ा है वो मुझे समझ नहीं आ रहा क्या करूं।,IMMEDIATE_PHYSICAL_DANGER,hi,conversational_augmented
SC/ST community se hone ke karan dukan se bhaga diya kya aap sun rahe ho?,DISCRIMINATION_CASTE_VULNERABILITY,hinglish,conversational_augmented
उसने फोन करके बोला कि तुझे देख लूंगा प्लीज कुछ कीजिए।,THREAT_INTIMIDATION,hi,conversational_augmented
want to end my life bohot pareshan hu,SELF_HARM_CONCERN,hinglish,conversational_augmented
Help me... my spouse locked me inside without water and hit me,DOMESTIC_FAMILY_VIOLENCE,en,conversational_augmented
घर के दरवाजे पर लातें मार रहा है जल्दी पुलिस भेजिए।,IMMEDIATE_PHYSICAL_DANGER,hi,conversational_augmented
I need urgent help... he warned that no one can save me from him,THREAT_INTIMIDATION,en,conversational_augmented
Excuse me... unstable and fluctuating circumstances right now please do something quickly.,CONTRADICTORY_CHANGING_SITUATION,en,conversational_augmented
he threatened to leak sensitive personal videos online please send police now.,COERCION_BLACKMAIL,en,conversational_augmented
danger is imminent please dispatch emergency unit,IMMEDIATE_PHYSICAL_DANGER,en,conversational_augmented
mohalla wale milkar harrass kar rahe hain,SOCIAL_COMMUNITY_PRESSURE,hinglish,conversational_augmented
dahshat ho rahi hai yahan par,FEAR_DISTRESS_PANIC,hinglish,direct_seed
सुनिए... हमला करने आ रहा है अभी मुझे समझ नहीं आ रहा क्या करूं।,IMMEDIATE_PHYSICAL_DANGER,hi,conversational_augmented
have no family or friends to support me here send help immediately.,ISOLATION_NO_SUPPORT,hinglish,conversational_augmented
landlord threw all luggage out on the street,NO_SAFE_PLACE_HOMELESSNESS,hinglish,conversational_augmented
नमस्ते... वो चला गया है अब सब ठीक है,CURRENT_SAFETY_REASSURANCE,hi,conversational_augmented
bol raha hai ki dekh lunga bahar nikal,THREAT_INTIMIDATION,hinglish,direct_seed
कृपया ध्यान दीजिए... उसने मुझे नहीं धमकाया जल्दी पुलिस भेजिए।,NEUTRAL_NO_INDICATOR,hi,conversational_augmented
Excuse me... he beat me up with a metal rod I am telling the truth.,PHYSICAL_VIOLENCE_INJURY,en,conversational_augmented
help kijiye... usne private photos leak karne ki blackmailing shuru kar di kya aap sun rahe ho?,COERCION_BLACKMAIL,hinglish,conversational_augmented
Please hear me... someone is stalking and following me every day I am telling the truth.,STALKING_FOLLOWING,en,conversational_augmented
I feel so overwhelmed and anxious I don't know what to do.,FEAR_DISTRESS_PANIC,en,conversational_augmented
सर... कभी वो शांत हो जाता है कभी अचानक हमला कर देता है,CONTRADICTORY_CHANGING_SITUATION,hi,conversational_augmented
Sir... he tried to force himself onto me are you listening?,SEXUAL_VIOLENCE_HARASSMENT,en,conversational_augmented
mohalla wale milkar harrass kar rahe hain,SOCIAL_COMMUNITY_PRESSURE,hinglish,direct_seed
a strange man follows me from the bus stop to my house are you listening?,STALKING_FOLLOWING,en,conversational_augmented
दहेज न लाने पर घर से निकालने की धमकी दी तुरंत मदद चाहिए।,DOMESTIC_FAMILY_VIOLENCE,hi,conversational_augmented
नमस्ते... वो मुझे ब्लैकमेल कर रहा है पैसों के लिए जल्दी पुलिस भेजिए।,COERCION_BLACKMAIL,hi,conversational_augmented
chest pain aur breathing difficulty ho rahi hai,MEDICAL_EMERGENCY,hinglish,conversational_augmented
मेरी निजी तस्वीरें वायरल करने की धमकी दे रहा है मैं सच कह रहा हूं।,COERCION_BLACKMAIL,hi,conversational_augmented
Please hear me... I have nowhere to go and nobody to call for assistance,ISOLATION_NO_SUPPORT,en,conversational_augmented
he threatened to kill me and my family,THREAT_INTIMIDATION,hinglish,direct_seed
facing continuous spousal abuse and physical cruelty mai sach bol raha hu.,DOMESTIC_FAMILY_VIOLENCE,hinglish,conversational_augmented
हेल्प कीजिए... तुरंत एम्बुलेंस भेजिए मरीज की हालत गंभीर है,MEDICAL_EMERGENCY,hi,conversational_augmented
मैडम... वो मुझे ब्लैकमेल कर रहा है पैसों के लिए,COERCION_BLACKMAIL,hi,conversational_augmented
Please listen... he tried to force himself onto me are you listening?,SEXUAL_VIOLENCE_HARASSMENT,en,conversational_augmented
unpredictable behaviour hai situation continuously changing mujhe samajh nahi aa raha kya karu.,CONTRADICTORY_CHANGING_SITUATION,hinglish,conversational_augmented
नाबालिग बच्ची की सुरक्षा को लेकर बहुत चिंता है प्लीज कुछ कीजिए।,CHILD_ELDERLY_DISABILITY_VULNERABILITY,hi,conversational_augmented
wo log mere sath bhed bhav aur chhuachhoot kar rahe hain kya aap sun rahe ho?,DISCRIMINATION_CASTE_VULNERABILITY,hinglish,conversational_augmented
कृपया ध्यान दीजिए... सिर पर गहरी चोट है और उल्टियां हो रही हैं जल्दी पुलिस भेजिए।,MEDICAL_EMERGENCY,hi,conversational_augmented
हेल्प कीजिए... उसने मुझे हथियार दिखाकर धमकाया क्या आप सुन रहे हैं?,THREAT_INTIMIDATION,hi,conversational_augmented
Hello... my elderly parents are bedridden and cannot escape please do something quickly.,CHILD_ELDERLY_DISABILITY_VULNERABILITY,en,conversational_augmented
समाज में बदनाम करने की साजिश हो रही है,SOCIAL_COMMUNITY_PRESSURE,hi,conversational_augmented
Help me... Operator: Your grievance number has been logged successfully,NEUTRAL_NO_INDICATOR,en,conversational_augmented
please... in-laws dowry ke liye mentally aur physically abuse kar rahe hain,DOMESTIC_FAMILY_VIOLENCE,hinglish,conversational_augmented
हेल्प कीजिए... मुझे कानूनी सलाह और वकील की मदद चाहिए जल्दी पुलिस भेजिए।,REQUEST_COUNSELLING_LEGAL_MEDICAL,hi,conversational_augmented
विरोधाभासी बातें हो रही हैं यहां माहौल अस्थिर है तुरंत मदद चाहिए।,CONTRADICTORY_CHANGING_SITUATION,hi,conversational_augmented
कृपया ध्यान दीजिए... घर से निकाल दिया गया है सड़क पर बैठी हूं,NO_SAFE_PLACE_HOMELESSNESS,hi,conversational_augmented
I need urgent help... the attacker has left and there is no danger now,CURRENT_SAFETY_REASSURANCE,en,conversational_augmented
jaati soochak shabdon se gali di aur bhedbhav kiya,DISCRIMINATION_CASTE_VULNERABILITY,hinglish,conversational_augmented
प्लीज... घर से निकाल दिया गया है सड़क पर बैठी हूं,NO_SAFE_PLACE_HOMELESSNESS,hi,conversational_augmented
मेरी बात सुनिए... दिव्यांग व्यक्ति पर हमला किया गया है जल्दी पुलिस भेजिए।,CHILD_ELDERLY_DISABILITY_VULNERABILITY,hi,conversational_augmented
dhamki deke gaya hai abhi thodi der pehle,THREAT_INTIMIDATION,hinglish,direct_seed
अरे... छुआछूत का व्यवहार कर रहे हैं हमारे साथ,DISCRIMINATION_CASTE_VULNERABILITY,hi,conversational_augmented
Hello... I feel unsafe and petrified in my room I am telling the truth.,FEAR_DISTRESS_PANIC,en,conversational_augmented
सुनिए... कभी वो शांत हो जाता है कभी अचानक हमला कर देता है जल्दी पुलिस भेजिए।,CONTRADICTORY_CHANGING_SITUATION,hi,conversational_augmented
dhamki mil rahi hai ki maar dalega mai sach bol raha hu.,THREAT_INTIMIDATION,hinglish,conversational_augmented
Sir... my elderly parents are bedridden and cannot escape I don't know what to do.,CHILD_ELDERLY_DISABILITY_VULNERABILITY,en,conversational_augmented
urgent hai... minor child ki safety at high risk right now mujhe samajh nahi aa raha kya karu.,CHILD_ELDERLY_DISABILITY_VULNERABILITY,hinglish,conversational_augmented
अरे... पूरे गांव और पंचायत ने हमारा बहिष्कार कर दिया है,SOCIAL_COMMUNITY_PRESSURE,hi,conversational_augmented
मैडम... घर से निकाल दिया गया है सड़क पर बैठी हूं मुझे समझ नहीं आ रहा क्या करूं।,NO_SAFE_PLACE_HOMELESSNESS,hi,conversational_augmented
सर... काउंसलर से बात करा दीजिए मानसिक तनाव के लिए,REQUEST_COUNSELLING_LEGAL_MEDICAL,hi,conversational_augmented
Excuse me... I don't know the exact landmark around me,UNCERTAINTY_UNCLEAR_INFO,en,conversational_augmented
ab sab normal hai danger pass ho gaya hai,CURRENT_SAFETY_REASSURANCE,hinglish,conversational_augmented
urgent hai... ek ladka roz mera peecha karta hai office se ghar,STALKING_FOLLOWING,hinglish,conversational_augmented
madam... heavy bleeding ho rahi hai ambulance chahiye turant kya aap sun rahe ho?,MEDICAL_EMERGENCY,hinglish,conversational_augmented
Hello... I have no reason to stay alive are you listening?,SELF_HARM_CONCERN,en,conversational_augmented
सुनिए... दलित होने के कारण कुएं से पानी नहीं भरने दिया प्लीज कुछ कीजिए।,DISCRIMINATION_CASTE_VULNERABILITY,hi,conversational_augmented
Sir... I cannot clearly recall the exact details or location please help immediately.,UNCERTAINTY_UNCLEAR_INFO,en,conversational_augmented
suniye... no safe place to sleep tonight stranded on footpath,NO_SAFE_PLACE_HOMELESSNESS,hinglish,conversational_augmented
madam... bachhe dar ke maare ro rahe hain mujhe samajh nahi aa raha kya karu.,FEAR_DISTRESS_PANIC,hinglish,conversational_augmented
help kijiye... coercing me into doing things against my consent please madad karo.,COERCION_BLACKMAIL,hinglish,conversational_augmented
हम केवल समय और तारीख की जानकारी के लिए कॉल किए हैं मुझे समझ नहीं आ रहा क्या करूं।,NEUTRAL_NO_INDICATOR,hi,conversational_augmented
सुनिए... मेरी निजी तस्वीरें वायरल करने की धमकी दे रहा है मुझे समझ नहीं आ रहा क्या करूं।,COERCION_BLACKMAIL,hi,conversational_augmented
मुझे ठीक से याद नहीं आ रहा क्या हुआ था क्या आप सुन रहे हैं?,UNCERTAINTY_UNCLEAR_INFO,hi,conversational_augmented
प्लीज... काउंसलर से बात करा दीजिए मानसिक तनाव के लिए,REQUEST_COUNSELLING_LEGAL_MEDICAL,hi,conversational_augmented
inappropriate physical contact kiya forcefully,SEXUAL_VIOLENCE_HARASSMENT,hinglish,direct_seed
disabled person par assault attempt hua hai kya aap sun rahe ho?,CHILD_ELDERLY_DISABILITY_VULNERABILITY,hinglish,conversational_augmented
प्लीज... he threatened me but I am safe now,CURRENT_SAFETY_REASSURANCE,hi,conversational_augmented
Please listen... I am completely alone and have nobody to help me I don't know what to do.,ISOLATION_NO_SUPPORT,en,conversational_augmented
मैडम... मेरे साथ भेदभाव कर रहे हैं और नीची जाति बोल रहे हैं मैं सच कह रहा हूं।,DISCRIMINATION_CASTE_VULNERABILITY,hi,conversational_augmented
help kijiye... sexual harassment ho raha hai office mein,SEXUAL_VIOLENCE_HARASSMENT,hinglish,conversational_augmented
ab mai safe hu police aa gayi hai send help immediately.,CURRENT_SAFETY_REASSURANCE,hinglish,conversational_augmented
no safe place to sleep tonight stranded on footpath,NO_SAFE_PLACE_HOMELESSNESS,hinglish,conversational_augmented
Ma'am... I am a victim of severe domestic violence at home I am telling the truth.,DOMESTIC_FAMILY_VIOLENCE,en,conversational_augmented
सुनिए... खतरे में हूं तुरंत पुलिस भेजिए मुझे समझ नहीं आ रहा क्या करूं।,IMMEDIATE_PHYSICAL_DANGER,hi,conversational_augmented
सुनिए... पड़ोसियों ने आकर मुझे बचा लिया अब सुरक्षित हूं,CURRENT_SAFETY_REASSURANCE,hi,conversational_augmented
Help me... I am uncertain and confused about what transpired are you listening?,UNCERTAINTY_UNCLEAR_INFO,en,conversational_augmented
अरे... आत्महत्या करने का ख्याल आ रहा है जल्दी पुलिस भेजिए।,SELF_HARM_CONCERN,hi,conversational_augmented
मैं बहुत परेशान हूं... पीसीआर वैन को अलर्ट करके भेजो जल्दी प्लीज कुछ कीजिए।,REQUEST_POLICE_EMERGENCY_HELP,hi,conversational_augmented
please... marpeet karke fractured my arm kya aap sun rahe ho?,PHYSICAL_VIOLENCE_INJURY,hinglish,conversational_augmented
Help me... I am a victim of severe domestic violence at home I am telling the truth.,DOMESTIC_FAMILY_VIOLENCE,en,conversational_augmented
Help me... he touched me inappropriately against my will,SEXUAL_VIOLENCE_HARASSMENT,en,conversational_augmented
listen... marr jana chahti hu sabse tang aake mai sach bol raha hu.,SELF_HARM_CONCERN,hinglish,conversational_augmented
chest pain aur breathing difficulty ho rahi hai send help immediately.,MEDICAL_EMERGENCY,hinglish,conversational_augmented
अरे... पति ने कमरे में बंद करके पीटा,DOMESTIC_FAMILY_VIOLENCE,hi,conversational_augmented
want to end my life bohot pareshan hu,SELF_HARM_CONCERN,hinglish,conversational_augmented
suniye... not sure what happened exactly unclear memory mujhe samajh nahi aa raha kya karu.,UNCERTAINTY_UNCLEAR_INFO,hinglish,conversational_augmented
the local panchayat has ordered a complete social boycott,SOCIAL_COMMUNITY_PRESSURE,en,conversational_augmented
domestic violence ho rahi hai mere sath ghar par,DOMESTIC_FAMILY_VIOLENCE,hinglish,conversational_augmented
he attacked me with a blade and cut my arm,PHYSICAL_VIOLENCE_INJURY,en,conversational_augmented
he did not try to harm or intimidate me,NEUTRAL_NO_INDICATOR,en,direct_seed
I need urgent help... I have no safe shelter or roof over my head tonight please do something quickly.,NO_SAFE_PLACE_HOMELESSNESS,en,conversational_augmented
I need urgent help... he touched me inappropriately against my will please do something quickly.,SEXUAL_VIOLENCE_HARASSMENT,en,conversational_augmented
suniye... he has broken the latch of the gate mujhe samajh nahi aa raha kya karu.,IMMEDIATE_PHYSICAL_DANGER,hinglish,conversational_augmented
please... need immediate police intervention and escort mujhe samajh nahi aa raha kya karu.,REQUEST_POLICE_EMERGENCY_HELP,hinglish,conversational_augmented
suniye... panchayat ne social boycott announce kar diya hamara mai sach bol raha hu.,SOCIAL_COMMUNITY_PRESSURE,hinglish,conversational_augmented
there is an infant and a pregnant woman in the house,CHILD_ELDERLY_DISABILITY_VULNERABILITY,en,conversational_augmented
सर... उसने मुझे गलत तरीके से छुआ मैं सच कह रहा हूं।,SEXUAL_VIOLENCE_HARASSMENT,hi,conversational_augmented
arre... sexual harassment ho raha hai office mein please madad karo.,SEXUAL_VIOLENCE_HARASSMENT,hinglish,conversational_augmented
contradictory situation hai outcome uncertain hai mai sach bol raha hu.,CONTRADICTORY_CHANGING_SITUATION,hinglish,conversational_augmented
arre... he follows me everywhere I go,STALKING_FOLLOWING,hinglish,conversational_augmented
minor child ki safety at high risk right now kya aap sun rahe ho?,CHILD_ELDERLY_DISABILITY_VULNERABILITY,hinglish,conversational_augmented
urgent hai... homeless ho gaye hain koi shelter nahi hai,NO_SAFE_PLACE_HOMELESSNESS,hinglish,conversational_augmented
नमस्ते... छाती में तेज दर्द है और बहुत ज्यादा खून बह रहा है जल्दी पुलिस भेजिए।,MEDICAL_EMERGENCY,hi,conversational_augmented
प्लीज... अब मैं पूरी तरह सुरक्षित हूं कोई खतरा नहीं है,CURRENT_SAFETY_REASSURANCE,hi,conversational_augmented
Sir... I would like to speak to a psychological counselor,REQUEST_COUNSELLING_LEGAL_MEDICAL,en,conversational_augmented
alert the local police station for immediate response,REQUEST_POLICE_EMERGENCY_HELP,en,conversational_augmented
we are facing intense community ostracization and pressure please send police now.,SOCIAL_COMMUNITY_PRESSURE,en,conversational_augmented
Sir... he threatened me but I am safe now please send police now.,CURRENT_SAFETY_REASSURANCE,en,conversational_augmented
Please hear me... I would like to speak to a psychological counselor,REQUEST_COUNSELLING_LEGAL_MEDICAL,en,conversational_augmented
हेल्प कीजिए... तुरंत एम्बुलेंस भेजिए मरीज की हालत गंभीर है,MEDICAL_EMERGENCY,hi,conversational_augmented
punched and kicked me repeatedly jaldi kuch kijiye.,PHYSICAL_VIOLENCE_INJURY,hinglish,conversational_augmented
Ma'am... experiencing severe chest pain and medical collapse I am telling the truth.,MEDICAL_EMERGENCY,en,conversational_augmented
Excuse me... my spouse locked me inside without water and hit me are you listening?,DOMESTIC_FAMILY_VIOLENCE,en,conversational_augmented
Please hear me... I am isolated in this house with zero support,ISOLATION_NO_SUPPORT,en,conversational_augmented
usne bola agar police bulayi toh zinda nahi chodega mai sach bol raha hu.,THREAT_INTIMIDATION,hinglish,conversational_augmented
sometimes calm sometimes suddenly attacks again jaldi kuch kijiye.,CONTRADICTORY_CHANGING_SITUATION,hinglish,conversational_augmented
he threatened to leak sensitive personal videos online,COERCION_BLACKMAIL,en,conversational_augmented
प्लीज... मुझे थेरेपिस्ट से काउंसलिंग की जरूरत है प्लीज कुछ कीजिए।,REQUEST_COUNSELLING_LEGAL_MEDICAL,hi,conversational_augmented
धमकी मिली है कि चुप रहो वरना अंजाम बुरा होगा तुरंत मदद चाहिए।,THREAT_INTIMIDATION,hi,conversational_augmented
सुनिए... किराए के कमरे से जबरन सामान फेंक कर निकाल दिया जल्दी पुलिस भेजिए।,NO_SAFE_PLACE_HOMELESSNESS,hi,conversational_augmented
sir... completely isolated and stranded without contacts jaldi kuch kijiye.,ISOLATION_NO_SUPPORT,hinglish,conversational_augmented
सर... धमकी दे रहा है कि पूरे परिवार को खत्म कर देगा,THREAT_INTIMIDATION,hi,conversational_augmented
Excuse me... we were forcibly evicted and have no place to go,NO_SAFE_PLACE_HOMELESSNESS,en,conversational_augmented
हेल्प कीजिए... तुरंत पुलिस भेजिए यहां बहुत जरूरी है क्या आप सुन रहे हैं?,REQUEST_POLICE_EMERGENCY_HELP,hi,conversational_augmented
सर... पूरे गांव और पंचायत ने हमारा बहिष्कार कर दिया है क्या आप सुन रहे हैं?,SOCIAL_COMMUNITY_PRESSURE,hi,conversational_augmented
विरोधाभासी बातें हो रही हैं यहां माहौल अस्थिर है जल्दी पुलिस भेजिए।,CONTRADICTORY_CHANGING_SITUATION,hi,conversational_augmented
सामूहिक रूप से हम पर दबाव बनाया जा रहा है तुरंत मदद चाहिए।,SOCIAL_COMMUNITY_PRESSURE,hi,conversational_augmented
सर... 112 की टीम को तुरंत मेरे पते पर भेजिए मैं सच कह रहा हूं।,REQUEST_POLICE_EMERGENCY_HELP,hi,conversational_augmented
urgent hai... khatre me hu please send polce right now send help immediately.,IMMEDIATE_PHYSICAL_DANGER,hinglish,conversational_augmented
मुझे ठीक से याद नहीं आ रहा क्या हुआ था,UNCERTAINTY_UNCLEAR_INFO,hi,conversational_augmented
gala dabane ki koshish ki usne kya aap sun rahe ho?,PHYSICAL_VIOLENCE_INJURY,hinglish,conversational_augmented
I have no family or friends in this city to turn to,ISOLATION_NO_SUPPORT,en,conversational_augmented
Hello... he made vulgar sexual gestures and touched me,SEXUAL_VIOLENCE_HARASSMENT,en,conversational_augmented
he shoved me down the stairs violently please do something quickly.,PHYSICAL_VIOLENCE_INJURY,en,conversational_augmented
sir... blakmail karke mental torture de raha hai,COERCION_BLACKMAIL,hinglish,conversational_augmented
suniye... koi reason nahi bacha live karne ka kya aap sun rahe ho?,SELF_HARM_CONCERN,hinglish,conversational_augmented
madam... khoon beh raha hai ambulance chahiye,PHYSICAL_VIOLENCE_INJURY,hinglish,conversational_augmented
usne private photos leak karne ki blackmailing shuru kar di,COERCION_BLACKMAIL,hinglish,direct_seed
हेल्प कीजिए... मुझे जीने की कोई उम्मीद नहीं दिख रही प्लीज कुछ कीजिए।,SELF_HARM_CONCERN,hi,conversational_augmented
sir... just calling to inquire about the government scheme timings send help immediately.,NEUTRAL_NO_INDICATOR,hinglish,conversational_augmented
arre... koi madad karne wala nahi hai bilkul akeli hu,ISOLATION_NO_SUPPORT,hinglish,conversational_augmented
hello... unpredictable behaviour hai situation continuously changing kya aap sun rahe ho?,CONTRADICTORY_CHANGING_SITUATION,hinglish,conversational_augmented
advocate ki sahayata chahiye grievance file karne me,REQUEST_COUNSELLING_LEGAL_MEDICAL,hinglish,direct_seed
मेरी बात सुनिए... नाबालिग बच्ची की सुरक्षा को लेकर बहुत चिंता है प्लीज कुछ कीजिए।,CHILD_ELDERLY_DISABILITY_VULNERABILITY,hi,conversational_augmented
not sure what happened exactly unclear memory mai sach bol raha hu.,UNCERTAINTY_UNCLEAR_INFO,hinglish,conversational_augmented
कृपया ध्यान दीजिए... अकेले कमरे में बंद हूं कोई रिश्तेदार नहीं है जल्दी पुलिस भेजिए।,ISOLATION_NO_SUPPORT,hi,conversational_augmented
hello... tracking my daily movements and clicking photos please madad karo.,STALKING_FOLLOWING,hinglish,conversational_augmented
mai bohot pareshan hu... body pe bohot injuries hain marpeet hui hai mai sach bol raha hu.,PHYSICAL_VIOLENCE_INJURY,hinglish,conversational_augmented
"Hello... I need an ambulance immediately, severe bleeding",MEDICAL_EMERGENCY,en,conversational_augmented
सर... उसने मुझे नहीं धमकाया,NEUTRAL_NO_INDICATOR,hi,conversational_augmented
please... peecha karke darwaaze tak aa gaya mai sach bol raha hu.,STALKING_FOLLOWING,hinglish,conversational_augmented
मुझे कानूनी सलाह और वकील की मदद चाहिए प्लीज कुछ कीजिए।,REQUEST_COUNSELLING_LEGAL_MEDICAL,hi,conversational_augmented
tracking my daily movements and clicking photos send help immediately.,STALKING_FOLLOWING,hinglish,conversational_augmented
भेदभाव कर रहे हैं और अपमानजनक शब्द बोल रहे हैं प्लीज कुछ कीजिए।,DISCRIMINATION_CASTE_VULNERABILITY,hi,conversational_augmented
hello... blakmail karke mental torture de raha hai mai sach bol raha hu.,COERCION_BLACKMAIL,hinglish,conversational_augmented
mai bohot pareshan hu... physically attacked me and beat me with stick,PHYSICAL_VIOLENCE_INJURY,hinglish,conversational_augmented
मैं बहुत डरा हुआ हूं प्लीज कुछ कीजिए।,FEAR_DISTRESS_PANIC,hi,conversational_augmented
हमला करके मुझे नीचे गिरा दिया,PHYSICAL_VIOLENCE_INJURY,hi,direct_seed
ab sab normal hai danger pass ho gaya hai jaldi kuch kijiye.,CURRENT_SAFETY_REASSURANCE,hinglish,conversational_augmented
mai bohot pareshan hu... khoon beh raha hai ambulance chahiye jaldi kuch kijiye.,PHYSICAL_VIOLENCE_INJURY,hinglish,conversational_augmented
I don't want to live anymore,SELF_HARM_CONCERN,en,direct_seed
they are intimidating and threatening my household,THREAT_INTIMIDATION,en,conversational_augmented
स्थिति हर पल बदल रही है कुछ समझ नहीं आ रहा मुझे समझ नहीं आ रहा क्या करूं।,CONTRADICTORY_CHANGING_SITUATION,hi,conversational_augmented
madam... need mental health counselling and legal guidance,REQUEST_COUNSELLING_LEGAL_MEDICAL,hinglish,conversational_augmented
please... roz threatening messages bhej raha hai send help immediately.,THREAT_INTIMIDATION,hinglish,conversational_augmented
Officer... I am completely alone and have nobody to help me please help immediately.,ISOLATION_NO_SUPPORT,en,conversational_augmented
हेल्प कीजिए... मुझे कानूनी सलाह और वकील की मदद चाहिए प्लीज कुछ कीजिए।,REQUEST_COUNSELLING_LEGAL_MEDICAL,hi,conversational_augmented
सर... पति ने कमरे में बंद करके पीटा क्या आप सुन रहे हैं?,DOMESTIC_FAMILY_VIOLENCE,hi,conversational_augmented
अरे... कन्फ्यूज हूं शायद कल या परसों की बात है,UNCERTAINTY_UNCLEAR_INFO,hi,conversational_augmented
हेल्प कीजिए... विरोधाभासी बातें हो रही हैं यहां माहौल अस्थिर है मैं सच कह रहा हूं।,CONTRADICTORY_CHANGING_SITUATION,hi,conversational_augmented
सुनिए... कभी वो शांत हो जाता है कभी अचानक हमला कर देता है,CONTRADICTORY_CHANGING_SITUATION,hi,conversational_augmented
I don't want to live anymore please send police now.,SELF_HARM_CONCERN,en,conversational_augmented
suniye... he is standing right outside my door with a knife,IMMEDIATE_PHYSICAL_DANGER,hinglish,conversational_augmented
bohot zyada panic situation hai mujhe samajh nahi aa raha kya karu.,FEAR_DISTRESS_PANIC,hinglish,conversational_augmented
Please hear me... the patient is unconscious and unable to breathe please do something quickly.,MEDICAL_EMERGENCY,en,conversational_augmented
he attacked me with a blade and cut my arm,PHYSICAL_VIOLENCE_INJURY,en,direct_seed
sir... in-laws dowry ke liye mentally aur physically abuse kar rahe hain,DOMESTIC_FAMILY_VIOLENCE,hinglish,conversational_augmented
स्टॉकिंग कर रहा है लगातार नजर रख रहा है,STALKING_FOLLOWING,hi,conversational_augmented
मेरी बात सुनिए... खौफ में जी रहे हैं हम मुझे समझ नहीं आ रहा क्या करूं।,FEAR_DISTRESS_PANIC,hi,conversational_augmented
नमस्ते... he threatened me but I am safe now,CURRENT_SAFETY_REASSURANCE,hi,conversational_augmented
arre... koi madad karne wala nahi hai bilkul akeli hu kya aap sun rahe ho?,ISOLATION_NO_SUPPORT,hinglish,conversational_augmented
मैं यहां बिल्कुल अकेली हूं कोई मदद करने वाला नहीं,ISOLATION_NO_SUPPORT,hi,conversational_augmented
someone is stalking and following me every day,STALKING_FOLLOWING,en,conversational_augmented
sasural wale roz taane dete hain aur maarte hain,DOMESTIC_FAMILY_VIOLENCE,hinglish,conversational_augmented
अरे... कन्फ्यूज हूं शायद कल या परसों की बात है जल्दी पुलिस भेजिए।,UNCERTAINTY_UNCLEAR_INFO,hi,conversational_augmented
Hello... my family members are physically abusing me I don't know what to do.,DOMESTIC_FAMILY_VIOLENCE,en,conversational_augmented
mob bahar khadi hai attack karne ke liye,IMMEDIATE_PHYSICAL_DANGER,hinglish,direct_seed
मेरी बात सुनिए... अकेले कमरे में बंद हूं कोई रिश्तेदार नहीं है प्लीज कुछ कीजिए।,ISOLATION_NO_SUPPORT,hi,conversational_augmented
Officer... facing continuous discrimination and harassment based on my caste I don't know what to do.,DISCRIMINATION_CASTE_VULNERABILITY,en,conversational_augmented
deep head laceration with heavy blood loss,MEDICAL_EMERGENCY,en,conversational_augmented
पहले लगा कि सब ठीक है लेकिन अचानक फिर झगड़ा शुरू हो गया जल्दी पुलिस भेजिए।,CONTRADICTORY_CHANGING_SITUATION,hi,conversational_augmented
please... meri jaan khatre mein hai abhi ke abhi mujhe samajh nahi aa raha kya karu.,IMMEDIATE_PHYSICAL_DANGER,hinglish,conversational_augmented
an aggressive person is standing at my doorstep are you listening?,IMMEDIATE_PHYSICAL_DANGER,en,conversational_augmented
Hello... I am being discriminated against at work and in public,DISCRIMINATION_CASTE_VULNERABILITY,en,conversational_augmented
हेल्प कीजिए... तुरंत एम्बुलेंस भेजिए मरीज की हालत गंभीर है,MEDICAL_EMERGENCY,hi,conversational_augmented
नमस्ते... जीने की कोई वजह नहीं बची है प्लीज कुछ कीजिए।,SELF_HARM_CONCERN,hi,conversational_augmented
please... heavy bleeding ho rahi hai ambulance chahiye turant send help immediately.,MEDICAL_EMERGENCY,hinglish,conversational_augmented
I have been thrown out of my house onto the street please do something quickly.,NO_SAFE_PLACE_HOMELESSNESS,en,conversational_augmented
he made severe verbal threats against my safety,THREAT_INTIMIDATION,en,direct_seed
कृपया ध्यान दीजिए... ससुराल वाले दहेज के लिए प्रताड़ित कर रहे हैं मुझे समझ नहीं आ रहा क्या करूं।,DOMESTIC_FAMILY_VIOLENCE,hi,conversational_augmented
suniye... sasural wale roz taane dete hain aur maarte hain mujhe samajh nahi aa raha kya karu.,DOMESTIC_FAMILY_VIOLENCE,hinglish,conversational_augmented
"Please hear me... Hello, welcome to the National Helpline 14566",NEUTRAL_NO_INDICATOR,en,conversational_augmented
he said he will shoot me if I go out,THREAT_INTIMIDATION,en,direct_seed
madam... heavy bleeding ho rahi hai ambulance chahiye turant kya aap sun rahe ho?,MEDICAL_EMERGENCY,hinglish,conversational_augmented
समाज में बदनाम करने की साजिश हो रही है,SOCIAL_COMMUNITY_PRESSURE,hi,direct_seed
bahut ghabrahat ho rahi hai panic ho raha hai,FEAR_DISTRESS_PANIC,hinglish,conversational_augmented
listen... ek ladka roz mera peecha karta hai office se ghar,STALKING_FOLLOWING,hinglish,conversational_augmented
Please listen... I would like to speak to a psychological counselor please send police now.,REQUEST_COUNSELLING_LEGAL_MEDICAL,en,conversational_augmented
Officer... we are facing intense community ostracization and pressure please send police now.,SOCIAL_COMMUNITY_PRESSURE,en,conversational_augmented
I don't know the exact landmark around me please send police now.,UNCERTAINTY_UNCLEAR_INFO,en,conversational_augmented
alert the local police station for immediate response,REQUEST_POLICE_EMERGENCY_HELP,en,direct_seed
मैं बहुत परेशान हूं... पूरे गांव और पंचायत ने हमारा बहिष्कार कर दिया है तुरंत मदद चाहिए।,SOCIAL_COMMUNITY_PRESSURE,hi,conversational_augmented
हेल्प कीजिए... कोई सहारा नहीं है बिल्कुल बेसहारा हूं मुझे समझ नहीं आ रहा क्या करूं।,ISOLATION_NO_SUPPORT,hi,conversational_augmented
patient is unconscious please dispatch medical team kya aap sun rahe ho?,MEDICAL_EMERGENCY,hinglish,conversational_augmented
he has broken the latch of the gate send help immediately.,IMMEDIATE_PHYSICAL_DANGER,hinglish,conversational_augmented
पति रोज शराब पीकर मारपीट करता है,DOMESTIC_FAMILY_VIOLENCE,hi,conversational_augmented
Excuse me... the person fluctuates unpredictably between calm and rage I don't know what to do.,CONTRADICTORY_CHANGING_SITUATION,en,conversational_augmented
arre... shaking with fear right now jaldi kuch kijiye.,FEAR_DISTRESS_PANIC,hinglish,conversational_augmented
अब इस दर्द को और नहीं सह सकती,SELF_HARM_CONCERN,hi,conversational_augmented
Sir... I have no safe shelter or roof over my head tonight I am telling the truth.,NO_SAFE_PLACE_HOMELESSNESS,en,conversational_augmented
arre... jaati soochak shabdon se gali di aur bhedbhav kiya kya aap sun rahe ho?,DISCRIMINATION_CASTE_VULNERABILITY,hinglish,conversational_augmented
he threatened to murder me in broad daylight,THREAT_INTIMIDATION,en,direct_seed
mai bohot pareshan hu... facing continuous spousal abuse and physical cruelty please madad karo.,DOMESTIC_FAMILY_VIOLENCE,hinglish,conversational_augmented
madam... pehle laga situation normal ho gayi par fir se violent ho gaya kya aap sun rahe ho?,CONTRADICTORY_CHANGING_SITUATION,hinglish,conversational_augmented
blackmail kar raha hai ki social media par daal dega,COERCION_BLACKMAIL,hinglish,conversational_augmented
he threatened me but I am safe now kya aap sun rahe ho?,CURRENT_SAFETY_REASSURANCE,hinglish,conversational_augmented
community elders are pressurizing us to withdraw the complaint I am telling the truth.,SOCIAL_COMMUNITY_PRESSURE,en,conversational_augmented
प्लीज... तुरंत सुरक्षा भेजो वो हमला कर देगा क्या आप सुन रहे हैं?,IMMEDIATE_PHYSICAL_DANGER,hi,conversational_augmented
गंदी हरकतें और अश्लील इशारे कर रहा है मैं सच कह रहा हूं।,SEXUAL_VIOLENCE_HARASSMENT,hi,conversational_augmented
he threatened me but I am safe now kya aap sun rahe ho?,CURRENT_SAFETY_REASSURANCE,hinglish,conversational_augmented
please... advocate ki sahayata chahiye grievance file karne me mai sach bol raha hu.,REQUEST_COUNSELLING_LEGAL_MEDICAL,hinglish,conversational_augmented
operator: how may I assist your query today sir? jaldi kuch kijiye.,NEUTRAL_NO_INDICATOR,hinglish,conversational_augmented
कृपया ध्यान दीजिए... खतरा टल चुका है अब कोई डर नहीं है मुझे समझ नहीं आ रहा क्या करूं।,CURRENT_SAFETY_REASSURANCE,hi,conversational_augmented
मैडम... मजबूर कर रहा है गैरकानूनी काम करने के लिए प्लीज कुछ कीजिए।,COERCION_BLACKMAIL,hi,conversational_augmented
Hello... unstable and fluctuating circumstances right now,CONTRADICTORY_CHANGING_SITUATION,en,conversational_augmented
urgent hai... koi sath nahi de raha sabne contact tod diya jaldi kuch kijiye.,ISOLATION_NO_SUPPORT,hinglish,conversational_augmented
we were denied access to the public well due to our caste,DISCRIMINATION_CASTE_VULNERABILITY,en,direct_seed
Help me... I feel completely helpless and scared,FEAR_DISTRESS_PANIC,en,conversational_augmented
Officer... they are describing and discriminating against me unfairly I am telling the truth.,DISCRIMINATION_CASTE_VULNERABILITY,en,conversational_augmented
Please hear me... the patient is unconscious and unable to breathe please do something quickly.,MEDICAL_EMERGENCY,en,conversational_augmented
Sir... I am extremely frightened for my life please send police now.,FEAR_DISTRESS_PANIC,en,conversational_augmented
मैं बहुत परेशान हूं... पति रोज शराब पीकर मारपीट करता है जल्दी पुलिस भेजिए।,DOMESTIC_FAMILY_VIOLENCE,hi,conversational_augmented
Sir... the person fluctuates unpredictably between calm and rage,CONTRADICTORY_CHANGING_SITUATION,en,conversational_augmented
Hello... he threatened to leak sensitive personal videos online please help immediately.,COERCION_BLACKMAIL,en,conversational_augmented
सर... काउंसलर से बात करा दीजिए मानसिक तनाव के लिए मुझे समझ नहीं आ रहा क्या करूं।,REQUEST_COUNSELLING_LEGAL_MEDICAL,hi,conversational_augmented
कृपया ध्यान दीजिए... मेरा इस शहर में कोई नहीं है सबने छोड़ दिया तुरंत मदद चाहिए।,ISOLATION_NO_SUPPORT,hi,conversational_augmented
I am stranded and all alone in this situation please send police now.,ISOLATION_NO_SUPPORT,en,conversational_augmented
Please hear me... community elders are pressurizing us to withdraw the complaint,SOCIAL_COMMUNITY_PRESSURE,en,conversational_augmented
bohot pareshan hu dar lag raha hai,FEAR_DISTRESS_PANIC,hinglish,direct_seed
hello... ghabrahat se saans phool rahi hai,FEAR_DISTRESS_PANIC,hinglish,conversational_augmented
help kijiye... homeless ho gaye hain koi shelter nahi hai,NO_SAFE_PLACE_HOMELESSNESS,hinglish,conversational_augmented
mohalla wale milkar harrass kar rahe hain,SOCIAL_COMMUNITY_PRESSURE,hinglish,conversational_augmented
Sir... I cannot continue living like this please do something quickly.,SELF_HARM_CONCERN,en,conversational_augmented
suniye... mujhe exact location yaad nahi aa rahi confuse hu mujhe samajh nahi aa raha kya karu.,UNCERTAINTY_UNCLEAR_INFO,hinglish,conversational_augmented
Hello... my heart is pounding with extreme anxiety please do something quickly.,FEAR_DISTRESS_PANIC,en,conversational_augmented
please dispatch police to my location immediately,REQUEST_POLICE_EMERGENCY_HELP,en,conversational_augmented
help kijiye... stalking me continuously for past two weeks kya aap sun rahe ho?,STALKING_FOLLOWING,hinglish,conversational_augmented
सिर पर गहरी चोट है और उल्टियां हो रही हैं प्लीज कुछ कीजिए।,MEDICAL_EMERGENCY,hi,conversational_augmented
चाकू से वार करके घायल कर दिया मुझे समझ नहीं आ रहा क्या करूं।,PHYSICAL_VIOLENCE_INJURY,hi,conversational_augmented
Please listen... I am being blackmailed and pressurized constantly I don't know what to do.,COERCION_BLACKMAIL,en,conversational_augmented
I have nowhere to go and nobody to call for assistance,ISOLATION_NO_SUPPORT,en,conversational_augmented
Sir... I am stranded and all alone in this situation please do something quickly.,ISOLATION_NO_SUPPORT,en,conversational_augmented
सुनिए... कोई साथ देने वाला नहीं है चारों तरफ से अकेली हूं प्लीज कुछ कीजिए।,ISOLATION_NO_SUPPORT,hi,conversational_augmented
inappropriate physical contact kiya forcefully mai sach bol raha hu.,SEXUAL_VIOLENCE_HARASSMENT,hinglish,conversational_augmented
he has broken the latch of the gate,IMMEDIATE_PHYSICAL_DANGER,hinglish,direct_seed
hello... sometimes calm sometimes suddenly attacks again,CONTRADICTORY_CHANGING_SITUATION,hinglish,conversational_augmented
hello... roz ghar ke bahar khada rehta hai bike leke please madad karo.,STALKING_FOLLOWING,hinglish,conversational_augmented
Please listen... a strange man follows me from the bus stop to my house please do something quickly.,STALKING_FOLLOWING,en,conversational_augmented
she did not threaten anyone,NEUTRAL_NO_INDICATOR,en,direct_seed
Sir... I am being extorted and coerced under threat of defamation I am telling the truth.,COERCION_BLACKMAIL,en,conversational_augmented
सुनिए... कोई साथ देने वाला नहीं है चारों तरफ से अकेली हूं मैं सच कह रहा हूं।,ISOLATION_NO_SUPPORT,hi,conversational_augmented
punched and kicked me repeatedly send help immediately.,PHYSICAL_VIOLENCE_INJURY,hinglish,conversational_augmented
I need urgent help... he assaulted me while abusing my marginalized identity please help immediately.,DISCRIMINATION_CASTE_VULNERABILITY,en,conversational_augmented
नमस्ते... वो चला गया है अब सब ठीक है,CURRENT_SAFETY_REASSURANCE,hi,conversational_augmented
किराए के कमरे से जबरन सामान फेंक कर निकाल दिया जल्दी पुलिस भेजिए।,NO_SAFE_PLACE_HOMELESSNESS,hi,conversational_augmented
legal advice and free legal aid lawyer chahiye please madad karo.,REQUEST_COUNSELLING_LEGAL_MEDICAL,hinglish,conversational_augmented
Ma'am... deep head laceration with heavy blood loss are you listening?,MEDICAL_EMERGENCY,en,conversational_augmented
help kijiye... pcr van bhejo jaldi address par,REQUEST_POLICE_EMERGENCY_HELP,hinglish,conversational_augmented
Hello... the person fluctuates unpredictably between calm and rage I am telling the truth.,CONTRADICTORY_CHANGING_SITUATION,en,conversational_augmented
मैं बहुत परेशान हूं... पहले लगा कि सब ठीक है लेकिन अचानक फिर झगड़ा शुरू हो गया,CONTRADICTORY_CHANGING_SITUATION,hi,conversational_augmented
पहले लगा कि सब ठीक है लेकिन अचानक फिर झगड़ा शुरू हो गया जल्दी पुलिस भेजिए।,CONTRADICTORY_CHANGING_SITUATION,hi,conversational_augmented
listen... mere sath discrimination ho raha hai office me jaldi kuch kijiye.,DISCRIMINATION_CASTE_VULNERABILITY,hinglish,conversational_augmented
नमस्ते... जातिगत भेदभाव और छुआछूत का शिकार बनाया गया,DISCRIMINATION_CASTE_VULNERABILITY,hi,conversational_augmented
मैं अपने आप को नुकसान पहुंचा लूंगी,SELF_HARM_CONCERN,hi,direct_seed
"Please hear me... I am completely safe now, police have arrived",CURRENT_SAFETY_REASSURANCE,en,conversational_augmented
Sir... we were forcibly evicted and have no place to go please help immediately.,NO_SAFE_PLACE_HOMELESSNESS,en,conversational_augmented
धमकी दे रहा है कि तेरी जिंदगी नरक बना दूंगा जल्दी पुलिस भेजिए।,THREAT_INTIMIDATION,hi,conversational_augmented
प्लीज... ब्लैकमेल करके लगातार दबाव बना रहा है तुरंत मदद चाहिए।,COERCION_BLACKMAIL,hi,conversational_augmented
Ma'am... someone is stalking and following me every day,STALKING_FOLLOWING,en,conversational_augmented
hello... describe kar rahe the mere saath discrimi,DISCRIMINATION_CASTE_VULNERABILITY,hinglish,conversational_augmented
सुनिए... मेरी निजी तस्वीरें वायरल करने की धमकी दे रहा है जल्दी पुलिस भेजिए।,COERCION_BLACKMAIL,hi,conversational_augmented
Ma'am... I am being blackmailed and pressurized constantly please do something quickly.,COERCION_BLACKMAIL,en,conversational_augmented
प्लीज... आत्महत्या करने का ख्याल आ रहा है,SELF_HARM_CONCERN,hi,conversational_augmented
मैं बहुत परेशान हूं... पति ने कमरे में बंद करके पीटा प्लीज कुछ कीजिए।,DOMESTIC_FAMILY_VIOLENCE,hi,conversational_augmented
"I am not in danger, just asking about the registration process please do something quickly.",NEUTRAL_NO_INDICATOR,en,conversational_augmented
completely isolated and stranded without contacts,ISOLATION_NO_SUPPORT,hinglish,conversational_augmented
कृपया ध्यान दीजिए... रात में सड़क पर खड़ी हूं कोई सुरक्षित जगह नहीं है क्या आप सुन रहे हैं?,NO_SAFE_PLACE_HOMELESSNESS,hi,conversational_augmented
Excuse me... there is an infant and a pregnant woman in the house please do something quickly.,CHILD_ELDERLY_DISABILITY_VULNERABILITY,en,conversational_augmented
Officer... the patient is unconscious and unable to breathe,MEDICAL_EMERGENCY,en,conversational_augmented
mai bohot pareshan hu... pata nahi kahan hu landmark nahi dikh raha,UNCERTAINTY_UNCLEAR_INFO,hinglish,conversational_augmented
caste discrimination facing in village school and temple,DISCRIMINATION_CASTE_VULNERABILITY,hinglish,conversational_augmented
I need urgent help... someone is stalking and following me every day I don't know what to do.,STALKING_FOLLOWING,en,conversational_augmented
pehle laga situation normal ho gayi par fir se violent ho gaya mai sach bol raha hu.,CONTRADICTORY_CHANGING_SITUATION,hinglish,conversational_augmented
I am on the verge of killing myself please do something quickly.,SELF_HARM_CONCERN,en,conversational_augmented
तुरंत पुलिस भेजिए यहां बहुत जरूरी है,REQUEST_POLICE_EMERGENCY_HELP,hi,conversational_augmented
Please listen... my husband beats me violently every day please send police now.,DOMESTIC_FAMILY_VIOLENCE,en,conversational_augmented
Excuse me... the victim is a differently-abled person unable to run please do something quickly.,CHILD_ELDERLY_DISABILITY_VULNERABILITY,en,conversational_augmented
madam... gandi batein karke harass kar raha hai mujhe samajh nahi aa raha kya karu.,SEXUAL_VIOLENCE_HARASSMENT,hinglish,conversational_augmented
नमस्ते... बहुत घबराहट हो रही है सांस नहीं ली जा रही जल्दी पुलिस भेजिए।,FEAR_DISTRESS_PANIC,hi,conversational_augmented
Hello... a group of village leaders is threatening our household please help immediately.,SOCIAL_COMMUNITY_PRESSURE,en,conversational_augmented
अरे... मुझे बहुत डर लग रहा है प्लीज कुछ कीजिए।,FEAR_DISTRESS_PANIC,hi,conversational_augmented
कोई कई दिनों से मेरा पीछा कर रहा है तुरंत मदद चाहिए।,STALKING_FOLLOWING,hi,conversational_augmented
he slapped and physically battered me,PHYSICAL_VIOLENCE_INJURY,en,conversational_augmented
प्लीज... सुरक्षा दीजिए हमें पुलिस की सख्त जरूरत है तुरंत मदद चाहिए।,REQUEST_POLICE_EMERGENCY_HELP,hi,conversational_augmented
Excuse me... the patient is unconscious and unable to breathe,MEDICAL_EMERGENCY,en,conversational_augmented
नाबालिग बच्ची की सुरक्षा को लेकर बहुत चिंता है जल्दी पुलिस भेजिए।,CHILD_ELDERLY_DISABILITY_VULNERABILITY,hi,conversational_augmented
Excuse me... the victim is a differently-abled person unable to run,CHILD_ELDERLY_DISABILITY_VULNERABILITY,en,conversational_augmented
sir... ghar me elderly parents hain jo bedridden hain mujhe samajh nahi aa raha kya karu.,CHILD_ELDERLY_DISABILITY_VULNERABILITY,hinglish,conversational_augmented
listen... marpeet karke fractured my arm mai sach bol raha hu.,PHYSICAL_VIOLENCE_INJURY,hinglish,conversational_augmented
Help me... he is standing outside my door holding a weapon I am telling the truth.,IMMEDIATE_PHYSICAL_DANGER,en,conversational_augmented
Ma'am... a group of village leaders is threatening our household are you listening?,SOCIAL_COMMUNITY_PRESSURE,en,conversational_augmented
कोई सहारा नहीं है बिल्कुल बेसहारा हूं मुझे समझ नहीं आ रहा क्या करूं।,ISOLATION_NO_SUPPORT,hi,conversational_augmented
Please hear me... I am a victim of severe domestic violence at home please help immediately.,DOMESTIC_FAMILY_VIOLENCE,en,conversational_augmented
खौफ में जी रहे हैं हम प्लीज कुछ कीजिए।,FEAR_DISTRESS_PANIC,hi,conversational_augmented
arre... body pe bohot injuries hain marpeet hui hai,PHYSICAL_VIOLENCE_INJURY,hinglish,conversational_augmented
Hello... I have no family or friends in this city to turn to are you listening?,ISOLATION_NO_SUPPORT,en,conversational_augmented
mai bohot pareshan hu... stalking me continuously for past two weeks mai sach bol raha hu.,STALKING_FOLLOWING,hinglish,conversational_augmented
I need urgent help... my family members are physically abusing me please do something quickly.,DOMESTIC_FAMILY_VIOLENCE,en,conversational_augmented
"Ma'am... there is no threat or danger here, everything is peaceful please help immediately.",NEUTRAL_NO_INDICATOR,en,conversational_augmented
Excuse me... I am a victim of severe domestic violence at home,DOMESTIC_FAMILY_VIOLENCE,en,conversational_augmented
have no family or friends to support me here jaldi kuch kijiye.,ISOLATION_NO_SUPPORT,hinglish,conversational_augmented
he did not threaten me please send police now.,NEUTRAL_NO_INDICATOR,en,conversational_augmented
urgent hai... contradictory situation hai outcome uncertain hai send help immediately.,CONTRADICTORY_CHANGING_SITUATION,hinglish,conversational_augmented
community pressure banaya ja raha hai case wapas lene mujhe samajh nahi aa raha kya karu.,SOCIAL_COMMUNITY_PRESSURE,hinglish,conversational_augmented
suniye... neech jaati bolkar insult aur discriminate kar rahe,DISCRIMINATION_CASTE_VULNERABILITY,hinglish,conversational_augmented
molestation attempt hua hai raste mein jaldi kuch kijiye.,SEXUAL_VIOLENCE_HARASSMENT,hinglish,conversational_augmented
listen... panchayat ne social boycott announce kar diya hamara mai sach bol raha hu.,SOCIAL_COMMUNITY_PRESSURE,hinglish,conversational_augmented
सुनिए... सिर पर गहरी चोट है और उल्टियां हो रही हैं,MEDICAL_EMERGENCY,hi,conversational_augmented
अरे... कहा अगर पैसे नहीं दिए तो बदनाम कर दूंगा मुझे समझ नहीं आ रहा क्या करूं।,COERCION_BLACKMAIL,hi,conversational_augmented
suniye... ghar me elderly parents hain jo bedridden hain,CHILD_ELDERLY_DISABILITY_VULNERABILITY,hinglish,conversational_augmented
I need urgent help... a strange man follows me from the bus stop to my house please do something quickly.,STALKING_FOLLOWING,en,conversational_augmented
प्लीज... स्थिति हर पल बदल रही है कुछ समझ नहीं आ रहा मुझे समझ नहीं आ रहा क्या करूं।,CONTRADICTORY_CHANGING_SITUATION,hi,conversational_augmented
situation control me hai tension ki baat nahi hai,CURRENT_SAFETY_REASSURANCE,hinglish,conversational_augmented
coercing me into doing things against my consent mujhe samajh nahi aa raha kya karu.,COERCION_BLACKMAIL,hinglish,conversational_augmented
प्लीज... मजबूर कर रहा है गैरकानूनी काम करने के लिए,COERCION_BLACKMAIL,hi,conversational_augmented
madam... blakmail karke mental torture de raha hai,COERCION_BLACKMAIL,hinglish,conversational_augmented
arre... he follows me everywhere I go jaldi kuch kijiye.,STALKING_FOLLOWING,hinglish,conversational_augmented
suniye... heavy bleeding ho rahi hai ambulance chahiye turant mai sach bol raha hu.,MEDICAL_EMERGENCY,hinglish,conversational_augmented
Please listen... I need legal guidance and lawyer consultation,REQUEST_COUNSELLING_LEGAL_MEDICAL,en,conversational_augmented
डर के मारे कमरे में छिपी हूं,FEAR_DISTRESS_PANIC,hi,conversational_augmented
Officer... he did not try to harm or intimidate me,NEUTRAL_NO_INDICATOR,en,conversational_augmented
Ma'am... someone is trying to break into my house right now are you listening?,IMMEDIATE_PHYSICAL_DANGER,en,conversational_augmented
send police immediately my life is at risk please send police now.,IMMEDIATE_PHYSICAL_DANGER,en,conversational_augmented
he tried to force himself onto me please help immediately.,SEXUAL_VIOLENCE_HARASSMENT,en,conversational_augmented
disabled person par assault attempt hua hai jaldi kuch kijiye.,CHILD_ELDERLY_DISABILITY_VULNERABILITY,hinglish,conversational_augmented
completely isolated and stranded without contacts,ISOLATION_NO_SUPPORT,hinglish,conversational_augmented
husband locked me in the room without food send help immediately.,DOMESTIC_FAMILY_VIOLENCE,hinglish,conversational_augmented
Hello... they used derogatory casteist slurs against me publicly I don't know what to do.,DISCRIMINATION_CASTE_VULNERABILITY,en,conversational_augmented
मैडम... बुजुर्ग माता-पिता हैं जो चलने में असमर्थ हैं क्या आप सुन रहे हैं?,CHILD_ELDERLY_DISABILITY_VULNERABILITY,hi,conversational_augmented
help kijiye... pehle laga situation normal ho gayi par fir se violent ho gaya kya aap sun rahe ho?,CONTRADICTORY_CHANGING_SITUATION,hinglish,conversational_augmented
मेरी बात सुनिए... डर के मारे कमरे में छिपी हूं,FEAR_DISTRESS_PANIC,hi,conversational_augmented
मैं बहुत परेशान हूं... मेरा इस शहर में कोई नहीं है सबने छोड़ दिया,ISOLATION_NO_SUPPORT,hi,conversational_augmented
नमस्ते... मैं सिर्फ योजना के बारे में जानकारी लेना चाहता हूं क्या आप सुन रहे हैं?,NEUTRAL_NO_INDICATOR,hi,conversational_augmented
sir... blackmail kar raha hai ki social media par daal dega,COERCION_BLACKMAIL,hinglish,conversational_augmented
कृपया ध्यान दीजिए... मजबूर कर रहा है गैरकानूनी काम करने के लिए,COERCION_BLACKMAIL,hi,conversational_augmented
mai bohot pareshan hu... disabled person par assault attempt hua hai mujhe samajh nahi aa raha kya karu.,CHILD_ELDERLY_DISABILITY_VULNERABILITY,hinglish,conversational_augmented
"Please hear me... there is no threat or danger here, everything is peaceful are you listening?",NEUTRAL_NO_INDICATOR,en,conversational_augmented
help kijiye... usne dhamki nahi di sab theek hai please madad karo.,NEUTRAL_NO_INDICATOR,hinglish,conversational_augmented
the local panchayat has ordered a complete social boycott,SOCIAL_COMMUNITY_PRESSURE,en,direct_seed
pcr van bhejo jaldi address par mujhe samajh nahi aa raha kya karu.,REQUEST_POLICE_EMERGENCY_HELP,hinglish,conversational_augmented
हेल्प कीजिए... उसने मुझे कोई धमकी नहीं दी जल्दी पुलिस भेजिए।,NEUTRAL_NO_INDICATOR,hi,conversational_augmented
darwaza todne ki koshish kar raha hai,IMMEDIATE_PHYSICAL_DANGER,hinglish,conversational_augmented
I would like to speak to a psychological counselor,REQUEST_COUNSELLING_LEGAL_MEDICAL,en,direct_seed
Excuse me... someone is stalking and following me every day please help immediately.,STALKING_FOLLOWING,en,conversational_augmented
Please listen... I am being blackmailed and pressurized constantly please help immediately.,COERCION_BLACKMAIL,en,conversational_augmented
सर... रात में सड़क पर खड़ी हूं कोई सुरक्षित जगह नहीं है,NO_SAFE_PLACE_HOMELESSNESS,hi,conversational_augmented
I am being stalked by an unknown person continuously I don't know what to do.,STALKING_FOLLOWING,en,conversational_augmented
Officer... the information is hazy and I cannot be sure please help immediately.,UNCERTAINTY_UNCLEAR_INFO,en,conversational_augmented
Please listen... we are facing intense community ostracization and pressure,SOCIAL_COMMUNITY_PRESSURE,en,conversational_augmented
सुनिए... उसने कहा कि जान से मार देगा तुरंत मदद चाहिए।,THREAT_INTIMIDATION,hi,conversational_augmented
we are facing intense community ostracization and pressure are you listening?,SOCIAL_COMMUNITY_PRESSURE,en,conversational_augmented
Sir... there is an infant and a pregnant woman in the house please help immediately.,CHILD_ELDERLY_DISABILITY_VULNERABILITY,en,conversational_augmented
सर... रहने का कोई ठिकाना नहीं है बेघर हो गई हूं,NO_SAFE_PLACE_HOMELESSNESS,hi,conversational_augmented
सुनिए... समाज में बदनाम करने की साजिश हो रही है,SOCIAL_COMMUNITY_PRESSURE,hi,conversational_augmented
my family members are physically abusing me please send police now.,DOMESTIC_FAMILY_VIOLENCE,en,conversational_augmented
Please listen... I would like to speak to a psychological counselor please help immediately.,REQUEST_COUNSELLING_LEGAL_MEDICAL,en,conversational_augmented
नमस्ते... he threatened me but I am safe now तुरंत मदद चाहिए।,CURRENT_SAFETY_REASSURANCE,hi,conversational_augmented
प्लीज... ऑपरेटर: कृपया अपना नाम और फोन नंबर दर्ज कराएं,NEUTRAL_NO_INDICATOR,hi,conversational_augmented
suniye... he threatened to kill me and my family kya aap sun rahe ho?,THREAT_INTIMIDATION,hinglish,conversational_augmented
hello... chaku se hamla kiya haath cut gaya kya aap sun rahe ho?,PHYSICAL_VIOLENCE_INJURY,hinglish,conversational_augmented
Help me... he threatened to destroy my home and life,THREAT_INTIMIDATION,en,conversational_augmented
Please hear me... need therapy and mental health support session please help immediately.,REQUEST_COUNSELLING_LEGAL_MEDICAL,en,conversational_augmented
पुलिस आ गई है अब स्थिति नियंत्रण में है क्या आप सुन रहे हैं?,CURRENT_SAFETY_REASSURANCE,hi,conversational_augmented
अत्यधिक बेचैनी और दहशत महसूस हो रही है मैं सच कह रहा हूं।,FEAR_DISTRESS_PANIC,hi,conversational_augmented
mujhe exact location yaad nahi aa rahi confuse hu jaldi kuch kijiye.,UNCERTAINTY_UNCLEAR_INFO,hinglish,conversational_augmented
लीगल एड और कोर्ट प्रक्रिया की जानकारी चाहिए,REQUEST_COUNSELLING_LEGAL_MEDICAL,hi,conversational_augmented
सर... डर लग रहा है कोई मुझे बचाओ क्या आप सुन रहे हैं?,FEAR_DISTRESS_PANIC,hi,conversational_augmented
arre... cannot bear this emotional pain anymore want to die please madad karo.,SELF_HARM_CONCERN,hinglish,conversational_augmented
arre... and describe kar rahe the mere saath discriminate kar rahe the send help immediately.,DISCRIMINATION_CASTE_VULNERABILITY,hinglish,conversational_augmented
Hello... he slapped and physically battered me I don't know what to do.,PHYSICAL_VIOLENCE_INJURY,en,conversational_augmented
he tried to strangle my neck,PHYSICAL_VIOLENCE_INJURY,en,direct_seed
he is attempting to force his way inside,IMMEDIATE_PHYSICAL_DANGER,en,direct_seed
कृपया ध्यान दीजिए... पारिवारिक प्रताड़ना असहनीय हो गई है क्या आप सुन रहे हैं?,DOMESTIC_FAMILY_VIOLENCE,hi,conversational_augmented
अभी मैं सेफ जगह पर पहुंच गई हूं प्लीज कुछ कीजिए।,CURRENT_SAFETY_REASSURANCE,hi,conversational_augmented
hello... counsellor se baat karni hai stress relief ke liye kya aap sun rahe ho?,REQUEST_COUNSELLING_LEGAL_MEDICAL,hinglish,conversational_augmented
घर में छोटा बच्चा और गर्भवती महिला है प्लीज कुछ कीजिए।,CHILD_ELDERLY_DISABILITY_VULNERABILITY,hi,conversational_augmented
help kijiye... advocate ki sahayata chahiye grievance file karne me jaldi kuch kijiye.,REQUEST_COUNSELLING_LEGAL_MEDICAL,hinglish,conversational_augmented
he sent threatening text messages demanding money,THREAT_INTIMIDATION,en,direct_seed
Sir... he is attacking the security gate right now please send police now.,IMMEDIATE_PHYSICAL_DANGER,en,conversational_augmented
प्लीज... मुझे बहुत डर लग रहा है मैं सच कह रहा हूं।,FEAR_DISTRESS_PANIC,hi,conversational_augmented
madam... contradictory situation hai outcome uncertain hai,CONTRADICTORY_CHANGING_SITUATION,hinglish,conversational_augmented
पूरे गांव और पंचायत ने हमारा बहिष्कार कर दिया है मैं सच कह रहा हूं।,SOCIAL_COMMUNITY_PRESSURE,hi,conversational_augmented
Excuse me... the victim is a differently-abled person unable to run I don't know what to do.,CHILD_ELDERLY_DISABILITY_VULNERABILITY,en,conversational_augmented
Please listen... my spouse locked me inside without water and hit me,DOMESTIC_FAMILY_VIOLENCE,en,conversational_augmented
बाहर लोग हथियारों के साथ खड़े हैं,IMMEDIATE_PHYSICAL_DANGER,hi,direct_seed
हेल्प कीजिए... तुरंत पुलिस भेजिए यहां बहुत जरूरी है,REQUEST_POLICE_EMERGENCY_HELP,hi,conversational_augmented
सुनिए... तुरंत एम्बुलेंस भेजिए मरीज की हालत गंभीर है प्लीज कुछ कीजिए।,MEDICAL_EMERGENCY,hi,conversational_augmented
Excuse me... deep head laceration with heavy blood loss I am telling the truth.,MEDICAL_EMERGENCY,en,conversational_augmented
खिड़की से घुसने की कोशिश कर रहा है,IMMEDIATE_PHYSICAL_DANGER,hi,direct_seed
पारिवारिक प्रताड़ना असहनीय हो गई है,DOMESTIC_FAMILY_VIOLENCE,hi,direct_seed
sir... molestation attempt hua hai raste mein please madad karo.,SEXUAL_VIOLENCE_HARASSMENT,hinglish,conversational_augmented
he shoved me down the stairs violently please do something quickly.,PHYSICAL_VIOLENCE_INJURY,en,conversational_augmented
मेरी बात सुनिए... रात में सड़क पर खड़ी हूं कोई सुरक्षित जगह नहीं है,NO_SAFE_PLACE_HOMELESSNESS,hi,conversational_augmented
arre... chest pain aur breathing difficulty ho rahi hai,MEDICAL_EMERGENCY,hinglish,conversational_augmented
Help me... I am stranded on the roadside with nowhere to sleep,NO_SAFE_PLACE_HOMELESSNESS,en,conversational_augmented
सुनिए... लीगल एड और कोर्ट प्रक्रिया की जानकारी चाहिए तुरंत मदद चाहिए।,REQUEST_COUNSELLING_LEGAL_MEDICAL,hi,conversational_augmented
प्लीज... लीगल एड और कोर्ट प्रक्रिया की जानकारी चाहिए प्लीज कुछ कीजिए।,REQUEST_COUNSELLING_LEGAL_MEDICAL,hi,conversational_augmented
mere saath discriminate kiya ja raha hai,DISCRIMINATION_CASTE_VULNERABILITY,hinglish,direct_seed
sir... contradictory situation hai outcome uncertain hai jaldi kuch kijiye.,CONTRADICTORY_CHANGING_SITUATION,hinglish,conversational_augmented
Please hear me... I need urgent police security and protection right now,REQUEST_POLICE_EMERGENCY_HELP,en,conversational_augmented
मेरी बात सुनिए... सामूहिक रूप से हम पर दबाव बनाया जा रहा है तुरंत मदद चाहिए।,SOCIAL_COMMUNITY_PRESSURE,hi,conversational_augmented
we were forcibly evicted and have no place to go please help immediately.,NO_SAFE_PLACE_HOMELESSNESS,en,conversational_augmented
"Hello, welcome to the National Helpline 14566",NEUTRAL_NO_INDICATOR,en,direct_seed
Please hear me... my family members are physically abusing me,DOMESTIC_FAMILY_VIOLENCE,en,conversational_augmented
my in-laws threatened to burn me alive for dowry please do something quickly.,DOMESTIC_FAMILY_VIOLENCE,en,conversational_augmented
मेरी बात सुनिए... काउंसलर से बात करा दीजिए मानसिक तनाव के लिए जल्दी पुलिस भेजिए।,REQUEST_COUNSELLING_LEGAL_MEDICAL,hi,conversational_augmented
please... usne bola ki court gaya toh jaan se haath dho baithega mujhe samajh nahi aa raha kya karu.,THREAT_INTIMIDATION,hinglish,conversational_augmented
need mental health counselling and legal guidance kya aap sun rahe ho?,REQUEST_COUNSELLING_LEGAL_MEDICAL,hinglish,conversational_augmented
I need urgent help... I would like to speak to a psychological counselor please help immediately.,REQUEST_COUNSELLING_LEGAL_MEDICAL,en,conversational_augmented
कृपया ध्यान दीजिए... विरोधाभासी बातें हो रही हैं यहां माहौल अस्थिर है,CONTRADICTORY_CHANGING_SITUATION,hi,conversational_augmented
Sir... we are facing intense community ostracization and pressure please do something quickly.,SOCIAL_COMMUNITY_PRESSURE,en,conversational_augmented
operator: how may I assist your query today sir? mujhe samajh nahi aa raha kya karu.,NEUTRAL_NO_INDICATOR,hinglish,conversational_augmented
he threatened me but I am safe now तुरंत मदद चाहिए।,CURRENT_SAFETY_REASSURANCE,hi,conversational_augmented
यह एक जागरूकता कार्यक्रम का नाटक था,NEUTRAL_NO_INDICATOR,hi,conversational_augmented
मैं बहुत परेशान हूं... अज्ञात व्यक्ति मेरा पीछा करता है घर तक जल्दी पुलिस भेजिए।,STALKING_FOLLOWING,hi,conversational_augmented
हेल्प कीजिए... रात में सड़क पर खड़ी हूं कोई सुरक्षित जगह नहीं है,NO_SAFE_PLACE_HOMELESSNESS,hi,conversational_augmented
I have no family or friends in this city to turn to please do something quickly.,ISOLATION_NO_SUPPORT,en,conversational_augmented
they are describing and discriminating against me unfairly please send police now.,DISCRIMINATION_CASTE_VULNERABILITY,en,conversational_augmented
ek ladka roz mera peecha karta hai office se ghar,STALKING_FOLLOWING,hinglish,conversational_augmented
madam... abhi safe location par pahuch gaya hu mujhe samajh nahi aa raha kya karu.,CURRENT_SAFETY_REASSURANCE,hinglish,conversational_augmented
sir... counsellor se baat karni hai stress relief ke liye send help immediately.,REQUEST_COUNSELLING_LEGAL_MEDICAL,hinglish,conversational_augmented
जाति के नाम पर मुझे प्रताड़ित किया जा रहा है मैं सच कह रहा हूं।,DISCRIMINATION_CASTE_VULNERABILITY,hi,conversational_augmented
I need urgent help... the local panchayat has ordered a complete social boycott,SOCIAL_COMMUNITY_PRESSURE,en,conversational_augmented
madam... andar aane ki koshish kar raha hai jaldi aao,IMMEDIATE_PHYSICAL_DANGER,hinglish,conversational_augmented
सर... दिव्यांग व्यक्ति पर हमला किया गया है,CHILD_ELDERLY_DISABILITY_VULNERABILITY,hi,conversational_augmented
मैं बहुत परेशान हूं... मुझे थेरेपिस्ट से काउंसलिंग की जरूरत है प्लीज कुछ कीजिए।,REQUEST_COUNSELLING_LEGAL_MEDICAL,hi,conversational_augmented
mai bohot pareshan hu... ghar me elderly parents hain jo bedridden hain jaldi kuch kijiye.,CHILD_ELDERLY_DISABILITY_VULNERABILITY,hinglish,conversational_augmented
हेल्प कीजिए... बहुत घबराहट हो रही है सांस नहीं ली जा रही मुझे समझ नहीं आ रहा क्या करूं।,FEAR_DISTRESS_PANIC,hi,conversational_augmented
suniye... patient is unconscious please dispatch medical team,MEDICAL_EMERGENCY,hinglish,conversational_augmented
please send a PCR emergency van right away please send police now.,REQUEST_POLICE_EMERGENCY_HELP,en,conversational_augmented
physically attacked me and beat me with stick,PHYSICAL_VIOLENCE_INJURY,hinglish,direct_seed
she did not threaten anyone,NEUTRAL_NO_INDICATOR,en,conversational_augmented
Officer... I have nowhere to go and nobody to call for assistance,ISOLATION_NO_SUPPORT,en,conversational_augmented
घर से निकाल दिया गया है सड़क पर बैठी हूं,NO_SAFE_PLACE_HOMELESSNESS,hi,conversational_augmented
हेल्प कीजिए... बाहर लोग हथियारों के साथ खड़े हैं,IMMEDIATE_PHYSICAL_DANGER,hi,conversational_augmented
stalking me continuously for past two weeks please madad karo.,STALKING_FOLLOWING,hinglish,conversational_augmented
usne private photos leak karne ki blackmailing shuru kar di,COERCION_BLACKMAIL,hinglish,conversational_augmented
Sir... I am isolated in this house with zero support,ISOLATION_NO_SUPPORT,en,conversational_augmented
Excuse me... danger has passed and I am in a secure shelter I am telling the truth.,CURRENT_SAFETY_REASSURANCE,en,conversational_augmented
कृपया ध्यान दीजिए... शरीर पर बहुत चोटें आई हैं मुझे समझ नहीं आ रहा क्या करूं।,PHYSICAL_VIOLENCE_INJURY,hi,conversational_augmented
pregnant lady hai ghar pe aur small kids hain,CHILD_ELDERLY_DISABILITY_VULNERABILITY,hinglish,conversational_augmented
कृपया ध्यान दीजिए... कृपया अपनी शिकायत की श्रेणी और जिला बताइए,NEUTRAL_NO_INDICATOR,hi,conversational_augmented
sir... movie ka scene discuss kar rahe the dost ke sath,NEUTRAL_NO_INDICATOR,hinglish,conversational_augmented
suniye... patient is unconscious please dispatch medical team send help immediately.,MEDICAL_EMERGENCY,hinglish,conversational_augmented
कृपया ध्यान दीजिए... पूरे गांव और पंचायत ने हमारा बहिष्कार कर दिया है तुरंत मदद चाहिए।,SOCIAL_COMMUNITY_PRESSURE,hi,conversational_augmented
I need urgent help... the patient is unconscious and unable to breathe please do something quickly.,MEDICAL_EMERGENCY,en,conversational_augmented
कृपया ध्यान दीजिए... पीसीआर वैन को अलर्ट करके भेजो जल्दी,REQUEST_POLICE_EMERGENCY_HELP,hi,conversational_augmented
कभी वो शांत हो जाता है कभी अचानक हमला कर देता है जल्दी पुलिस भेजिए।,CONTRADICTORY_CHANGING_SITUATION,hi,conversational_augmented
suniye... forcing me to give money through blackmail,COERCION_BLACKMAIL,hinglish,conversational_augmented
कृपया ध्यान दीजिए... बुजुर्ग माता-पिता हैं जो चलने में असमर्थ हैं,CHILD_ELDERLY_DISABILITY_VULNERABILITY,hi,conversational_augmented
प्लीज... रास्ते में रोक कर गलत तरीके से हाथ पकड़ा क्या आप सुन रहे हैं?,SEXUAL_VIOLENCE_HARASSMENT,hi,conversational_augmented
sir... patient is unconscious please dispatch medical team jaldi kuch kijiye.,MEDICAL_EMERGENCY,hinglish,conversational_augmented
प्लीज... रहने का कोई ठिकाना नहीं है बेघर हो गई हूं जल्दी पुलिस भेजिए।,NO_SAFE_PLACE_HOMELESSNESS,hi,conversational_augmented
अरे... निचली जाति का बोलकर मंदिर में जाने से रोका जल्दी पुलिस भेजिए।,DISCRIMINATION_CASTE_VULNERABILITY,hi,conversational_augmented
I am stranded and all alone in this situation,ISOLATION_NO_SUPPORT,en,direct_seed
I don't know the exact landmark around me,UNCERTAINTY_UNCLEAR_INFO,en,conversational_augmented
"Help me... everything is under control now, I am safe",CURRENT_SAFETY_REASSURANCE,en,conversational_augmented
mujhe bahut darr lag raha hai,FEAR_DISTRESS_PANIC,hinglish,direct_seed
arre... severe blood loss and head injury need emergency care send help immediately.,MEDICAL_EMERGENCY,hinglish,conversational_augmented
send police immediately my life is at risk,IMMEDIATE_PHYSICAL_DANGER,en,direct_seed
I am facing continuous sexual harassment at workplace,SEXUAL_VIOLENCE_HARASSMENT,en,direct_seed
Officer... deep head laceration with heavy blood loss please do something quickly.,MEDICAL_EMERGENCY,en,conversational_augmented
urgent hai... he threatened me but I am safe now send help immediately.,CURRENT_SAFETY_REASSURANCE,hinglish,conversational_augmented
mai bohot pareshan hu... panchayat ne social boycott announce kar diya hamara jaldi kuch kijiye.,SOCIAL_COMMUNITY_PRESSURE,hinglish,conversational_augmented
सर... तुरंत पुलिस भेजिए यहां बहुत जरूरी है क्या आप सुन रहे हैं?,REQUEST_POLICE_EMERGENCY_HELP,hi,conversational_augmented
Excuse me... he assaulted me while abusing my marginalized identity,DISCRIMINATION_CASTE_VULNERABILITY,en,conversational_augmented
madam... sir pe chot lagi hai khoon nikal raha hai send help immediately.,PHYSICAL_VIOLENCE_INJURY,hinglish,conversational_augmented
help kijiye... ab mai safe hu police aa gayi hai kya aap sun rahe ho?,CURRENT_SAFETY_REASSURANCE,hinglish,conversational_augmented
Excuse me... the attacker has left and there is no danger now,CURRENT_SAFETY_REASSURANCE,en,conversational_augmented
Help me... danger has passed and I am in a secure shelter are you listening?,CURRENT_SAFETY_REASSURANCE,en,conversational_augmented
hello... sasural wale roz taane dete hain aur maarte hain jaldi kuch kijiye.,DOMESTIC_FAMILY_VIOLENCE,hinglish,conversational_augmented
they used derogatory casteist slurs against me publicly please do something quickly.,DISCRIMINATION_CASTE_VULNERABILITY,en,conversational_augmented
help kijiye... severe blood loss and head injury need emergency care,MEDICAL_EMERGENCY,hinglish,conversational_augmented
help kijiye... cannot bear this emotional pain anymore want to die,SELF_HARM_CONCERN,hinglish,conversational_augmented
I am being discriminated against at work and in public,DISCRIMINATION_CASTE_VULNERABILITY,en,conversational_augmented
urgent hai... please send police immediately to my location,REQUEST_POLICE_EMERGENCY_HELP,hinglish,conversational_augmented
madam... physically attacked me and beat me with stick kya aap sun rahe ho?,PHYSICAL_VIOLENCE_INJURY,hinglish,conversational_augmented
I feel completely helpless and scared,FEAR_DISTRESS_PANIC,en,direct_seed
help kijiye... sir pe chot lagi hai khoon nikal raha hai jaldi kuch kijiye.,PHYSICAL_VIOLENCE_INJURY,hinglish,conversational_augmented
darr ki koi baat nahi hai normal hu,NEUTRAL_NO_INDICATOR,hinglish,conversational_augmented
I need urgent help... please dispatch police to my location immediately please do something quickly.,REQUEST_POLICE_EMERGENCY_HELP,en,conversational_augmented
I need urgent help... he keeps watching my house and tracking my schedule,STALKING_FOLLOWING,en,conversational_augmented
ससुराल वाले दहेज के लिए प्रताड़ित कर रहे हैं,DOMESTIC_FAMILY_VIOLENCE,hi,conversational_augmented
help kijiye... i am feeling extreme anxiety and fear mujhe samajh nahi aa raha kya karu.,FEAR_DISTRESS_PANIC,hinglish,conversational_augmented
मैं बहुत परेशान हूं... मेरा इस शहर में कोई नहीं है सबने छोड़ दिया प्लीज कुछ कीजिए।,ISOLATION_NO_SUPPORT,hi,conversational_augmented
cannot bear this emotional pain anymore want to die,SELF_HARM_CONCERN,hinglish,conversational_augmented
Hello... I have no safe shelter or roof over my head tonight please do something quickly.,NO_SAFE_PLACE_HOMELESSNESS,en,conversational_augmented
hello... confused state me hu exact time nahi pata please madad karo.,UNCERTAINTY_UNCLEAR_INFO,hinglish,conversational_augmented
there is no hope left for me I want to die please do something quickly.,SELF_HARM_CONCERN,en,conversational_augmented
madam... ghar me elderly parents hain jo bedridden hain,CHILD_ELDERLY_DISABILITY_VULNERABILITY,hinglish,conversational_augmented
Sir... he followed my vehicle for over five kilometers,STALKING_FOLLOWING,en,conversational_augmented
मैं बहुत परेशान हूं... कोई कई दिनों से मेरा पीछा कर रहा है प्लीज कुछ कीजिए।,STALKING_FOLLOWING,hi,conversational_augmented
अरे... सांस लेने में बहुत तकलीफ हो रही है बेहोश हो रहे हैं मैं सच कह रहा हूं।,MEDICAL_EMERGENCY,hi,conversational_augmented
उसने मुझे धमकी दी है क्या आप सुन रहे हैं?,THREAT_INTIMIDATION,hi,conversational_augmented
भेदभाव कर रहे हैं और अपमानजनक शब्द बोल रहे हैं मैं सच कह रहा हूं।,DISCRIMINATION_CASTE_VULNERABILITY,hi,conversational_augmented
madam... pata nahi kahan hu landmark nahi dikh raha kya aap sun rahe ho?,UNCERTAINTY_UNCLEAR_INFO,hinglish,conversational_augmented
I need urgent help... my elderly parents are bedridden and cannot escape,CHILD_ELDERLY_DISABILITY_VULNERABILITY,en,conversational_augmented
arre... advocate ki sahayata chahiye grievance file karne me kya aap sun rahe ho?,REQUEST_COUNSELLING_LEGAL_MEDICAL,hinglish,conversational_augmented
help kijiye... entire village mob is pressurizing our family,SOCIAL_COMMUNITY_PRESSURE,hinglish,conversational_augmented
मुझे जान से मारने की धमकियां मिल रही हैं,THREAT_INTIMIDATION,hi,direct_seed
कृपया ध्यान दीजिए... मैं अब और जीना नहीं चाहती,SELF_HARM_CONCERN,hi,conversational_augmented
अरे... रहने का कोई ठिकाना नहीं है बेघर हो गई हूं क्या आप सुन रहे हैं?,NO_SAFE_PLACE_HOMELESSNESS,hi,conversational_augmented
I have no safe shelter or roof over my head tonight,NO_SAFE_PLACE_HOMELESSNESS,en,conversational_augmented
वो चला गया है अब सब ठीक है,CURRENT_SAFETY_REASSURANCE,hi,direct_seed
नमस्ते... वो कह रहा है कि तुझे बर्बाद कर दूंगा मैं सच कह रहा हूं।,THREAT_INTIMIDATION,hi,conversational_augmented
mai bohot pareshan hu... minor child ki safety at high risk right now please madad karo.,CHILD_ELDERLY_DISABILITY_VULNERABILITY,hinglish,conversational_augmented
मैडम... हर जगह मेरा पीछा करके वीडियो बनाता है,STALKING_FOLLOWING,hi,conversational_augmented
madam... woh chala gaya hai ab koi danger nahi hai,CURRENT_SAFETY_REASSURANCE,hinglish,conversational_augmented
सुनिए... जातिसूचक गालियां देकर अपमानित किया गया क्या आप सुन रहे हैं?,DISCRIMINATION_CASTE_VULNERABILITY,hi,conversational_augmented
Help me... I need legal guidance and lawyer consultation I am telling the truth.,REQUEST_COUNSELLING_LEGAL_MEDICAL,en,conversational_augmented
mai bohot pareshan hu... peecha karke darwaaze tak aa gaya,STALKING_FOLLOWING,hinglish,conversational_augmented
उसने मुझे डंडे से मारा और घायल कर दिया,PHYSICAL_VIOLENCE_INJURY,hi,conversational_augmented
arre... usne mujhe bohot mara hai bleeding ho rahi hai please madad karo.,PHYSICAL_VIOLENCE_INJURY,hinglish,conversational_augmented
मैडम... कन्फ्यूज हूं शायद कल या परसों की बात है प्लीज कुछ कीजिए।,UNCERTAINTY_UNCLEAR_INFO,hi,conversational_augmented
sir... just calling to inquire about the government scheme timings mujhe samajh nahi aa raha kya karu.,NEUTRAL_NO_INDICATOR,hinglish,conversational_augmented
I received threatening calls all night,THREAT_INTIMIDATION,en,direct_seed
arre... need immediate police intervention and escort,REQUEST_POLICE_EMERGENCY_HELP,hinglish,conversational_augmented
mujhe exact location yaad nahi aa rahi confuse hu kya aap sun rahe ho?,UNCERTAINTY_UNCLEAR_INFO,hinglish,conversational_augmented
khauf lag raha hai akele rehne me,FEAR_DISTRESS_PANIC,hinglish,direct_seed
मैडम... मोहल्ले के लोग मिलकर धमकी दे रहे हैं क्या आप सुन रहे हैं?,SOCIAL_COMMUNITY_PRESSURE,hi,conversational_augmented
I need urgent help... I am a victim of severe domestic violence at home,DOMESTIC_FAMILY_VIOLENCE,en,conversational_augmented
he threatened to leak sensitive personal videos online,COERCION_BLACKMAIL,en,direct_seed
कृपया ध्यान दीजिए... यौन उत्पीड़न की शिकायत दर्ज करानी है,SEXUAL_VIOLENCE_HARASSMENT,hi,conversational_augmented
arre... woh ghar ke bahar khada hai weapon leke kya aap sun rahe ho?,IMMEDIATE_PHYSICAL_DANGER,hinglish,conversational_augmented
Excuse me... I am isolated in this house with zero support please help immediately.,ISOLATION_NO_SUPPORT,en,conversational_augmented
पुलिस आ गई है अब स्थिति नियंत्रण में है,CURRENT_SAFETY_REASSURANCE,hi,conversational_augmented
please... need mental health counselling and legal guidance please madad karo.,REQUEST_COUNSELLING_LEGAL_MEDICAL,hinglish,conversational_augmented
Sir... facing severe caste-based discrimination and untouchability please help immediately.,DISCRIMINATION_CASTE_VULNERABILITY,en,conversational_augmented
help kijiye... usne mujhe bohot mara hai bleeding ho rahi hai jaldi kuch kijiye.,PHYSICAL_VIOLENCE_INJURY,hinglish,conversational_augmented
कृपया ध्यान दीजिए... कोई साथ देने वाला नहीं है चारों तरफ से अकेली हूं मुझे समझ नहीं आ रहा क्या करूं।,ISOLATION_NO_SUPPORT,hi,conversational_augmented
मैडम... निचली जाति का बोलकर मंदिर में जाने से रोका,DISCRIMINATION_CASTE_VULNERABILITY,hi,conversational_augmented
मेरी बात सुनिए... नाबालिग बच्ची की सुरक्षा को लेकर बहुत चिंता है प्लीज कुछ कीजिए।,CHILD_ELDERLY_DISABILITY_VULNERABILITY,hi,conversational_augmented
सर... दहेज न लाने पर घर से निकालने की धमकी दी तुरंत मदद चाहिए।,DOMESTIC_FAMILY_VIOLENCE,hi,conversational_augmented
patient is unconscious please dispatch medical team,MEDICAL_EMERGENCY,hinglish,conversational_augmented
mai bohot pareshan hu... completely isolated and stranded without contacts,ISOLATION_NO_SUPPORT,hinglish,conversational_augmented
अरे... कन्फ्यूज हूं शायद कल या परसों की बात है,UNCERTAINTY_UNCLEAR_INFO,hi,conversational_augmented
Help me... I would like to speak to a psychological counselor please do something quickly.,REQUEST_COUNSELLING_LEGAL_MEDICAL,en,conversational_augmented
हेल्प कीजिए... कहा अगर पैसे नहीं दिए तो बदनाम कर दूंगा क्या आप सुन रहे हैं?,COERCION_BLACKMAIL,hi,conversational_augmented
I am uncertain and confused about what transpired please send police now.,UNCERTAINTY_UNCLEAR_INFO,en,conversational_augmented
जीने की कोई वजह नहीं बची है,SELF_HARM_CONCERN,hi,conversational_augmented
hello... peecha karke darwaaze tak aa gaya jaldi kuch kijiye.,STALKING_FOLLOWING,hinglish,conversational_augmented
Sir... they used derogatory casteist slurs against me publicly,DISCRIMINATION_CASTE_VULNERABILITY,en,conversational_augmented
ghar me elderly parents hain jo bedridden hain please madad karo.,CHILD_ELDERLY_DISABILITY_VULNERABILITY,hinglish,conversational_augmented
landlord threw all luggage out on the street,NO_SAFE_PLACE_HOMELESSNESS,hinglish,direct_seed
Please listen... requesting immediate emergency police dispatch please do something quickly.,REQUEST_POLICE_EMERGENCY_HELP,en,conversational_augmented
कृपया ध्यान दीजिए... रहने का कोई ठिकाना नहीं है बेघर हो गई हूं मुझे समझ नहीं आ रहा क्या करूं।,NO_SAFE_PLACE_HOMELESSNESS,hi,conversational_augmented
I need urgent help... I have been thrown out of my house onto the street,NO_SAFE_PLACE_HOMELESSNESS,en,conversational_augmented
Excuse me... experiencing severe chest pain and medical collapse please send police now.,MEDICAL_EMERGENCY,en,conversational_augmented
हेल्प कीजिए... अब इस दर्द को और नहीं सह सकती,SELF_HARM_CONCERN,hi,conversational_augmented
hello... peecha karke darwaaze tak aa gaya jaldi kuch kijiye.,STALKING_FOLLOWING,hinglish,conversational_augmented
please... and describe kar rahe the mere saath discriminate kar rahe the mujhe samajh nahi aa raha kya karu.,DISCRIMINATION_CASTE_VULNERABILITY,hinglish,conversational_augmented
Excuse me... we were denied access to the public well due to our caste,DISCRIMINATION_CASTE_VULNERABILITY,en,conversational_augmented
हेल्प कीजिए... उसने मुझे गलत तरीके से छुआ मैं सच कह रहा हूं।,SEXUAL_VIOLENCE_HARASSMENT,hi,conversational_augmented
the victim is a differently-abled person unable to run,CHILD_ELDERLY_DISABILITY_VULNERABILITY,en,conversational_augmented
शारीरिक रूप से प्रताड़ित किया गया है,PHYSICAL_VIOLENCE_INJURY,hi,direct_seed
arre... pregnant lady hai ghar pe aur small kids hain,CHILD_ELDERLY_DISABILITY_VULNERABILITY,hinglish,conversational_augmented
Officer... we are facing intense community ostracization and pressure,SOCIAL_COMMUNITY_PRESSURE,en,conversational_augmented
he sent non-consensual explicit photos please do something quickly.,SEXUAL_VIOLENCE_HARASSMENT,en,conversational_augmented
Sir... he made vulgar sexual gestures and touched me I am telling the truth.,SEXUAL_VIOLENCE_HARASSMENT,en,conversational_augmented
dispatch 112 emergency police unit right now,REQUEST_POLICE_EMERGENCY_HELP,hinglish,conversational_augmented
मेरी बात सुनिए... मुझे ठीक से याद नहीं आ रहा क्या हुआ था मुझे समझ नहीं आ रहा क्या करूं।,UNCERTAINTY_UNCLEAR_INFO,hi,conversational_augmented
Help me... the person fluctuates unpredictably between calm and rage,CONTRADICTORY_CHANGING_SITUATION,en,conversational_augmented
प्लीज... पता नहीं कौन था और क्या जगह थी,UNCERTAINTY_UNCLEAR_INFO,hi,conversational_augmented
Officer... we were forcibly evicted and have no place to go I am telling the truth.,NO_SAFE_PLACE_HOMELESSNESS,en,conversational_augmented
please... disabled person par assault attempt hua hai,CHILD_ELDERLY_DISABILITY_VULNERABILITY,hinglish,conversational_augmented
arre... pehle laga situation normal ho gayi par fir se violent ho gaya,CONTRADICTORY_CHANGING_SITUATION,hinglish,conversational_augmented
Please listen... I don't know the exact landmark around me,UNCERTAINTY_UNCLEAR_INFO,en,conversational_augmented
समाज में बदनाम करने की साजिश हो रही है क्या आप सुन रहे हैं?,SOCIAL_COMMUNITY_PRESSURE,hi,conversational_augmented
madam... ek ladka roz mera peecha karta hai office se ghar,STALKING_FOLLOWING,hinglish,conversational_augmented
please... blakmail karke mental torture de raha hai,COERCION_BLACKMAIL,hinglish,conversational_augmented
मेरी बात सुनिए... वो मुझे ब्लैकमेल कर रहा है पैसों के लिए प्लीज कुछ कीजिए।,COERCION_BLACKMAIL,hi,conversational_augmented
अरे... सिर पर गहरी चोट है और उल्टियां हो रही हैं मुझे समझ नहीं आ रहा क्या करूं।,MEDICAL_EMERGENCY,hi,conversational_augmented
हम सिर्फ फिल्म की कहानी पर चर्चा कर रहे थे मैं सच कह रहा हूं।,NEUTRAL_NO_INDICATOR,hi,conversational_augmented
I have no safe shelter or roof over my head tonight I don't know what to do.,NO_SAFE_PLACE_HOMELESSNESS,en,conversational_augmented
प्लीज... मुझे कानूनी सलाह और वकील की मदद चाहिए,REQUEST_COUNSELLING_LEGAL_MEDICAL,hi,conversational_augmented
मैडम... सिर पर गहरी चोट है और उल्टियां हो रही हैं मुझे समझ नहीं आ रहा क्या करूं।,MEDICAL_EMERGENCY,hi,conversational_augmented
arre... blackmail kar raha hai ki social media par daal dega,COERCION_BLACKMAIL,hinglish,conversational_augmented
hello... coercing me into doing things against my consent mujhe samajh nahi aa raha kya karu.,COERCION_BLACKMAIL,hinglish,conversational_augmented
मोहल्ले के लोग मिलकर धमकी दे रहे हैं,SOCIAL_COMMUNITY_PRESSURE,hi,conversational_augmented
काउंसलर से बात करा दीजिए मानसिक तनाव के लिए,REQUEST_COUNSELLING_LEGAL_MEDICAL,hi,conversational_augmented
please... koi danger nahi hai general inquiry kar raha hu,NEUTRAL_NO_INDICATOR,hinglish,conversational_augmented
सर... अब इस दर्द को और नहीं सह सकती,SELF_HARM_CONCERN,hi,conversational_augmented
sir... he hit me violently on my face jaldi kuch kijiye.,PHYSICAL_VIOLENCE_INJURY,hinglish,conversational_augmented
मैं बहुत परेशान हूं... दहशत का माहौल है यहां,FEAR_DISTRESS_PANIC,hi,conversational_augmented
मैं बहुत परेशान हूं... छुआछूत का व्यवहार कर रहे हैं हमारे साथ क्या आप सुन रहे हैं?,DISCRIMINATION_CASTE_VULNERABILITY,hi,conversational_augmented
Hello... he threatened to kill me are you listening?,THREAT_INTIMIDATION,en,conversational_augmented
मैं बहुत परेशान हूं... उसने मुझे बुरी तरह पीटा है प्लीज कुछ कीजिए।,PHYSICAL_VIOLENCE_INJURY,hi,conversational_augmented
counsellor se baat karni hai stress relief ke liye,REQUEST_COUNSELLING_LEGAL_MEDICAL,hinglish,conversational_augmented
hello... mujhe bahut darr lag raha hai mujhe samajh nahi aa raha kya karu.,FEAR_DISTRESS_PANIC,hinglish,conversational_augmented
प्लीज... पड़ोसियों ने आकर मुझे बचा लिया अब सुरक्षित हूं,CURRENT_SAFETY_REASSURANCE,hi,conversational_augmented
यौन उत्पीड़न की शिकायत दर्ज करानी है तुरंत मदद चाहिए।,SEXUAL_VIOLENCE_HARASSMENT,hi,conversational_augmented
domestic violence ho rahi hai mere sath ghar par mai sach bol raha hu.,DOMESTIC_FAMILY_VIOLENCE,hinglish,conversational_augmented
अरे... कन्फ्यूज हूं शायद कल या परसों की बात है क्या आप सुन रहे हैं?,UNCERTAINTY_UNCLEAR_INFO,hi,conversational_augmented
प्लीज... धमका कर पैसे मांग रहा है मैं सच कह रहा हूं।,THREAT_INTIMIDATION,hi,conversational_augmented
he waits outside my workplace every evening watching me please send police now.,STALKING_FOLLOWING,en,conversational_augmented
सुनिए... ब्लैकमेल करके लगातार दबाव बना रहा है मैं सच कह रहा हूं।,COERCION_BLACKMAIL,hi,conversational_augmented
"Excuse me... everything is under control now, I am safe",CURRENT_SAFETY_REASSURANCE,en,conversational_augmented
नमस्ते... दलित होने के कारण कुएं से पानी नहीं भरने दिया मैं सच कह रहा हूं।,DISCRIMINATION_CASTE_VULNERABILITY,hi,conversational_augmented
कृपया ध्यान दीजिए... कहा अगर पैसे नहीं दिए तो बदनाम कर दूंगा प्लीज कुछ कीजिए।,COERCION_BLACKMAIL,hi,conversational_augmented
सर... कहा अगर पैसे नहीं दिए तो बदनाम कर दूंगा,COERCION_BLACKMAIL,hi,conversational_augmented
मैं बहुत परेशान हूं... मुझे थेरेपिस्ट से काउंसलिंग की जरूरत है प्लीज कुछ कीजिए।,REQUEST_COUNSELLING_LEGAL_MEDICAL,hi,conversational_augmented
मैडम... कोई सहारा नहीं है बिल्कुल बेसहारा हूं मैं सच कह रहा हूं।,ISOLATION_NO_SUPPORT,hi,conversational_augmented
Please hear me... there is an armed man outside my apartment,IMMEDIATE_PHYSICAL_DANGER,en,conversational_augmented
नमस्ते... घर में छोटा बच्चा और गर्भवती महिला है क्या आप सुन रहे हैं?,CHILD_ELDERLY_DISABILITY_VULNERABILITY,hi,conversational_augmented
hello... forcing me to give money through blackmail kya aap sun rahe ho?,COERCION_BLACKMAIL,hinglish,conversational_augmented
प्लीज... सुरक्षा दीजिए हमें पुलिस की सख्त जरूरत है,REQUEST_POLICE_EMERGENCY_HELP,hi,conversational_augmented
Please listen... we were denied access to the public well due to our caste I am telling the truth.,DISCRIMINATION_CASTE_VULNERABILITY,en,conversational_augmented
suniye... usne mujhe bohot mara hai bleeding ho rahi hai,PHYSICAL_VIOLENCE_INJURY,hinglish,conversational_augmented
प्लीज... किराए के कमरे से जबरन सामान फेंक कर निकाल दिया प्लीज कुछ कीजिए।,NO_SAFE_PLACE_HOMELESSNESS,hi,conversational_augmented
I feel so overwhelmed and anxious,FEAR_DISTRESS_PANIC,en,direct_seed
Please listen... I cannot clearly recall the exact details or location,UNCERTAINTY_UNCLEAR_INFO,en,conversational_augmented
initially it seemed resolved but suddenly violence flared up again,CONTRADICTORY_CHANGING_SITUATION,en,conversational_augmented
forcing me to give money through blackmail jaldi kuch kijiye.,COERCION_BLACKMAIL,hinglish,conversational_augmented
नमस्ते... कोई साथ देने वाला नहीं है चारों तरफ से अकेली हूं,ISOLATION_NO_SUPPORT,hi,conversational_augmented
urgent hai... husband locked me in the room without food,DOMESTIC_FAMILY_VIOLENCE,hinglish,conversational_augmented
body pe bohot injuries hain marpeet hui hai,PHYSICAL_VIOLENCE_INJURY,hinglish,conversational_augmented
suniye... completely isolated and stranded without contacts kya aap sun rahe ho?,ISOLATION_NO_SUPPORT,hinglish,conversational_augmented
in-laws dowry ke liye mentally aur physically abuse kar rahe hain,DOMESTIC_FAMILY_VIOLENCE,hinglish,conversational_augmented
Please hear me... there was no threat made whatsoever,NEUTRAL_NO_INDICATOR,en,conversational_augmented
jabarjasti karne ki koshish ki usne please madad karo.,SEXUAL_VIOLENCE_HARASSMENT,hinglish,conversational_augmented
सुनिए... तुरंत पुलिस भेजिए यहां बहुत जरूरी है प्लीज कुछ कीजिए।,REQUEST_POLICE_EMERGENCY_HELP,hi,conversational_augmented
Ma'am... my in-laws are torturing me over dowry demands,DOMESTIC_FAMILY_VIOLENCE,en,conversational_augmented
सुनिए... मेट्रो स्टेशन से घर तक फॉलो कर रहा है क्या आप सुन रहे हैं?,STALKING_FOLLOWING,hi,conversational_augmented
mai bohot pareshan hu... landlord threw all luggage out on the street jaldi kuch kijiye.,NO_SAFE_PLACE_HOMELESSNESS,hinglish,conversational_augmented
"Please listen... everything is under control now, I am safe please help immediately.",CURRENT_SAFETY_REASSURANCE,en,conversational_augmented
सुनिए... पता नहीं कौन था और क्या जगह थी जल्दी पुलिस भेजिए।,UNCERTAINTY_UNCLEAR_INFO,hi,conversational_augmented
Ma'am... I have no family or friends in this city to turn to please do something quickly.,ISOLATION_NO_SUPPORT,en,conversational_augmented
mai yahan bilkul akela hu koi relative nahi hai,ISOLATION_NO_SUPPORT,hinglish,conversational_augmented
jabarjasti karne ki koshish ki usne jaldi kuch kijiye.,SEXUAL_VIOLENCE_HARASSMENT,hinglish,conversational_augmented
initially it seemed resolved but suddenly violence flared up again I am telling the truth.,CONTRADICTORY_CHANGING_SITUATION,en,conversational_augmented
the victim is a differently-abled person unable to run please send police now.,CHILD_ELDERLY_DISABILITY_VULNERABILITY,en,conversational_augmented
पड़ोसियों ने आकर मुझे बचा लिया अब सुरक्षित हूं,CURRENT_SAFETY_REASSURANCE,hi,conversational_augmented
"I am at the police station right now, completely safe",CURRENT_SAFETY_REASSURANCE,en,direct_seed
Ma'am... we were forcibly evicted and have no place to go are you listening?,NO_SAFE_PLACE_HOMELESSNESS,en,conversational_augmented
gandi batein karke harass kar raha hai mujhe samajh nahi aa raha kya karu.,SEXUAL_VIOLENCE_HARASSMENT,hinglish,conversational_augmented
usne galat tarike se touch kiya chedchad ki kya aap sun rahe ho?,SEXUAL_VIOLENCE_HARASSMENT,hinglish,conversational_augmented
Excuse me... he is blackmailing me with private photographs please do something quickly.,COERCION_BLACKMAIL,en,conversational_augmented
Please listen... I cannot clearly recall the exact details or location please do something quickly.,UNCERTAINTY_UNCLEAR_INFO,en,conversational_augmented
मैं बहुत परेशान हूं... पीसीआर वैन को अलर्ट करके भेजो जल्दी तुरंत मदद चाहिए।,REQUEST_POLICE_EMERGENCY_HELP,hi,conversational_augmented
Officer... he is attempting to force his way inside,IMMEDIATE_PHYSICAL_DANGER,en,conversational_augmented
Help me... the person fluctuates unpredictably between calm and rage I don't know what to do.,CONTRADICTORY_CHANGING_SITUATION,en,conversational_augmented
listen... obscene photos and messages bhej raha hai jaldi kuch kijiye.,SEXUAL_VIOLENCE_HARASSMENT,hinglish,conversational_augmented
I was punched and kicked repeatedly please help immediately.,PHYSICAL_VIOLENCE_INJURY,en,conversational_augmented
we were discussing a scene from a thriller movie,NEUTRAL_NO_INDICATOR,en,conversational_augmented
hello... he hit me violently on my face kya aap sun rahe ho?,PHYSICAL_VIOLENCE_INJURY,hinglish,conversational_augmented
प्लीज... अब इस दर्द को और नहीं सह सकती क्या आप सुन रहे हैं?,SELF_HARM_CONCERN,hi,conversational_augmented
arre... pcr van bhejo jaldi address par send help immediately.,REQUEST_POLICE_EMERGENCY_HELP,hinglish,conversational_augmented
I don't want to live anymore,SELF_HARM_CONCERN,en,conversational_augmented
Please hear me... requesting immediate emergency police dispatch please help immediately.,REQUEST_POLICE_EMERGENCY_HELP,en,conversational_augmented
hello... pehle laga situation normal ho gayi par fir se violent ho gaya kya aap sun rahe ho?,CONTRADICTORY_CHANGING_SITUATION,hinglish,conversational_augmented
Help me... he said he will finish me off please do something quickly.,THREAT_INTIMIDATION,en,conversational_augmented
स्थिति हर पल बदल रही है कुछ समझ नहीं आ रहा मुझे समझ नहीं आ रहा क्या करूं।,CONTRADICTORY_CHANGING_SITUATION,hi,conversational_augmented
Hello... need therapy and mental health support session,REQUEST_COUNSELLING_LEGAL_MEDICAL,en,conversational_augmented
sometimes calm sometimes suddenly attacks again,CONTRADICTORY_CHANGING_SITUATION,hinglish,conversational_augmented
Hello... I am stranded and all alone in this situation,ISOLATION_NO_SUPPORT,en,conversational_augmented
मैं बहुत परेशान हूं... 112 की टीम को तुरंत मेरे पते पर भेजिए,REQUEST_POLICE_EMERGENCY_HELP,hi,conversational_augmented
suniye... panchayat ne social boycott announce kar diya hamara,SOCIAL_COMMUNITY_PRESSURE,hinglish,conversational_augmented
Please listen... I need legal guidance and lawyer consultation,REQUEST_COUNSELLING_LEGAL_MEDICAL,en,conversational_augmented
urgent hai... chest pain aur breathing difficulty ho rahi hai,MEDICAL_EMERGENCY,hinglish,conversational_augmented
abhi safe location par pahuch gaya hu,CURRENT_SAFETY_REASSURANCE,hinglish,direct_seed
he slapped and physically battered me,PHYSICAL_VIOLENCE_INJURY,en,direct_seed
I am being stalked by an unknown person continuously,STALKING_FOLLOWING,en,direct_seed
Sir... he attempted to sexually assault me please help immediately.,SEXUAL_VIOLENCE_HARASSMENT,en,conversational_augmented
I need legal guidance and lawyer consultation,REQUEST_COUNSELLING_LEGAL_MEDICAL,en,conversational_augmented
Excuse me... I am terrified and panicking,FEAR_DISTRESS_PANIC,en,conversational_augmented
we were denied access to the public well due to our caste please help immediately.,DISCRIMINATION_CASTE_VULNERABILITY,en,conversational_augmented
मेरी बात सुनिए... खून बह रहा है हाथ से बहुत तेज प्लीज कुछ कीजिए।,PHYSICAL_VIOLENCE_INJURY,hi,conversational_augmented
Excuse me... need therapy and mental health support session are you listening?,REQUEST_COUNSELLING_LEGAL_MEDICAL,en,conversational_augmented
हेल्प कीजिए... अभी मैं सेफ जगह पर पहुंच गई हूं प्लीज कुछ कीजिए।,CURRENT_SAFETY_REASSURANCE,hi,conversational_augmented
स्थिति हर पल बदल रही है कुछ समझ नहीं आ रहा मुझे समझ नहीं आ रहा क्या करूं।,CONTRADICTORY_CHANGING_SITUATION,hi,conversational_augmented
Help me... unstable and fluctuating circumstances right now are you listening?,CONTRADICTORY_CHANGING_SITUATION,en,conversational_augmented
सर... सास और ससुर घर में बंद करके मारते हैं जल्दी पुलिस भेजिए।,DOMESTIC_FAMILY_VIOLENCE,hi,conversational_augmented
सर... रात में सड़क पर खड़ी हूं कोई सुरक्षित जगह नहीं है प्लीज कुछ कीजिए।,NO_SAFE_PLACE_HOMELESSNESS,hi,conversational_augmented
he follows me everywhere I go,STALKING_FOLLOWING,hinglish,direct_seed
Sir... requesting legal aid assistance for filing case I don't know what to do.,REQUEST_COUNSELLING_LEGAL_MEDICAL,en,conversational_augmented
Ma'am... someone is stalking and following me every day are you listening?,STALKING_FOLLOWING,en,conversational_augmented
अरे... ऑपरेटर: कृपया अपना नाम और फोन नंबर दर्ज कराएं,NEUTRAL_NO_INDICATOR,hi,conversational_augmented
सर... बुजुर्ग माता-पिता हैं जो चलने में असमर्थ हैं तुरंत मदद चाहिए।,CHILD_ELDERLY_DISABILITY_VULNERABILITY,hi,conversational_augmented
नमस्ते... उसने मेरा गला दबाने की कोशिश की तुरंत मदद चाहिए।,PHYSICAL_VIOLENCE_INJURY,hi,conversational_augmented
लीगल एड और कोर्ट प्रक्रिया की जानकारी चाहिए क्या आप सुन रहे हैं?,REQUEST_COUNSELLING_LEGAL_MEDICAL,hi,conversational_augmented
Excuse me... the victim is a differently-abled person unable to run,CHILD_ELDERLY_DISABILITY_VULNERABILITY,en,conversational_augmented
hello... he threatnd me with a sharp weapon,THREAT_INTIMIDATION,hinglish,conversational_augmented
"Please hear me... I am at the police station right now, completely safe",CURRENT_SAFETY_REASSURANCE,en,conversational_augmented
I need urgent police security and protection right now please do something quickly.,REQUEST_POLICE_EMERGENCY_HELP,en,conversational_augmented
my in-laws threatened to burn me alive for dowry I don't know what to do.,DOMESTIC_FAMILY_VIOLENCE,en,conversational_augmented
मुझे जीने की कोई उम्मीद नहीं दिख रही मुझे समझ नहीं आ रहा क्या करूं।,SELF_HARM_CONCERN,hi,conversational_augmented
बहुत उलझन में हूं सही जानकारी नहीं दे पा रही,UNCERTAINTY_UNCLEAR_INFO,hi,conversational_augmented
अरे... सिर पर गहरी चोट है और उल्टियां हो रही हैं प्लीज कुछ कीजिए।,MEDICAL_EMERGENCY,hi,conversational_augmented
अरे... अब मैं पूरी तरह सुरक्षित हूं कोई खतरा नहीं है प्लीज कुछ कीजिए।,CURRENT_SAFETY_REASSURANCE,hi,conversational_augmented
Please hear me... he grabbed me forcefully and made sexual remarks please do something quickly.,SEXUAL_VIOLENCE_HARASSMENT,en,conversational_augmented
I am being blackmailed and pressurized constantly,COERCION_BLACKMAIL,en,conversational_augmented
मैं बहुत परेशान हूं... मेरी निजी तस्वीरें वायरल करने की धमकी दे रहा है प्लीज कुछ कीजिए।,COERCION_BLACKMAIL,hi,conversational_augmented
Ma'am... community elders are pressurizing us to withdraw the complaint I am telling the truth.,SOCIAL_COMMUNITY_PRESSURE,en,conversational_augmented
I am scared because he is outside my house,IMMEDIATE_PHYSICAL_DANGER,en,direct_seed
Please hear me... I want to hurt myself to stop this pain are you listening?,SELF_HARM_CONCERN,en,conversational_augmented
danger has passed and I am in a secure shelter,CURRENT_SAFETY_REASSURANCE,en,conversational_augmented
usne bola ki court gaya toh jaan se haath dho baithega,THREAT_INTIMIDATION,hinglish,conversational_augmented
hello... homeless ho gaye hain koi shelter nahi hai send help immediately.,NO_SAFE_PLACE_HOMELESSNESS,hinglish,conversational_augmented
हम केवल समय और तारीख की जानकारी के लिए कॉल किए हैं,NEUTRAL_NO_INDICATOR,hi,direct_seed
मैडम... घर से निकाल दिया गया है सड़क पर बैठी हूं जल्दी पुलिस भेजिए।,NO_SAFE_PLACE_HOMELESSNESS,hi,conversational_augmented
listen... disabled person par assault attempt hua hai send help immediately.,CHILD_ELDERLY_DISABILITY_VULNERABILITY,hinglish,conversational_augmented
नमस्ते... छाती में तेज दर्द है और बहुत ज्यादा खून बह रहा है,MEDICAL_EMERGENCY,hi,conversational_augmented
bohot dar lag raha hai please help,FEAR_DISTRESS_PANIC,hinglish,conversational_augmented
Ma'am... I am trapped in the bathroom and he is inside,IMMEDIATE_PHYSICAL_DANGER,en,conversational_augmented
bachhe dar ke maare ro rahe hain,FEAR_DISTRESS_PANIC,hinglish,direct_seed
Please hear me... the information is hazy and I cannot be sure I am telling the truth.,UNCERTAINTY_UNCLEAR_INFO,en,conversational_augmented
Sir... I cannot continue living like this,SELF_HARM_CONCERN,en,conversational_augmented
sir... domestic violence ho rahi hai mere sath ghar par jaldi kuch kijiye.,DOMESTIC_FAMILY_VIOLENCE,hinglish,conversational_augmented
khoon beh raha hai ambulance chahiye kya aap sun rahe ho?,PHYSICAL_VIOLENCE_INJURY,hinglish,conversational_augmented
वो चला गया है अब सब ठीक है मैं सच कह रहा हूं।,CURRENT_SAFETY_REASSURANCE,hi,conversational_augmented
Hello... I cannot clearly recall the exact details or location,UNCERTAINTY_UNCLEAR_INFO,en,conversational_augmented
अज्ञात व्यक्ति मेरा पीछा करता है घर तक मुझे समझ नहीं आ रहा क्या करूं।,STALKING_FOLLOWING,hi,conversational_augmented
koi sath nahi de raha sabne contact tod diya,ISOLATION_NO_SUPPORT,hinglish,direct_seed
he touched me inappropriately against my will,SEXUAL_VIOLENCE_HARASSMENT,en,direct_seed
Help me... I am being stalked by an unknown person continuously are you listening?,STALKING_FOLLOWING,en,conversational_augmented
Please listen... I am terrified and panicking are you listening?,FEAR_DISTRESS_PANIC,en,conversational_augmented
सर... अत्यधिक बेचैनी और दहशत महसूस हो रही है,FEAR_DISTRESS_PANIC,hi,conversational_augmented
sir... need immediate police intervention and escort mai sach bol raha hu.,REQUEST_POLICE_EMERGENCY_HELP,hinglish,conversational_augmented
domestic violence ho rahi hai mere sath ghar par mujhe samajh nahi aa raha kya karu.,DOMESTIC_FAMILY_VIOLENCE,hinglish,conversational_augmented
प्लीज... उसने मुझे बुरी तरह पीटा है मुझे समझ नहीं आ रहा क्या करूं।,PHYSICAL_VIOLENCE_INJURY,hi,conversational_augmented
I am being blackmailed and pressurized constantly,COERCION_BLACKMAIL,en,direct_seed
suniye... just calling to inquire about the government scheme timings,NEUTRAL_NO_INDICATOR,hinglish,conversational_augmented
Please listen... I have no family or friends in this city to turn to,ISOLATION_NO_SUPPORT,en,conversational_augmented
मेरी निजी तस्वीरें वायरल करने की धमकी दे रहा है मुझे समझ नहीं आ रहा क्या करूं।,COERCION_BLACKMAIL,hi,conversational_augmented
अरे... उसने कहा कि जान से मार देगा,THREAT_INTIMIDATION,hi,conversational_augmented
यौन उत्पीड़न की शिकायत दर्ज करानी है मुझे समझ नहीं आ रहा क्या करूं।,SEXUAL_VIOLENCE_HARASSMENT,hi,conversational_augmented
मेरी बात सुनिए... मुझे कानूनी सलाह और वकील की मदद चाहिए,REQUEST_COUNSELLING_LEGAL_MEDICAL,hi,conversational_augmented
hello... police PCR van reach ho gayi hai we are safe mai sach bol raha hu.,CURRENT_SAFETY_REASSURANCE,hinglish,conversational_augmented
arre... need immediate police intervention and escort mai sach bol raha hu.,REQUEST_POLICE_EMERGENCY_HELP,hinglish,conversational_augmented
the kids are terrified and screaming please do something quickly.,FEAR_DISTRESS_PANIC,en,conversational_augmented
Please hear me... he threatened severe physical consequences I am telling the truth.,THREAT_INTIMIDATION,en,conversational_augmented
कोई सहारा नहीं है बिल्कुल बेसहारा हूं तुरंत मदद चाहिए।,ISOLATION_NO_SUPPORT,hi,conversational_augmented
need immediate police intervention and escort,REQUEST_POLICE_EMERGENCY_HELP,hinglish,conversational_augmented
I have been thrown out of my house onto the street,NO_SAFE_PLACE_HOMELESSNESS,en,conversational_augmented
arre... mohalla wale milkar harrass kar rahe hain please madad karo.,SOCIAL_COMMUNITY_PRESSURE,hinglish,conversational_augmented
I have been thrown out of my house onto the street,NO_SAFE_PLACE_HOMELESSNESS,en,direct_seed
entire village mob is pressurizing our family,SOCIAL_COMMUNITY_PRESSURE,hinglish,direct_seed
legal advice and free legal aid lawyer chahiye send help immediately.,REQUEST_COUNSELLING_LEGAL_MEDICAL,hinglish,conversational_augmented
arre... wo log mere sath bhed bhav aur chhuachhoot kar rahe hain,DISCRIMINATION_CASTE_VULNERABILITY,hinglish,conversational_augmented
hello... sir pe chot lagi hai khoon nikal raha hai,PHYSICAL_VIOLENCE_INJURY,hinglish,conversational_augmented
I need legal guidance and lawyer consultation please send police now.,REQUEST_COUNSELLING_LEGAL_MEDICAL,en,conversational_augmented
I need urgent police security and protection right now,REQUEST_POLICE_EMERGENCY_HELP,en,conversational_augmented
bola ki consequences bahut bure honge jaldi kuch kijiye.,THREAT_INTIMIDATION,hinglish,conversational_augmented
marpeet karke fractured my arm mai sach bol raha hu.,PHYSICAL_VIOLENCE_INJURY,hinglish,conversational_augmented
minor child ki safety at high risk right now kya aap sun rahe ho?,CHILD_ELDERLY_DISABILITY_VULNERABILITY,hinglish,conversational_augmented
madam... legal advice and free legal aid lawyer chahiye,REQUEST_COUNSELLING_LEGAL_MEDICAL,hinglish,conversational_augmented
Ma'am... he threatened severe physical consequences,THREAT_INTIMIDATION,en,conversational_augmented
madam... sometimes calm sometimes suddenly attacks again mai sach bol raha hu.,CONTRADICTORY_CHANGING_SITUATION,hinglish,conversational_augmented
hello... koi reason nahi bacha live karne ka,SELF_HARM_CONCERN,hinglish,conversational_augmented
the person fluctuates unpredictably between calm and rage,CONTRADICTORY_CHANGING_SITUATION,en,direct_seed
प्लीज... मैं यहां बिल्कुल अकेली हूं कोई मदद करने वाला नहीं मुझे समझ नहीं आ रहा क्या करूं।,ISOLATION_NO_SUPPORT,hi,conversational_augmented
112 की टीम को तुरंत मेरे पते पर भेजिए प्लीज कुछ कीजिए।,REQUEST_POLICE_EMERGENCY_HELP,hi,conversational_augmented
peecha karke darwaaze tak aa gaya jaldi kuch kijiye.,STALKING_FOLLOWING,hinglish,conversational_augmented
madam... severe blood loss and head injury need emergency care,MEDICAL_EMERGENCY,hinglish,conversational_augmented
अरे... अश्लील बातें और फोटो भेज रहा है,SEXUAL_VIOLENCE_HARASSMENT,hi,conversational_augmented
प्लीज... चाकू से वार करके घायल कर दिया प्लीज कुछ कीजिए।,PHYSICAL_VIOLENCE_INJURY,hi,conversational_augmented
koi madad karne wala nahi hai bilkul akeli hu,ISOLATION_NO_SUPPORT,hinglish,conversational_augmented
मेरी बात सुनिए... दहेज न लाने पर घर से निकालने की धमकी दी प्लीज कुछ कीजिए।,DOMESTIC_FAMILY_VIOLENCE,hi,conversational_augmented
"Excuse me... the PCR unit is here with me, I am protected please send police now.",CURRENT_SAFETY_REASSURANCE,en,conversational_augmented
help kijiye... feeling like committing suicide please help jaldi kuch kijiye.,SELF_HARM_CONCERN,hinglish,conversational_augmented
suniye... husband locked me in the room without food send help immediately.,DOMESTIC_FAMILY_VIOLENCE,hinglish,conversational_augmented
नमस्ते... वो मुझे ब्लैकमेल कर रहा है पैसों के लिए,COERCION_BLACKMAIL,hi,conversational_augmented
दहशत का माहौल है यहां,FEAR_DISTRESS_PANIC,hi,direct_seed
Please hear me... the local panchayat has ordered a complete social boycott are you listening?,SOCIAL_COMMUNITY_PRESSURE,en,conversational_augmented
hello... need mental health counselling and legal guidance kya aap sun rahe ho?,REQUEST_COUNSELLING_LEGAL_MEDICAL,hinglish,conversational_augmented
mai bohot pareshan hu... husband roz daaru peeke marpeet karta hai,DOMESTIC_FAMILY_VIOLENCE,hinglish,conversational_augmented
अरे... जातिगत भेदभाव और छुआछूत का शिकार बनाया गया मैं सच कह रहा हूं।,DISCRIMINATION_CASTE_VULNERABILITY,hi,conversational_augmented
घबराहट के कारण कुछ समझ नहीं आ रहा,FEAR_DISTRESS_PANIC,hi,direct_seed
Sir... Operator: Your grievance number has been logged successfully,NEUTRAL_NO_INDICATOR,en,conversational_augmented
entire village mob is pressurizing our family,SOCIAL_COMMUNITY_PRESSURE,hinglish,conversational_augmented
नमस्ते... लीगल एड और कोर्ट प्रक्रिया की जानकारी चाहिए,REQUEST_COUNSELLING_LEGAL_MEDICAL,hi,conversational_augmented
I have been thrown out of my house onto the street,NO_SAFE_PLACE_HOMELESSNESS,en,conversational_augmented
listen... pata nahi kahan hu landmark nahi dikh raha mai sach bol raha hu.,UNCERTAINTY_UNCLEAR_INFO,hinglish,conversational_augmented
मैडम... ससुराल वाले दहेज के लिए प्रताड़ित कर रहे हैं तुरंत मदद चाहिए।,DOMESTIC_FAMILY_VIOLENCE,hi,conversational_augmented
listen... shaking with fear right now,FEAR_DISTRESS_PANIC,hinglish,conversational_augmented
हेल्प कीजिए... किराए के कमरे से जबरन सामान फेंक कर निकाल दिया मुझे समझ नहीं आ रहा क्या करूं।,NO_SAFE_PLACE_HOMELESSNESS,hi,conversational_augmented
"Please listen... I am at the police station right now, completely safe please do something quickly.",CURRENT_SAFETY_REASSURANCE,en,conversational_augmented
he assaulted me while abusing my marginalized identity are you listening?,DISCRIMINATION_CASTE_VULNERABILITY,en,conversational_augmented
कृपया ध्यान दीजिए... ब्लैकमेल करके लगातार दबाव बना रहा है मुझे समझ नहीं आ रहा क्या करूं।,COERCION_BLACKMAIL,hi,conversational_augmented
प्लीज... he threatened me but I am safe now जल्दी पुलिस भेजिए।,CURRENT_SAFETY_REASSURANCE,hi,conversational_augmented
requesting immediate emergency police dispatch I don't know what to do.,REQUEST_POLICE_EMERGENCY_HELP,en,conversational_augmented
Officer... I am trapped in an abusive marriage with constant violence I don't know what to do.,DOMESTIC_FAMILY_VIOLENCE,en,conversational_augmented
मेरी बात सुनिए... हर जगह मेरा पीछा करके वीडियो बनाता है,STALKING_FOLLOWING,hi,conversational_augmented
jabarjasti karne ki koshish ki usne,SEXUAL_VIOLENCE_HARASSMENT,hinglish,direct_seed
sir... khoon beh raha hai ambulance chahiye mujhe samajh nahi aa raha kya karu.,PHYSICAL_VIOLENCE_INJURY,hinglish,conversational_augmented
मैं बहुत परेशान हूं... मुझे थेरेपिस्ट से काउंसलिंग की जरूरत है मुझे समझ नहीं आ रहा क्या करूं।,REQUEST_COUNSELLING_LEGAL_MEDICAL,hi,conversational_augmented
blakmail karke mental torture de raha hai,COERCION_BLACKMAIL,hinglish,conversational_augmented
हेल्प कीजिए... डर लग रहा है कोई मुझे बचाओ क्या आप सुन रहे हैं?,FEAR_DISTRESS_PANIC,hi,conversational_augmented
khoon beh raha hai ambulance chahiye,PHYSICAL_VIOLENCE_INJURY,hinglish,direct_seed
sir... in-laws dowry ke liye mentally aur physically abuse kar rahe hain mujhe samajh nahi aa raha kya karu.,DOMESTIC_FAMILY_VIOLENCE,hinglish,conversational_augmented
arre... pehle laga situation normal ho gayi par fir se violent ho gaya jaldi kuch kijiye.,CONTRADICTORY_CHANGING_SITUATION,hinglish,conversational_augmented
सर... अपनी जान दे दूंगी मैं,SELF_HARM_CONCERN,hi,conversational_augmented
Please listen... the person fluctuates unpredictably between calm and rage please help immediately.,CONTRADICTORY_CHANGING_SITUATION,en,conversational_augmented
सर... मुझे पुलिस सुरक्षा की तुरंत आवश्यकता है जल्दी पुलिस भेजिए।,REQUEST_POLICE_EMERGENCY_HELP,hi,conversational_augmented
mujhe exact location yaad nahi aa rahi confuse hu,UNCERTAINTY_UNCLEAR_INFO,hinglish,conversational_augmented
"Excuse me... I am not in danger, just asking about the registration process please help immediately.",NEUTRAL_NO_INDICATOR,en,conversational_augmented
listen... need mental health counselling and legal guidance,REQUEST_COUNSELLING_LEGAL_MEDICAL,hinglish,conversational_augmented
arre... completely isolated and stranded without contacts,ISOLATION_NO_SUPPORT,hinglish,conversational_augmented
I need urgent police security and protection right now,REQUEST_POLICE_EMERGENCY_HELP,en,direct_seed
सुनिए... घर में छोटा बच्चा और गर्भवती महिला है क्या आप सुन रहे हैं?,CHILD_ELDERLY_DISABILITY_VULNERABILITY,hi,conversational_augmented
ab sab normal hai danger pass ho gaya hai,CURRENT_SAFETY_REASSURANCE,hinglish,direct_seed
help kijiye... ghar se nikal diya hai road par khadi hu kya aap sun rahe ho?,NO_SAFE_PLACE_HOMELESSNESS,hinglish,conversational_augmented
my in-laws threatened to burn me alive for dowry,DOMESTIC_FAMILY_VIOLENCE,en,direct_seed
मेरी बात सुनिए... पूरे गांव और पंचायत ने हमारा बहिष्कार कर दिया है तुरंत मदद चाहिए।,SOCIAL_COMMUNITY_PRESSURE,hi,conversational_augmented
"there is no threat or danger here, everything is peaceful",NEUTRAL_NO_INDICATOR,en,conversational_augmented
Help me... he threatened to leak sensitive personal videos online,COERCION_BLACKMAIL,en,conversational_augmented
he assaulted me while abusing my marginalized identity please do something quickly.,DISCRIMINATION_CASTE_VULNERABILITY,en,conversational_augmented
hello... bahar khada hai gaaliyan de raha hai,IMMEDIATE_PHYSICAL_DANGER,hinglish,conversational_augmented
Excuse me... I would like to speak to a psychological counselor please do something quickly.,REQUEST_COUNSELLING_LEGAL_MEDICAL,en,conversational_augmented
घर में छोटा बच्चा और गर्भवती महिला है तुरंत मदद चाहिए।,CHILD_ELDERLY_DISABILITY_VULNERABILITY,hi,conversational_augmented
Please hear me... I have no safe shelter or roof over my head tonight,NO_SAFE_PLACE_HOMELESSNESS,en,conversational_augmented
he said he will shoot me if I go out,THREAT_INTIMIDATION,en,conversational_augmented
अरे... मेट्रो स्टेशन से घर तक फॉलो कर रहा है,STALKING_FOLLOWING,hi,conversational_augmented
सास और ससुर घर में बंद करके मारते हैं,DOMESTIC_FAMILY_VIOLENCE,hi,conversational_augmented
Help me... he keeps watching my house and tracking my schedule,STALKING_FOLLOWING,en,conversational_augmented
sir... mohalla wale milkar harrass kar rahe hain mujhe samajh nahi aa raha kya karu.,SOCIAL_COMMUNITY_PRESSURE,hinglish,conversational_augmented
police PCR van reach ho gayi hai we are safe,CURRENT_SAFETY_REASSURANCE,hinglish,conversational_augmented
contradictory situation hai outcome uncertain hai,CONTRADICTORY_CHANGING_SITUATION,hinglish,direct_seed
please... ghar me elderly parents hain jo bedridden hain please madad karo.,CHILD_ELDERLY_DISABILITY_VULNERABILITY,hinglish,conversational_augmented
hello... mujhe exact location yaad nahi aa rahi confuse hu,UNCERTAINTY_UNCLEAR_INFO,hinglish,conversational_augmented
bachhe dar ke maare ro rahe hain,FEAR_DISTRESS_PANIC,hinglish,conversational_augmented
दलित होने के कारण कुएं से पानी नहीं भरने दिया मैं सच कह रहा हूं।,DISCRIMINATION_CASTE_VULNERABILITY,hi,conversational_augmented
अरे... सुरक्षा दीजिए हमें पुलिस की सख्त जरूरत है जल्दी पुलिस भेजिए।,REQUEST_POLICE_EMERGENCY_HELP,hi,conversational_augmented
"Officer... I am completely safe now, police have arrived please send police now.",CURRENT_SAFETY_REASSURANCE,en,conversational_augmented
sir... disabled person par assault attempt hua hai mai sach bol raha hu.,CHILD_ELDERLY_DISABILITY_VULNERABILITY,hinglish,conversational_augmented
pcr van bhejo jaldi address par,REQUEST_POLICE_EMERGENCY_HELP,hinglish,conversational_augmented
"there is no threat or danger here, everything is peaceful",NEUTRAL_NO_INDICATOR,en,direct_seed
listen... inappropriate physical contact kiya forcefully send help immediately.,SEXUAL_VIOLENCE_HARASSMENT,hinglish,conversational_augmented
तुरंत एम्बुलेंस भेजिए मरीज की हालत गंभीर है जल्दी पुलिस भेजिए।,MEDICAL_EMERGENCY,hi,conversational_augmented
Please hear me... he keeps watching my house and tracking my schedule are you listening?,STALKING_FOLLOWING,en,conversational_augmented
यौन उत्पीड़न की शिकायत दर्ज करानी है प्लीज कुछ कीजिए।,SEXUAL_VIOLENCE_HARASSMENT,hi,conversational_augmented
he keeps watching my house and tracking my schedule,STALKING_FOLLOWING,en,conversational_augmented
Ma'am... alert the local police station for immediate response I don't know what to do.,REQUEST_POLICE_EMERGENCY_HELP,en,conversational_augmented
मैं बहुत परेशान हूं... मैं बहुत टूट चुकी हूं मर जाना चाहती हूं मुझे समझ नहीं आ रहा क्या करूं।,SELF_HARM_CONCERN,hi,conversational_augmented
the situation is volatile and constantly shifting please do something quickly.,CONTRADICTORY_CHANGING_SITUATION,en,conversational_augmented
कृपया ध्यान दीजिए... उसने मुझे कोई धमकी नहीं दी मैं सच कह रहा हूं।,NEUTRAL_NO_INDICATOR,hi,conversational_augmented
I have no family or friends in this city to turn to are you listening?,ISOLATION_NO_SUPPORT,en,conversational_augmented
the person fluctuates unpredictably between calm and rage I am telling the truth.,CONTRADICTORY_CHANGING_SITUATION,en,conversational_augmented
he warned that no one can save me from him,THREAT_INTIMIDATION,en,direct_seed
pehle laga situation normal ho gayi par fir se violent ho gaya,CONTRADICTORY_CHANGING_SITUATION,hinglish,conversational_augmented
khoon beh raha hai ambulance chahiye mai sach bol raha hu.,PHYSICAL_VIOLENCE_INJURY,hinglish,conversational_augmented
Help me... I was sexually harassed on my way home,SEXUAL_VIOLENCE_HARASSMENT,en,conversational_augmented
panchayat ne social boycott announce kar diya hamara please madad karo.,SOCIAL_COMMUNITY_PRESSURE,hinglish,conversational_augmented
help kijiye... situation control me hai tension ki baat nahi hai,CURRENT_SAFETY_REASSURANCE,hinglish,conversational_augmented
प्लीज... मुझे पुलिस सुरक्षा की तुरंत आवश्यकता है प्लीज कुछ कीजिए।,REQUEST_POLICE_EMERGENCY_HELP,hi,conversational_augmented
तुरंत पुलिस भेजिए यहां बहुत जरूरी है,REQUEST_POLICE_EMERGENCY_HELP,hi,conversational_augmented
Hello... a minor child is trapped inside facing grave risk,CHILD_ELDERLY_DISABILITY_VULNERABILITY,en,conversational_augmented
कोई डरने की बात नहीं है जल्दी पुलिस भेजिए।,NEUTRAL_NO_INDICATOR,hi,conversational_augmented
सुनिए... अभी मैं सेफ जगह पर पहुंच गई हूं जल्दी पुलिस भेजिए।,CURRENT_SAFETY_REASSURANCE,hi,conversational_augmented
please... he was not threatening anyone it was a misunderstanding mai sach bol raha hu.,NEUTRAL_NO_INDICATOR,hinglish,conversational_augmented
gandi batein karke harass kar raha hai,SEXUAL_VIOLENCE_HARASSMENT,hinglish,conversational_augmented
यह एक जागरूकता कार्यक्रम का नाटक था,NEUTRAL_NO_INDICATOR,hi,direct_seed
help kijiye... he is banging on my window violently,IMMEDIATE_PHYSICAL_DANGER,hinglish,conversational_augmented
Help me... he physically assaulted me and I am injured please send police now.,PHYSICAL_VIOLENCE_INJURY,en,conversational_augmented
urgent hai... not sure what happened exactly unclear memory mujhe samajh nahi aa raha kya karu.,UNCERTAINTY_UNCLEAR_INFO,hinglish,conversational_augmented
Hello... a strange man follows me from the bus stop to my house I am telling the truth.,STALKING_FOLLOWING,en,conversational_augmented
I need urgent police security and protection right now please send police now.,REQUEST_POLICE_EMERGENCY_HELP,en,conversational_augmented
Excuse me... we were forcibly evicted and have no place to go are you listening?,NO_SAFE_PLACE_HOMELESSNESS,en,conversational_augmented
heavy bleeding ho rahi hai ambulance chahiye turant jaldi kuch kijiye.,MEDICAL_EMERGENCY,hinglish,conversational_augmented
I am stranded and all alone in this situation are you listening?,ISOLATION_NO_SUPPORT,en,conversational_augmented
ghabrahat se saans phool rahi hai kya aap sun rahe ho?,FEAR_DISTRESS_PANIC,hinglish,conversational_augmented
Sir... there is no hope left for me I want to die please send police now.,SELF_HARM_CONCERN,en,conversational_augmented
Please hear me... he is blackmailing me with private photographs are you listening?,COERCION_BLACKMAIL,en,conversational_augmented
Help me... my family members are physically abusing me,DOMESTIC_FAMILY_VIOLENCE,en,conversational_augmented
suniye... reached inside police thana now totally safe send help immediately.,CURRENT_SAFETY_REASSURANCE,hinglish,conversational_augmented
Officer... the local panchayat has ordered a complete social boycott please help immediately.,SOCIAL_COMMUNITY_PRESSURE,en,conversational_augmented
I am completely alone and have nobody to help me are you listening?,ISOLATION_NO_SUPPORT,en,conversational_augmented
hello... jaati soochak shabdon se gali di aur bhedbhav kiya,DISCRIMINATION_CASTE_VULNERABILITY,hinglish,conversational_augmented
पूरे गांव और पंचायत ने हमारा बहिष्कार कर दिया है मुझे समझ नहीं आ रहा क्या करूं।,SOCIAL_COMMUNITY_PRESSURE,hi,conversational_augmented
पति ने कमरे में बंद करके पीटा,DOMESTIC_FAMILY_VIOLENCE,hi,direct_seed
ghar me elderly parents hain jo bedridden hain,CHILD_ELDERLY_DISABILITY_VULNERABILITY,hinglish,direct_seed
unhone mere saath bhedbhav kiya jaati ke aadhar par,DISCRIMINATION_CASTE_VULNERABILITY,hinglish,direct_seed
hello... minor child ki safety at high risk right now jaldi kuch kijiye.,CHILD_ELDERLY_DISABILITY_VULNERABILITY,hinglish,conversational_augmented
urgent hai... usne mujhe koi dhamkee nahi di hai,NEUTRAL_NO_INDICATOR,hinglish,conversational_augmented
madam... feeling completely hopeless wanting to quit life send help immediately.,SELF_HARM_CONCERN,hinglish,conversational_augmented
दहेज न लाने पर घर से निकालने की धमकी दी तुरंत मदद चाहिए।,DOMESTIC_FAMILY_VIOLENCE,hi,conversational_augmented
please... feeling completely hopeless wanting to quit life mai sach bol raha hu.,SELF_HARM_CONCERN,hinglish,conversational_augmented
arre... obscene photos and messages bhej raha hai mai sach bol raha hu.,SEXUAL_VIOLENCE_HARASSMENT,hinglish,conversational_augmented
मेरी बात सुनिए... स्थिति हर पल बदल रही है कुछ समझ नहीं आ रहा प्लीज कुछ कीजिए।,CONTRADICTORY_CHANGING_SITUATION,hi,conversational_augmented
sir... sometimes calm sometimes suddenly attacks again kya aap sun rahe ho?,CONTRADICTORY_CHANGING_SITUATION,hinglish,conversational_augmented
severe blood loss and head injury need emergency care,MEDICAL_EMERGENCY,hinglish,direct_seed
please... pehle laga situation normal ho gayi par fir se violent ho gaya jaldi kuch kijiye.,CONTRADICTORY_CHANGING_SITUATION,hinglish,conversational_augmented
सुनिए... सब कुछ खत्म कर लेना चाहता हूं क्या आप सुन रहे हैं?,SELF_HARM_CONCERN,hi,conversational_augmented
he was not threatening anyone it was a misunderstanding send help immediately.,NEUTRAL_NO_INDICATOR,hinglish,conversational_augmented
कभी वो शांत हो जाता है कभी अचानक हमला कर देता है,CONTRADICTORY_CHANGING_SITUATION,hi,conversational_augmented
I need urgent help... a minor child is trapped inside facing grave risk I am telling the truth.,CHILD_ELDERLY_DISABILITY_VULNERABILITY,en,conversational_augmented
Officer... he waits outside my workplace every evening watching me please help immediately.,STALKING_FOLLOWING,en,conversational_augmented
need therapy and mental health support session please do something quickly.,REQUEST_COUNSELLING_LEGAL_MEDICAL,en,conversational_augmented
अरे... मुझे कोई खतरा नहीं है मैं सिर्फ सामान्य पूछताछ कर रहा हूं,NEUTRAL_NO_INDICATOR,hi,conversational_augmented
legal advice and free legal aid lawyer chahiye,REQUEST_COUNSELLING_LEGAL_MEDICAL,hinglish,conversational_augmented
Sir... alert the local police station for immediate response,REQUEST_POLICE_EMERGENCY_HELP,en,conversational_augmented
कहता है अगर शिकायत की तो ज़िंदा नहीं छोड़ेगा,THREAT_INTIMIDATION,hi,direct_seed
Sir... I am being blackmailed and pressurized constantly,COERCION_BLACKMAIL,en,conversational_augmented
I am extremely frightened for my life,FEAR_DISTRESS_PANIC,en,direct_seed
unpredictable behaviour hai situation continuously changing kya aap sun rahe ho?,CONTRADICTORY_CHANGING_SITUATION,hinglish,conversational_augmented
पड़ोसियों ने आकर मुझे बचा लिया अब सुरक्षित हूं तुरंत मदद चाहिए।,CURRENT_SAFETY_REASSURANCE,hi,conversational_augmented
sir... ab mai safe hu police aa gayi hai,CURRENT_SAFETY_REASSURANCE,hinglish,conversational_augmented
Please listen... the patient is unconscious and unable to breathe,MEDICAL_EMERGENCY,en,conversational_augmented
नमस्ते... दिव्यांग व्यक्ति पर हमला किया गया है प्लीज कुछ कीजिए।,CHILD_ELDERLY_DISABILITY_VULNERABILITY,hi,conversational_augmented
in-laws dowry ke liye mentally aur physically abuse kar rahe hain,DOMESTIC_FAMILY_VIOLENCE,hinglish,direct_seed
hello... molestation attempt hua hai raste mein jaldi kuch kijiye.,SEXUAL_VIOLENCE_HARASSMENT,hinglish,conversational_augmented
I am calling purely for information regarding office hours,NEUTRAL_NO_INDICATOR,en,direct_seed
अरे... निचली जाति का बोलकर मंदिर में जाने से रोका मुझे समझ नहीं आ रहा क्या करूं।,DISCRIMINATION_CASTE_VULNERABILITY,hi,conversational_augmented
मैं बहुत परेशान हूं... जातिगत भेदभाव और छुआछूत का शिकार बनाया गया,DISCRIMINATION_CASTE_VULNERABILITY,hi,conversational_augmented
khauf lag raha hai akele rehne me jaldi kuch kijiye.,FEAR_DISTRESS_PANIC,hinglish,conversational_augmented
sir... darr ki koi baat nahi hai normal hu kya aap sun rahe ho?,NEUTRAL_NO_INDICATOR,hinglish,conversational_augmented
मैं बहुत परेशान हूं... जान बचाने के लिए कमरे में बंद हूं क्या आप सुन रहे हैं?,IMMEDIATE_PHYSICAL_DANGER,hi,conversational_augmented
सर... बहुत घबराहट हो रही है सांस नहीं ली जा रही तुरंत मदद चाहिए।,FEAR_DISTRESS_PANIC,hi,conversational_augmented
प्लीज... धमकी मिली है कि चुप रहो वरना अंजाम बुरा होगा प्लीज कुछ कीजिए।,THREAT_INTIMIDATION,hi,conversational_augmented
sir... police protection chahiye urgent basis pe mai sach bol raha hu.,REQUEST_POLICE_EMERGENCY_HELP,hinglish,conversational_augmented
Please hear me... a group of village leaders is threatening our household,SOCIAL_COMMUNITY_PRESSURE,en,conversational_augmented
patient is unconscious please dispatch medical team,MEDICAL_EMERGENCY,hinglish,conversational_augmented
mai bohot pareshan hu... unpredictable behaviour hai situation continuously changing,CONTRADICTORY_CHANGING_SITUATION,hinglish,conversational_augmented
I need urgent help... I was sexually harassed on my way home please help immediately.,SEXUAL_VIOLENCE_HARASSMENT,en,conversational_augmented
molestation attempt hua hai raste mein,SEXUAL_VIOLENCE_HARASSMENT,hinglish,direct_seed
ghar me elderly parents hain jo bedridden hain kya aap sun rahe ho?,CHILD_ELDERLY_DISABILITY_VULNERABILITY,hinglish,conversational_augmented
he attempted to sexually assault me,SEXUAL_VIOLENCE_HARASSMENT,en,conversational_augmented
woh ghar ke bahar khada hai weapon leke,IMMEDIATE_PHYSICAL_DANGER,hinglish,conversational_augmented
arre... pulis protection chahiye urgent basis pe jaldi kuch kijiye.,REQUEST_POLICE_EMERGENCY_HELP,hinglish,conversational_augmented
Please listen... he did not threaten me,NEUTRAL_NO_INDICATOR,en,conversational_augmented
सुनिए... बाहर लोग हथियारों के साथ खड़े हैं प्लीज कुछ कीजिए।,IMMEDIATE_PHYSICAL_DANGER,hi,conversational_augmented
I am uncertain and confused about what transpired please help immediately.,UNCERTAINTY_UNCLEAR_INFO,en,conversational_augmented
stalking me continuously for past two weeks,STALKING_FOLLOWING,hinglish,conversational_augmented
urgent hai... movie ka scene discuss kar rahe the dost ke sath send help immediately.,NEUTRAL_NO_INDICATOR,hinglish,conversational_augmented
urgent hai... advocate ki sahayata chahiye grievance file karne me mujhe samajh nahi aa raha kya karu.,REQUEST_COUNSELLING_LEGAL_MEDICAL,hinglish,conversational_augmented
तुरंत एम्बुलेंस भेजिए मरीज की हालत गंभीर है,MEDICAL_EMERGENCY,hi,conversational_augmented
मैडम... उसने मुझे गलत तरीके से छुआ,SEXUAL_VIOLENCE_HARASSMENT,hi,conversational_augmented
खतरा टल चुका है अब कोई डर नहीं है,CURRENT_SAFETY_REASSURANCE,hi,conversational_augmented
please... have no family or friends to support me here please madad karo.,ISOLATION_NO_SUPPORT,hinglish,conversational_augmented
कृपया ध्यान दीजिए... कोई मेरे घर के बाहर खड़ा है,IMMEDIATE_PHYSICAL_DANGER,hi,conversational_augmented
please... koi sath nahi de raha sabne contact tod diya,ISOLATION_NO_SUPPORT,hinglish,conversational_augmented
suniye... mai bohot zyada scared hu kya aap sun rahe ho?,FEAR_DISTRESS_PANIC,hinglish,conversational_augmented
Please listen... we were denied access to the public well due to our caste please send police now.,DISCRIMINATION_CASTE_VULNERABILITY,en,conversational_augmented
we were discussing a scene from a thriller movie,NEUTRAL_NO_INDICATOR,en,conversational_augmented
he physically assaulted me and I am injured please send police now.,PHYSICAL_VIOLENCE_INJURY,en,conversational_augmented
confused state me hu exact time nahi pata mai sach bol raha hu.,UNCERTAINTY_UNCLEAR_INFO,hinglish,conversational_augmented
help kijiye... apni jaan le lungi agar aisa hi chalta raha kya aap sun rahe ho?,SELF_HARM_CONCERN,hinglish,conversational_augmented
"hello... namaste, NHAA helpline me aapka swagat hai kya aap sun rahe ho?",NEUTRAL_NO_INDICATOR,hinglish,conversational_augmented
I have no safe shelter or roof over my head tonight,NO_SAFE_PLACE_HOMELESSNESS,en,direct_seed
Please hear me... there was no threat made whatsoever please send police now.,NEUTRAL_NO_INDICATOR,en,conversational_augmented
please... sasural wale roz taane dete hain aur maarte hain,DOMESTIC_FAMILY_VIOLENCE,hinglish,conversational_augmented
forcing me to give money through blackmail,COERCION_BLACKMAIL,hinglish,direct_seed
कृपया ध्यान दीजिए... तुरंत एम्बुलेंस भेजिए मरीज की हालत गंभीर है,MEDICAL_EMERGENCY,hi,conversational_augmented
I am scared because he is outside my house jaldi kuch kijiye.,IMMEDIATE_PHYSICAL_DANGER,hinglish,conversational_augmented
कृपया ध्यान दीजिए... मेट्रो स्टेशन से घर तक फॉलो कर रहा है,STALKING_FOLLOWING,hi,conversational_augmented
अरे... कन्फ्यूज हूं शायद कल या परसों की बात है प्लीज कुछ कीजिए।,UNCERTAINTY_UNCLEAR_INFO,hi,conversational_augmented
नमस्ते... सबक सिखाने की धमकी दे रहा है प्लीज कुछ कीजिए।,THREAT_INTIMIDATION,hi,conversational_augmented
वो मुझे ब्लैकमेल कर रहा है पैसों के लिए मैं सच कह रहा हूं।,COERCION_BLACKMAIL,hi,conversational_augmented
प्लीज... लीगल एड और कोर्ट प्रक्रिया की जानकारी चाहिए,REQUEST_COUNSELLING_LEGAL_MEDICAL,hi,conversational_augmented
I need urgent help... my in-laws threatened to burn me alive for dowry please send police now.,DOMESTIC_FAMILY_VIOLENCE,en,conversational_augmented
community elders are pressurizing us to withdraw the complaint please do something quickly.,SOCIAL_COMMUNITY_PRESSURE,en,conversational_augmented
Help me... he touched me inappropriately against my will,SEXUAL_VIOLENCE_HARASSMENT,en,conversational_augmented
सामूहिक रूप से हम पर दबाव बनाया जा रहा है,SOCIAL_COMMUNITY_PRESSURE,hi,conversational_augmented
hello... tracking my daily movements and clicking photos send help immediately.,STALKING_FOLLOWING,hinglish,conversational_augmented
सुनिए... मुझे पुलिस सुरक्षा की तुरंत आवश्यकता है तुरंत मदद चाहिए।,REQUEST_POLICE_EMERGENCY_HELP,hi,conversational_augmented
urgent hai... advocate ki sahayata chahiye grievance file karne me send help immediately.,REQUEST_COUNSELLING_LEGAL_MEDICAL,hinglish,conversational_augmented
दिव्यांग व्यक्ति पर हमला किया गया है प्लीज कुछ कीजिए।,CHILD_ELDERLY_DISABILITY_VULNERABILITY,hi,conversational_augmented
arre... homeless ho gaye hain koi shelter nahi hai send help immediately.,NO_SAFE_PLACE_HOMELESSNESS,hinglish,conversational_augmented
I have no family or friends in this city to turn to,ISOLATION_NO_SUPPORT,en,conversational_augmented
we are facing intense community ostracization and pressure,SOCIAL_COMMUNITY_PRESSURE,en,conversational_augmented
Officer... they used derogatory casteist slurs against me publicly,DISCRIMINATION_CASTE_VULNERABILITY,en,conversational_augmented
my elderly parents are bedridden and cannot escape please help immediately.,CHILD_ELDERLY_DISABILITY_VULNERABILITY,en,conversational_augmented
मुझे बहुत पैनिक अटैक आ रहा है,FEAR_DISTRESS_PANIC,hi,direct_seed
I need urgent help... facing severe caste-based discrimination and untouchability please do something quickly.,DISCRIMINATION_CASTE_VULNERABILITY,en,conversational_augmented
Officer... the patient is unconscious and unable to breathe I am telling the truth.,MEDICAL_EMERGENCY,en,conversational_augmented
"Ma'am... I am at the police station right now, completely safe",CURRENT_SAFETY_REASSURANCE,en,conversational_augmented
deep head laceration with heavy blood loss please help immediately.,MEDICAL_EMERGENCY,en,conversational_augmented
sir... sasural me roz torture kiya ja raha hai kya aap sun rahe ho?,DOMESTIC_FAMILY_VIOLENCE,hinglish,conversational_augmented
सर... छाती में तेज दर्द है और बहुत ज्यादा खून बह रहा है प्लीज कुछ कीजिए।,MEDICAL_EMERGENCY,hi,conversational_augmented
प्लीज... काउंसलर से बात करा दीजिए मानसिक तनाव के लिए,REQUEST_COUNSELLING_LEGAL_MEDICAL,hi,conversational_augmented
hello... obscene photos and messages bhej raha hai,SEXUAL_VIOLENCE_HARASSMENT,hinglish,conversational_augmented
I am crying and shaking in terror,FEAR_DISTRESS_PANIC,en,conversational_augmented
हेल्प कीजिए... मुझे कोई खतरा नहीं है मैं सिर्फ सामान्य पूछताछ कर रहा हूं तुरंत मदद चाहिए।,NEUTRAL_NO_INDICATOR,hi,conversational_augmented
हम सिर्फ फिल्म की कहानी पर चर्चा कर रहे थे तुरंत मदद चाहिए।,NEUTRAL_NO_INDICATOR,hi,conversational_augmented
मुझे ठीक से याद नहीं आ रहा क्या हुआ था क्या आप सुन रहे हैं?,UNCERTAINTY_UNCLEAR_INFO,hi,conversational_augmented
मेरी बात सुनिए... कोई सहारा नहीं है बिल्कुल बेसहारा हूं जल्दी पुलिस भेजिए।,ISOLATION_NO_SUPPORT,hi,conversational_augmented
प्लीज... दिव्यांग व्यक्ति पर हमला किया गया है जल्दी पुलिस भेजिए।,CHILD_ELDERLY_DISABILITY_VULNERABILITY,hi,conversational_augmented
सर... ब्लैकमेल करके लगातार दबाव बना रहा है प्लीज कुछ कीजिए।,COERCION_BLACKMAIL,hi,conversational_augmented
सिर पर गहरी चोट है और उल्टियां हो रही हैं,MEDICAL_EMERGENCY,hi,conversational_augmented
अज्ञात व्यक्ति मेरा पीछा करता है घर तक तुरंत मदद चाहिए।,STALKING_FOLLOWING,hi,conversational_augmented
"Please hear me... the PCR unit is here with me, I am protected are you listening?",CURRENT_SAFETY_REASSURANCE,en,conversational_augmented
unpredictable behaviour hai situation continuously changing,CONTRADICTORY_CHANGING_SITUATION,hinglish,conversational_augmented
Hello... please send a PCR emergency van right away please help immediately.,REQUEST_POLICE_EMERGENCY_HELP,en,conversational_augmented
he threatened me but I am safe now please send police now.,CURRENT_SAFETY_REASSURANCE,en,conversational_augmented
Sir... she threatened that she will ruin my life I don't know what to do.,THREAT_INTIMIDATION,en,conversational_augmented
roz threatening messages bhej raha hai,THREAT_INTIMIDATION,hinglish,direct_seed
please... feeling completely hopeless wanting to quit life mujhe samajh nahi aa raha kya karu.,SELF_HARM_CONCERN,hinglish,conversational_augmented
मैडम... सिर पर गहरी चोट है और उल्टियां हो रही हैं,MEDICAL_EMERGENCY,hi,conversational_augmented
the attacker has left and there is no danger now please do something quickly.,CURRENT_SAFETY_REASSURANCE,en,conversational_augmented
sir... pehle laga situation normal ho gayi par fir se violent ho gaya,CONTRADICTORY_CHANGING_SITUATION,hinglish,conversational_augmented
sir... darr lag raha hai ki kuch galat na ho jaye mujhe samajh nahi aa raha kya karu.,FEAR_DISTRESS_PANIC,hinglish,conversational_augmented
arre... no safe place to sleep tonight stranded on footpath send help immediately.,NO_SAFE_PLACE_HOMELESSNESS,hinglish,conversational_augmented
कृपया ध्यान दीजिए... खून करने की खुली धमकी दे रहा है जल्दी पुलिस भेजिए।,THREAT_INTIMIDATION,hi,conversational_augmented
I cannot continue living like this please help immediately.,SELF_HARM_CONCERN,en,conversational_augmented
urgent hai... please send police immediately to my location jaldi kuch kijiye.,REQUEST_POLICE_EMERGENCY_HELP,hinglish,conversational_augmented
i am feeling extreme anxiety and fear,FEAR_DISTRESS_PANIC,hinglish,direct_seed
Officer... community elders are pressurizing us to withdraw the complaint,SOCIAL_COMMUNITY_PRESSURE,en,conversational_augmented
Hello... they subject us to discrimination and untouchability practices are you listening?,DISCRIMINATION_CASTE_VULNERABILITY,en,conversational_augmented
and describe kar rahe the mere saath discriminate kar rahe the,DISCRIMINATION_CASTE_VULNERABILITY,hinglish,direct_seed
मेरी बात सुनिए... मेरे साथ भेदभाव कर रहे हैं और नीची जाति बोल रहे हैं मुझे समझ नहीं आ रहा क्या करूं।,DISCRIMINATION_CASTE_VULNERABILITY,hi,conversational_augmented
mai bohot pareshan hu... patient is unconscious please dispatch medical team,MEDICAL_EMERGENCY,hinglish,conversational_augmented
Help me... requesting immediate emergency police dispatch I don't know what to do.,REQUEST_POLICE_EMERGENCY_HELP,en,conversational_augmented
madam... sasural wale roz taane dete hain aur maarte hain kya aap sun rahe ho?,DOMESTIC_FAMILY_VIOLENCE,hinglish,conversational_augmented
मेरा इस शहर में कोई नहीं है सबने छोड़ दिया क्या आप सुन रहे हैं?,ISOLATION_NO_SUPPORT,hi,conversational_augmented
Please hear me... I have no safe shelter or roof over my head tonight I don't know what to do.,NO_SAFE_PLACE_HOMELESSNESS,en,conversational_augmented
coercing me into doing things against my consent mai sach bol raha hu.,COERCION_BLACKMAIL,hinglish,conversational_augmented
पति रोज शराब पीकर मारपीट करता है,DOMESTIC_FAMILY_VIOLENCE,hi,direct_seed
I need urgent help... I have no reason to stay alive I am telling the truth.,SELF_HARM_CONCERN,en,conversational_augmented
Excuse me... he attempted to sexually assault me are you listening?,SEXUAL_VIOLENCE_HARASSMENT,en,conversational_augmented
Ma'am... I am bleeding heavily from my head are you listening?,PHYSICAL_VIOLENCE_INJURY,en,conversational_augmented
he shoved me down the stairs violently please do something quickly.,PHYSICAL_VIOLENCE_INJURY,en,conversational_augmented
खतरे में हूं तुरंत पुलिस भेजिए,IMMEDIATE_PHYSICAL_DANGER,hi,direct_seed
हेल्प कीजिए... उसने बंदूक तान कर जान से मारने की बात कही,THREAT_INTIMIDATION,hi,conversational_augmented
hello... completely isolated and stranded without contacts mai sach bol raha hu.,ISOLATION_NO_SUPPORT,hinglish,conversational_augmented
मैडम... पति ने कमरे में बंद करके पीटा,DOMESTIC_FAMILY_VIOLENCE,hi,conversational_augmented
Help me... he slapped and physically battered me please help immediately.,PHYSICAL_VIOLENCE_INJURY,en,conversational_augmented
arre... tracking my daily movements and clicking photos jaldi kuch kijiye.,STALKING_FOLLOWING,hinglish,conversational_augmented
need mental health counselling and legal guidance jaldi kuch kijiye.,REQUEST_COUNSELLING_LEGAL_MEDICAL,hinglish,conversational_augmented
बहुत उलझन में हूं सही जानकारी नहीं दे पा रही तुरंत मदद चाहिए।,UNCERTAINTY_UNCLEAR_INFO,hi,conversational_augmented
Help me... he waits outside my workplace every evening watching me please help immediately.,STALKING_FOLLOWING,en,conversational_augmented
sir... usne dhamki nahi di sab theek hai mujhe samajh nahi aa raha kya karu.,NEUTRAL_NO_INDICATOR,hinglish,conversational_augmented
Hello... he attempted to sexually assault me,SEXUAL_VIOLENCE_HARASSMENT,en,conversational_augmented
Please hear me... he said he will finish me off,THREAT_INTIMIDATION,en,conversational_augmented
दलित होने के कारण कुएं से पानी नहीं भरने दिया,DISCRIMINATION_CASTE_VULNERABILITY,hi,conversational_augmented
help kijiye... he did not threaten me please madad karo.,NEUTRAL_NO_INDICATOR,hinglish,conversational_augmented
I would like to speak to a psychological counselor,REQUEST_COUNSELLING_LEGAL_MEDICAL,en,conversational_augmented
I need urgent help... I am being extorted and coerced under threat of defamation I am telling the truth.,COERCION_BLACKMAIL,en,conversational_augmented
please... SC/ST community se hone ke karan dukan se bhaga diya,DISCRIMINATION_CASTE_VULNERABILITY,hinglish,conversational_augmented
सर... बच्चे बहुत सहमे हुए हैं डर से जल्दी पुलिस भेजिए।,FEAR_DISTRESS_PANIC,hi,conversational_augmented
मेरी बात सुनिए... ऑपरेटर: कृपया अपना नाम और फोन नंबर दर्ज कराएं,NEUTRAL_NO_INDICATOR,hi,conversational_augmented
Please hear me... initially it seemed resolved but suddenly violence flared up again,CONTRADICTORY_CHANGING_SITUATION,en,conversational_augmented
मैं बहुत परेशान हूं... वो जबरदस्ती अंदर घुसने की कोशिश कर रहा है जल्दी पुलिस भेजिए।,IMMEDIATE_PHYSICAL_DANGER,hi,conversational_augmented
arre... sexual harassment ho raha hai office mein mujhe samajh nahi aa raha kya karu.,SEXUAL_VIOLENCE_HARASSMENT,hinglish,conversational_augmented
अरे... मुझे थेरेपिस्ट से काउंसलिंग की जरूरत है प्लीज कुछ कीजिए।,REQUEST_COUNSELLING_LEGAL_MEDICAL,hi,conversational_augmented
Sir... I cannot clearly recall the exact details or location I am telling the truth.,UNCERTAINTY_UNCLEAR_INFO,en,conversational_augmented
madam... physically attacked me and beat me with stick kya aap sun rahe ho?,PHYSICAL_VIOLENCE_INJURY,hinglish,conversational_augmented
ek ladka roz mera peecha karta hai office se ghar,STALKING_FOLLOWING,hinglish,direct_seed
मुझे कानूनी सलाह और वकील की मदद चाहिए,REQUEST_COUNSELLING_LEGAL_MEDICAL,hi,conversational_augmented
Sir... my husband beats me violently every day I don't know what to do.,DOMESTIC_FAMILY_VIOLENCE,en,conversational_augmented
नमस्ते... कहा अगर पैसे नहीं दिए तो बदनाम कर दूंगा तुरंत मदद चाहिए।,COERCION_BLACKMAIL,hi,conversational_augmented
"Officer... Hello, welcome to the National Helpline 14566 I don't know what to do.",NEUTRAL_NO_INDICATOR,en,conversational_augmented
the information is hazy and I cannot be sure please do something quickly.,UNCERTAINTY_UNCLEAR_INFO,en,conversational_augmented
हेल्प कीजिए... स्थिति हर पल बदल रही है कुछ समझ नहीं आ रहा तुरंत मदद चाहिए।,CONTRADICTORY_CHANGING_SITUATION,hi,conversational_augmented
mai bohot pareshan hu... chaku se hamla kiya haath cut gaya,PHYSICAL_VIOLENCE_INJURY,hinglish,conversational_augmented
someone is trying to break into my house right now,IMMEDIATE_PHYSICAL_DANGER,en,conversational_augmented
please... mere sath discrimination ho raha hai office me please madad karo.,DISCRIMINATION_CASTE_VULNERABILITY,hinglish,conversational_augmented
my spouse locked me inside without water and hit me please send police now.,DOMESTIC_FAMILY_VIOLENCE,en,conversational_augmented
the information is hazy and I cannot be sure please help immediately.,UNCERTAINTY_UNCLEAR_INFO,en,conversational_augmented
Ma'am... I would like to speak to a psychological counselor please help immediately.,REQUEST_COUNSELLING_LEGAL_MEDICAL,en,conversational_augmented
मेरे साथ भेदभाव कर रहे हैं और नीची जाति बोल रहे हैं,DISCRIMINATION_CASTE_VULNERABILITY,hi,conversational_augmented
नमस्ते... मेट्रो स्टेशन से घर तक फॉलो कर रहा है मुझे समझ नहीं आ रहा क्या करूं।,STALKING_FOLLOWING,hi,conversational_augmented
सास और ससुर घर में बंद करके मारते हैं,DOMESTIC_FAMILY_VIOLENCE,hi,direct_seed
मैडम... हमला करने आ रहा है अभी तुरंत मदद चाहिए।,IMMEDIATE_PHYSICAL_DANGER,hi,conversational_augmented
स्थिति हर पल बदल रही है कुछ समझ नहीं आ रहा,CONTRADICTORY_CHANGING_SITUATION,hi,conversational_augmented
arre... legal advice and free legal aid lawyer chahiye mai sach bol raha hu.,REQUEST_COUNSELLING_LEGAL_MEDICAL,hinglish,conversational_augmented
Please hear me... he sent non-consensual explicit photos please do something quickly.,SEXUAL_VIOLENCE_HARASSMENT,en,conversational_augmented
सर... सांस लेने में बहुत तकलीफ हो रही है बेहोश हो रहे हैं,MEDICAL_EMERGENCY,hi,conversational_augmented
मेरी बात सुनिए... मेरे साथ शारीरिक जबरदस्ती की गई मुझे समझ नहीं आ रहा क्या करूं।,SEXUAL_VIOLENCE_HARASSMENT,hi,conversational_augmented
कृपया ध्यान दीजिए... मेरे साथ शारीरिक जबरदस्ती की गई,SEXUAL_VIOLENCE_HARASSMENT,hi,conversational_augmented
धमकी भरे मैसेज भेज रहा है,THREAT_INTIMIDATION,hi,conversational_augmented
he is standing right outside my door with a knife send help immediately.,IMMEDIATE_PHYSICAL_DANGER,hinglish,conversational_augmented
हेल्प कीजिए... धमकी दे रहा है कि तेरी जिंदगी नरक बना दूंगा प्लीज कुछ कीजिए।,THREAT_INTIMIDATION,hi,conversational_augmented
Ma'am... my in-laws are torturing me over dowry demands please help immediately.,DOMESTIC_FAMILY_VIOLENCE,en,conversational_augmented
सुनिए... तुरंत एम्बुलेंस भेजिए मरीज की हालत गंभीर है प्लीज कुछ कीजिए।,MEDICAL_EMERGENCY,hi,conversational_augmented
उसने मुझे धमकी दी है,THREAT_INTIMIDATION,hi,direct_seed
112 की टीम को तुरंत मेरे पते पर भेजिए मैं सच कह रहा हूं।,REQUEST_POLICE_EMERGENCY_HELP,hi,conversational_augmented
प्लीज... सुरक्षा दीजिए हमें पुलिस की सख्त जरूरत है जल्दी पुलिस भेजिए।,REQUEST_POLICE_EMERGENCY_HELP,hi,conversational_augmented
tracking my daily movements and clicking photos,STALKING_FOLLOWING,hinglish,direct_seed
help kijiye... unpredictable behaviour hai situation continuously changing please madad karo.,CONTRADICTORY_CHANGING_SITUATION,hinglish,conversational_augmented
Help me... I need urgent police security and protection right now,REQUEST_POLICE_EMERGENCY_HELP,en,conversational_augmented
Excuse me... requesting legal aid assistance for filing case please help immediately.,REQUEST_COUNSELLING_LEGAL_MEDICAL,en,conversational_augmented
mujhe exact location yaad nahi aa rahi confuse hu jaldi kuch kijiye.,UNCERTAINTY_UNCLEAR_INFO,hinglish,conversational_augmented
the local panchayat has ordered a complete social boycott are you listening?,SOCIAL_COMMUNITY_PRESSURE,en,conversational_augmented
Please listen... Operator: Please state your district and contact details I am telling the truth.,NEUTRAL_NO_INDICATOR,en,conversational_augmented
चाकू से वार करके घायल कर दिया क्या आप सुन रहे हैं?,PHYSICAL_VIOLENCE_INJURY,hi,conversational_augmented
mai bohot pareshan hu... forcing me to give money through blackmail jaldi kuch kijiye.,COERCION_BLACKMAIL,hinglish,conversational_augmented
suniye... police protection chahiye urgent basis pe kya aap sun rahe ho?,REQUEST_POLICE_EMERGENCY_HELP,hinglish,conversational_augmented
खतरा टल चुका है अब कोई डर नहीं है,CURRENT_SAFETY_REASSURANCE,hi,conversational_augmented
he threatened me with a sharp weapon,THREAT_INTIMIDATION,hinglish,direct_seed
patient is unconscious please dispatch medical team,MEDICAL_EMERGENCY,hinglish,conversational_augmented
मेरी बात सुनिए... घर के दरवाजे पर लातें मार रहा है क्या आप सुन रहे हैं?,IMMEDIATE_PHYSICAL_DANGER,hi,conversational_augmented
यौन उत्पीड़न की शिकायत दर्ज करानी है क्या आप सुन रहे हैं?,SEXUAL_VIOLENCE_HARASSMENT,hi,conversational_augmented
सुनिए... कन्फ्यूज हूं शायद कल या परसों की बात है प्लीज कुछ कीजिए।,UNCERTAINTY_UNCLEAR_INFO,hi,conversational_augmented
नमस्ते... सुरक्षा दीजिए हमें पुलिस की सख्त जरूरत है,REQUEST_POLICE_EMERGENCY_HELP,hi,conversational_augmented
"I need an ambulance immediately, severe bleeding are you listening?",MEDICAL_EMERGENCY,en,conversational_augmented
मेरी बात सुनिए... मेरे साथ भेदभाव कर रहे हैं और नीची जाति बोल रहे हैं,DISCRIMINATION_CASTE_VULNERABILITY,hi,conversational_augmented
please... jabarjasti karne ki koshish ki usne kya aap sun rahe ho?,SEXUAL_VIOLENCE_HARASSMENT,hinglish,conversational_augmented
ghar se nikal diya hai road par khadi hu please madad karo.,NO_SAFE_PLACE_HOMELESSNESS,hinglish,conversational_augmented
listen... I am scared because he is outside my house,IMMEDIATE_PHYSICAL_DANGER,hinglish,conversational_augmented
Excuse me... I would like to speak to a psychological counselor,REQUEST_COUNSELLING_LEGAL_MEDICAL,en,conversational_augmented
madam... counsellor se baat karni hai stress relief ke liye mujhe samajh nahi aa raha kya karu.,REQUEST_COUNSELLING_LEGAL_MEDICAL,hinglish,conversational_augmented
प्लीज... जबरदस्ती करने की कोशिश की उसने तुरंत मदद चाहिए।,SEXUAL_VIOLENCE_HARASSMENT,hi,conversational_augmented
वार्निंग दी है कि बहुत पछताओगे,THREAT_INTIMIDATION,hi,conversational_augmented
मेरा इस शहर में कोई नहीं है सबने छोड़ दिया,ISOLATION_NO_SUPPORT,hi,conversational_augmented
a minor child is trapped inside facing grave risk I am telling the truth.,CHILD_ELDERLY_DISABILITY_VULNERABILITY,en,conversational_augmented
Hello... someone is stalking and following me every day please send police now.,STALKING_FOLLOWING,en,conversational_augmented
I want to hurt myself to stop this pain I don't know what to do.,SELF_HARM_CONCERN,en,conversational_augmented
अरे... फांसी लगाने की सोच रही हूं मुझे समझ नहीं आ रहा क्या करूं।,SELF_HARM_CONCERN,hi,conversational_augmented
madam... mai ab jeena nahi chahta kya aap sun rahe ho?,SELF_HARM_CONCERN,hinglish,conversational_augmented
Officer... I have no family or friends in this city to turn to please send police now.,ISOLATION_NO_SUPPORT,en,conversational_augmented
प्लीज... कन्फ्यूज हूं शायद कल या परसों की बात है क्या आप सुन रहे हैं?,UNCERTAINTY_UNCLEAR_INFO,hi,conversational_augmented
help kijiye... severe blood loss and head injury need emergency care kya aap sun rahe ho?,MEDICAL_EMERGENCY,hinglish,conversational_augmented
I need urgent help... someone is banging on my door threatening to break in,IMMEDIATE_PHYSICAL_DANGER,en,conversational_augmented
वो जबरदस्ती अंदर घुसने की कोशिश कर रहा है तुरंत मदद चाहिए।,IMMEDIATE_PHYSICAL_DANGER,hi,conversational_augmented
arre... mujhe exact location yaad nahi aa rahi confuse hu,UNCERTAINTY_UNCLEAR_INFO,hinglish,conversational_augmented
Please listen... a strange man follows me from the bus stop to my house please help immediately.,STALKING_FOLLOWING,en,conversational_augmented
khauf lag raha hai akele rehne me,FEAR_DISTRESS_PANIC,hinglish,conversational_augmented
hello... and describe kar rahe the mere saath discriminate kar rahe the kya aap sun rahe ho?,DISCRIMINATION_CASTE_VULNERABILITY,hinglish,conversational_augmented
सुनिए... पूरे गांव और पंचायत ने हमारा बहिष्कार कर दिया है मैं सच कह रहा हूं।,SOCIAL_COMMUNITY_PRESSURE,hi,conversational_augmented
listen... forced himself on me without consent kya aap sun rahe ho?,SEXUAL_VIOLENCE_HARASSMENT,hinglish,conversational_augmented
koi reason nahi bacha live karne ka,SELF_HARM_CONCERN,hinglish,direct_seed
usne private photos leak karne ki blackmailing shuru kar di,COERCION_BLACKMAIL,hinglish,conversational_augmented
मेरी निजी तस्वीरें वायरल करने की धमकी दे रहा है मैं सच कह रहा हूं।,COERCION_BLACKMAIL,hi,conversational_augmented
I am in immediate physical danger please help,IMMEDIATE_PHYSICAL_DANGER,en,conversational_augmented
unhone mere saath bhedbhav kiya jaati ke aadhar par jaldi kuch kijiye.,DISCRIMINATION_CASTE_VULNERABILITY,hinglish,conversational_augmented
Please listen... there is an infant and a pregnant woman in the house please send police now.,CHILD_ELDERLY_DISABILITY_VULNERABILITY,en,conversational_augmented
please... he threatened me but I am safe now send help immediately.,CURRENT_SAFETY_REASSURANCE,hinglish,conversational_augmented
पूरे गांव और पंचायत ने हमारा बहिष्कार कर दिया है जल्दी पुलिस भेजिए।,SOCIAL_COMMUNITY_PRESSURE,hi,conversational_augmented
Please listen... he is forcing me to pay large sums of money,COERCION_BLACKMAIL,en,conversational_augmented
madam... domestic violence ho rahi hai mere sath ghar par,DOMESTIC_FAMILY_VIOLENCE,hinglish,conversational_augmented
bohot zyada panic situation hai,FEAR_DISTRESS_PANIC,hinglish,direct_seed
मुझे कानूनी सलाह और वकील की मदद चाहिए मुझे समझ नहीं आ रहा क्या करूं।,REQUEST_COUNSELLING_LEGAL_MEDICAL,hi,conversational_augmented
सुनिए... घरेलू हिंसा का शिकार हो रही हूं रोज प्लीज कुछ कीजिए।,DOMESTIC_FAMILY_VIOLENCE,hi,conversational_augmented
sometimes calm sometimes suddenly attacks again,CONTRADICTORY_CHANGING_SITUATION,hinglish,conversational_augmented
मैं बहुत परेशान हूं... मुझे कानूनी सलाह और वकील की मदद चाहिए,REQUEST_COUNSELLING_LEGAL_MEDICAL,hi,conversational_augmented
urgent hai... usne bola agar police bulayi toh zinda nahi chodega please madad karo.,THREAT_INTIMIDATION,hinglish,conversational_augmented
अरे... मेट्रो स्टेशन से घर तक फॉलो कर रहा है,STALKING_FOLLOWING,hi,conversational_augmented
Officer... facing severe caste-based discrimination and untouchability,DISCRIMINATION_CASTE_VULNERABILITY,en,conversational_augmented
caste discrimination facing in village school and temple,DISCRIMINATION_CASTE_VULNERABILITY,hinglish,conversational_augmented
मैं बहुत परेशान हूं... मुझे थेरेपिस्ट से काउंसलिंग की जरूरत है तुरंत मदद चाहिए।,REQUEST_COUNSELLING_LEGAL_MEDICAL,hi,conversational_augmented
उसने कहा कि जान से मार देगा,THREAT_INTIMIDATION,hi,conversational_augmented
I cannot calm down because of fear,FEAR_DISTRESS_PANIC,en,conversational_augmented
मैं बहुत परेशान हूं... किराए के कमरे से जबरन सामान फेंक कर निकाल दिया मैं सच कह रहा हूं।,NO_SAFE_PLACE_HOMELESSNESS,hi,conversational_augmented
Please listen... I have no safe shelter or roof over my head tonight please help immediately.,NO_SAFE_PLACE_HOMELESSNESS,en,conversational_augmented
the victim is a differently-abled person unable to run,CHILD_ELDERLY_DISABILITY_VULNERABILITY,en,conversational_augmented
panchayat ne social boycott announce kar diya hamara jaldi kuch kijiye.,SOCIAL_COMMUNITY_PRESSURE,hinglish,conversational_augmented
Please listen... I am living in constant fear please do something quickly.,FEAR_DISTRESS_PANIC,en,conversational_augmented
घरेलू हिंसा का शिकार हो रही हूं रोज,DOMESTIC_FAMILY_VIOLENCE,hi,direct_seed
I need urgent help... I am trapped in the bathroom and he is inside are you listening?,IMMEDIATE_PHYSICAL_DANGER,en,conversational_augmented
have no family or friends to support me here,ISOLATION_NO_SUPPORT,hinglish,direct_seed
सर... लीगल एड और कोर्ट प्रक्रिया की जानकारी चाहिए प्लीज कुछ कीजिए।,REQUEST_COUNSELLING_LEGAL_MEDICAL,hi,conversational_augmented
I feel like committing suicide,SELF_HARM_CONCERN,en,direct_seed
I am in immediate physical danger please help,IMMEDIATE_PHYSICAL_DANGER,en,direct_seed
Help me... I am calling purely for information regarding office hours,NEUTRAL_NO_INDICATOR,en,conversational_augmented
urgent hai... movie ka scene discuss kar rahe the dost ke sath,NEUTRAL_NO_INDICATOR,hinglish,conversational_augmented
सर... पता नहीं कौन था और क्या जगह थी,UNCERTAINTY_UNCLEAR_INFO,hi,conversational_augmented
नाबालिग बच्ची की सुरक्षा को लेकर बहुत चिंता है क्या आप सुन रहे हैं?,CHILD_ELDERLY_DISABILITY_VULNERABILITY,hi,conversational_augmented
please... obscene photos and messages bhej raha hai mai sach bol raha hu.,SEXUAL_VIOLENCE_HARASSMENT,hinglish,conversational_augmented
मेरी बात सुनिए... सामूहिक रूप से हम पर दबाव बनाया जा रहा है क्या आप सुन रहे हैं?,SOCIAL_COMMUNITY_PRESSURE,hi,conversational_augmented
I need urgent help... facing severe caste-based discrimination and untouchability,DISCRIMINATION_CASTE_VULNERABILITY,en,conversational_augmented
नमस्ते... उसने बंदूक तान कर जान से मारने की बात कही क्या आप सुन रहे हैं?,THREAT_INTIMIDATION,hi,conversational_augmented
caste discrimination facing in village school and temple,DISCRIMINATION_CASTE_VULNERABILITY,hinglish,direct_seed
please... he is banging on my window violently,IMMEDIATE_PHYSICAL_DANGER,hinglish,conversational_augmented
हम सिर्फ फिल्म की कहानी पर चर्चा कर रहे थे मुझे समझ नहीं आ रहा क्या करूं।,NEUTRAL_NO_INDICATOR,hi,conversational_augmented
मुझे थेरेपिस्ट से काउंसलिंग की जरूरत है मैं सच कह रहा हूं।,REQUEST_COUNSELLING_LEGAL_MEDICAL,hi,conversational_augmented
mai bohot pareshan hu... panchayat ne social boycott announce kar diya hamara please madad karo.,SOCIAL_COMMUNITY_PRESSURE,hinglish,conversational_augmented
Sir... please dispatch police to my location immediately,REQUEST_POLICE_EMERGENCY_HELP,en,conversational_augmented
Sir... I am stranded and all alone in this situation,ISOLATION_NO_SUPPORT,en,conversational_augmented
दहेज न लाने पर घर से निकालने की धमकी दी,DOMESTIC_FAMILY_VIOLENCE,hi,direct_seed
समाज में बदनाम करने की साजिश हो रही है मुझे समझ नहीं आ रहा क्या करूं।,SOCIAL_COMMUNITY_PRESSURE,hi,conversational_augmented
I am trapped in an abusive marriage with constant violence please do something quickly.,DOMESTIC_FAMILY_VIOLENCE,en,conversational_augmented
Help me... my elderly parents are bedridden and cannot escape I don't know what to do.,CHILD_ELDERLY_DISABILITY_VULNERABILITY,en,conversational_augmented
hello... thinking of harming myself severely jaldi kuch kijiye.,SELF_HARM_CONCERN,hinglish,conversational_augmented
counsellor se baat karni hai stress relief ke liye mai sach bol raha hu.,REQUEST_COUNSELLING_LEGAL_MEDICAL,hinglish,conversational_augmented
Please hear me... I need legal guidance and lawyer consultation I am telling the truth.,REQUEST_COUNSELLING_LEGAL_MEDICAL,en,conversational_augmented
jabarjasti karne ki koshish ki usne mujhe samajh nahi aa raha kya karu.,SEXUAL_VIOLENCE_HARASSMENT,hinglish,conversational_augmented
please... blakmail karke mental torture de raha hai jaldi kuch kijiye.,COERCION_BLACKMAIL,hinglish,conversational_augmented
he is forcing me to pay large sums of money,COERCION_BLACKMAIL,en,conversational_augmented
arre... mohalla wale milkar harrass kar rahe hain mujhe samajh nahi aa raha kya karu.,SOCIAL_COMMUNITY_PRESSURE,hinglish,conversational_augmented
किराए के कमरे से जबरन सामान फेंक कर निकाल दिया क्या आप सुन रहे हैं?,NO_SAFE_PLACE_HOMELESSNESS,hi,conversational_augmented
Excuse me... he is forcing me to pay large sums of money,COERCION_BLACKMAIL,en,conversational_augmented
सब कुछ खत्म कर लेना चाहता हूं क्या आप सुन रहे हैं?,SELF_HARM_CONCERN,hi,conversational_augmented
madam... usne private photos leak karne ki blackmailing shuru kar di please madad karo.,COERCION_BLACKMAIL,hinglish,conversational_augmented
अरे... हर जगह मेरा पीछा करके वीडियो बनाता है तुरंत मदद चाहिए।,STALKING_FOLLOWING,hi,conversational_augmented
सुनिए... रहने का कोई ठिकाना नहीं है बेघर हो गई हूं मैं सच कह रहा हूं।,NO_SAFE_PLACE_HOMELESSNESS,hi,conversational_augmented
Help me... the information is hazy and I cannot be sure,UNCERTAINTY_UNCLEAR_INFO,en,conversational_augmented
help kijiye... husband roz daaru peeke marpeet karta hai mujhe samajh nahi aa raha kya karu.,DOMESTIC_FAMILY_VIOLENCE,hinglish,conversational_augmented
pcr van bhejo jaldi address par,REQUEST_POLICE_EMERGENCY_HELP,hinglish,conversational_augmented
urgent hai... sometimes calm sometimes suddenly attacks again,CONTRADICTORY_CHANGING_SITUATION,hinglish,conversational_augmented
Excuse me... my in-laws threatened to burn me alive for dowry I am telling the truth.,DOMESTIC_FAMILY_VIOLENCE,en,conversational_augmented
we are facing intense community ostracization and pressure are you listening?,SOCIAL_COMMUNITY_PRESSURE,en,conversational_augmented
completely isolated and stranded without contacts mujhe samajh nahi aa raha kya karu.,ISOLATION_NO_SUPPORT,hinglish,conversational_augmented
the patient is unconscious and unable to breathe,MEDICAL_EMERGENCY,en,conversational_augmented
phone pe continuously threatening calls aa rahe hain please madad karo.,THREAT_INTIMIDATION,hinglish,conversational_augmented
Excuse me... I am bleeding heavily from my head please send police now.,PHYSICAL_VIOLENCE_INJURY,en,conversational_augmented
डर लग रहा है कोई मुझे बचाओ,FEAR_DISTRESS_PANIC,hi,direct_seed
Hello... I have nowhere to go and nobody to call for assistance,ISOLATION_NO_SUPPORT,en,conversational_augmented
Sir... someone is banging on my door threatening to break in I am telling the truth.,IMMEDIATE_PHYSICAL_DANGER,en,conversational_augmented
suniye... legal advice and free legal aid lawyer chahiye send help immediately.,REQUEST_COUNSELLING_LEGAL_MEDICAL,hinglish,conversational_augmented
Ma'am... the person fluctuates unpredictably between calm and rage please help immediately.,CONTRADICTORY_CHANGING_SITUATION,en,conversational_augmented
usne bola agar police bulayi toh zinda nahi chodega,THREAT_INTIMIDATION,hinglish,direct_seed
bohot dar lag raha hai please help send help immediately.,FEAR_DISTRESS_PANIC,hinglish,conversational_augmented
"I need urgent help... Hello, welcome to the National Helpline 14566 are you listening?",NEUTRAL_NO_INDICATOR,en,conversational_augmented
hello... gala dabane ki koshish ki usne please madad karo.,PHYSICAL_VIOLENCE_INJURY,hinglish,conversational_augmented
प्लीज... अब मैं पूरी तरह सुरक्षित हूं कोई खतरा नहीं है,CURRENT_SAFETY_REASSURANCE,hi,conversational_augmented
police protection chahiye urgent basis pe mujhe samajh nahi aa raha kya karu.,REQUEST_POLICE_EMERGENCY_HELP,hinglish,conversational_augmented
help kijiye... mohalla wale milkar harrass kar rahe hain mujhe samajh nahi aa raha kya karu.,SOCIAL_COMMUNITY_PRESSURE,hinglish,conversational_augmented
I need urgent help... I cannot clearly recall the exact details or location,UNCERTAINTY_UNCLEAR_INFO,en,conversational_augmented
facing severe caste-based discrimination and untouchability please help immediately.,DISCRIMINATION_CASTE_VULNERABILITY,en,conversational_augmented
panchayat ne social boycott announce kar diya hamara,SOCIAL_COMMUNITY_PRESSURE,hinglish,conversational_augmented
सबक सिखाने की धमकी दे रहा है क्या आप सुन रहे हैं?,THREAT_INTIMIDATION,hi,conversational_augmented
Please listen... there is no hope left for me I want to die I don't know what to do.,SELF_HARM_CONCERN,en,conversational_augmented
danger is imminent please dispatch emergency unit please send police now.,IMMEDIATE_PHYSICAL_DANGER,en,conversational_augmented
I need urgent help... he followed my vehicle for over five kilometers please help immediately.,STALKING_FOLLOWING,en,conversational_augmented
arre... and describe kar rahe the mere saath discriminate kar rahe the mujhe samajh nahi aa raha kya karu.,DISCRIMINATION_CASTE_VULNERABILITY,hinglish,conversational_augmented
pehle laga situation normal ho gayi par fir se violent ho gaya kya aap sun rahe ho?,CONTRADICTORY_CHANGING_SITUATION,hinglish,conversational_augmented
operator: how may I assist your query today sir?,NEUTRAL_NO_INDICATOR,hinglish,conversational_augmented
please... ab sab normal hai danger pass ho gaya hai mai sach bol raha hu.,CURRENT_SAFETY_REASSURANCE,hinglish,conversational_augmented
प्लीज... कहा अगर पैसे नहीं दिए तो बदनाम कर दूंगा प्लीज कुछ कीजिए।,COERCION_BLACKMAIL,hi,conversational_augmented
हेल्प कीजिए... वार्निंग दी है कि बहुत पछताओगे जल्दी पुलिस भेजिए।,THREAT_INTIMIDATION,hi,conversational_augmented
police protection chahiye urgent basis pe,REQUEST_POLICE_EMERGENCY_HELP,hinglish,direct_seed
police PCR van reach ho gayi hai we are safe mai sach bol raha hu.,CURRENT_SAFETY_REASSURANCE,hinglish,conversational_augmented
gala dabane ki koshish ki usne,PHYSICAL_VIOLENCE_INJURY,hinglish,conversational_augmented
situation bahut dangerous hai bachao jaldi kuch kijiye.,IMMEDIATE_PHYSICAL_DANGER,hinglish,conversational_augmented
usne bola agar police bulayi toh zinda nahi chodega,THREAT_INTIMIDATION,hinglish,conversational_augmented
मैडम... मजबूर कर रहा है गैरकानूनी काम करने के लिए क्या आप सुन रहे हैं?,COERCION_BLACKMAIL,hi,conversational_augmented
प्लीज... 112 की टीम को तुरंत मेरे पते पर भेजिए मैं सच कह रहा हूं।,REQUEST_POLICE_EMERGENCY_HELP,hi,conversational_augmented
सुनिए... रास्ते में रोक कर गलत तरीके से हाथ पकड़ा,SEXUAL_VIOLENCE_HARASSMENT,hi,conversational_augmented
पूरे गांव और पंचायत ने हमारा बहिष्कार कर दिया है तुरंत मदद चाहिए।,SOCIAL_COMMUNITY_PRESSURE,hi,conversational_augmented
listen... describe kar rahe the mere saath discrimi send help immediately.,DISCRIMINATION_CASTE_VULNERABILITY,hinglish,conversational_augmented
need mental health counselling and legal guidance mai sach bol raha hu.,REQUEST_COUNSELLING_LEGAL_MEDICAL,hinglish,conversational_augmented
"Officer... I need an ambulance immediately, severe bleeding please help immediately.",MEDICAL_EMERGENCY,en,conversational_augmented
please... severe blood loss and head injury need emergency care kya aap sun rahe ho?,MEDICAL_EMERGENCY,hinglish,conversational_augmented
Excuse me... he sent non-consensual explicit photos,SEXUAL_VIOLENCE_HARASSMENT,en,conversational_augmented
Please hear me... I am being blackmailed and pressurized constantly I am telling the truth.,COERCION_BLACKMAIL,en,conversational_augmented
sir... husband locked me in the room without food,DOMESTIC_FAMILY_VIOLENCE,hinglish,conversational_augmented
नमस्ते... पहले लगा कि सब ठीक है लेकिन अचानक फिर झगड़ा शुरू हो गया क्या आप सुन रहे हैं?,CONTRADICTORY_CHANGING_SITUATION,hi,conversational_augmented
मैं बहुत परेशान हूं... हाथ पैर कांप रहे हैं घबराहट से क्या आप सुन रहे हैं?,FEAR_DISTRESS_PANIC,hi,conversational_augmented
मेरी बात सुनिए... ऑपरेटर: कृपया अपना नाम और फोन नंबर दर्ज कराएं,NEUTRAL_NO_INDICATOR,hi,conversational_augmented
Hello... deep head laceration with heavy blood loss I am telling the truth.,MEDICAL_EMERGENCY,en,conversational_augmented
sasural wale roz taane dete hain aur maarte hain kya aap sun rahe ho?,DOMESTIC_FAMILY_VIOLENCE,hinglish,conversational_augmented
landlord threw all luggage out on the street,NO_SAFE_PLACE_HOMELESSNESS,hinglish,conversational_augmented
Please listen... I am in immediate physical danger please help please do something quickly.,IMMEDIATE_PHYSICAL_DANGER,en,conversational_augmented
नमस्ते... मुझे जीने की कोई उम्मीद नहीं दिख रही मैं सच कह रहा हूं।,SELF_HARM_CONCERN,hi,conversational_augmented
Sir... someone threatened me,THREAT_INTIMIDATION,en,conversational_augmented
there is no hope left for me I want to die,SELF_HARM_CONCERN,en,direct_seed
स्थिति हर पल बदल रही है कुछ समझ नहीं आ रहा,CONTRADICTORY_CHANGING_SITUATION,hi,conversational_augmented
Please hear me... need therapy and mental health support session please help immediately.,REQUEST_COUNSELLING_LEGAL_MEDICAL,en,conversational_augmented
हेल्प कीजिए... आत्महत्या करने का ख्याल आ रहा है,SELF_HARM_CONCERN,hi,conversational_augmented
Ma'am... I have nowhere to go and nobody to call for assistance,ISOLATION_NO_SUPPORT,en,conversational_augmented
initially it seemed resolved but suddenly violence flared up again please send police now.,CONTRADICTORY_CHANGING_SITUATION,en,conversational_augmented
मैं बहुत परेशान हूं... पता नहीं कौन था और क्या जगह थी प्लीज कुछ कीजिए।,UNCERTAINTY_UNCLEAR_INFO,hi,conversational_augmented
मैडम... डर लग रहा है कोई मुझे बचाओ,FEAR_DISTRESS_PANIC,hi,conversational_augmented
Officer... he never threatened me or my family at any point please do something quickly.,NEUTRAL_NO_INDICATOR,en,conversational_augmented
मैं बहुत परेशान हूं... अकेले कमरे में बंद हूं कोई रिश्तेदार नहीं है जल्दी पुलिस भेजिए।,ISOLATION_NO_SUPPORT,hi,conversational_augmented
Ma'am... he threatened my family with violence please help immediately.,THREAT_INTIMIDATION,en,conversational_augmented
Sir... I need legal guidance and lawyer consultation,REQUEST_COUNSELLING_LEGAL_MEDICAL,en,conversational_augmented
he is violently kicking my front door,IMMEDIATE_PHYSICAL_DANGER,en,direct_seed
मैं बहुत परेशान हूं... स्टॉकिंग कर रहा है लगातार नजर रख रहा है,STALKING_FOLLOWING,hi,conversational_augmented
I need urgent help... my hands are trembling with fear,FEAR_DISTRESS_PANIC,en,conversational_augmented
he assaulted me while abusing my marginalized identity,DISCRIMINATION_CASTE_VULNERABILITY,en,conversational_augmented
meri jaan khatre mein hai abhi ke abhi,IMMEDIATE_PHYSICAL_DANGER,hinglish,conversational_augmented
कृपया ध्यान दीजिए... छाती में तेज दर्द है और बहुत ज्यादा खून बह रहा है मैं सच कह रहा हूं।,MEDICAL_EMERGENCY,hi,conversational_augmented
Please listen... he did not threaten me please send police now.,NEUTRAL_NO_INDICATOR,en,conversational_augmented
Officer... requesting legal aid assistance for filing case I don't know what to do.,REQUEST_COUNSELLING_LEGAL_MEDICAL,en,conversational_augmented
andar aane ki koshish kar raha hai jaldi aao,IMMEDIATE_PHYSICAL_DANGER,hinglish,conversational_augmented
यौन उत्पीड़न की शिकायत दर्ज करानी है मुझे समझ नहीं आ रहा क्या करूं।,SEXUAL_VIOLENCE_HARASSMENT,hi,conversational_augmented
suniye... movie ka scene discuss kar rahe the dost ke sath mai sach bol raha hu.,NEUTRAL_NO_INDICATOR,hinglish,conversational_augmented
my husband beats me violently every day,DOMESTIC_FAMILY_VIOLENCE,en,direct_seed
I need urgent help... I have reached a safe and secure location are you listening?,CURRENT_SAFETY_REASSURANCE,en,conversational_augmented
he did not threaten me send help immediately.,NEUTRAL_NO_INDICATOR,hinglish,conversational_augmented
मेरी बात सुनिए... सांस लेने में बहुत तकलीफ हो रही है बेहोश हो रहे हैं,MEDICAL_EMERGENCY,hi,conversational_augmented
he is banging on my window violently,IMMEDIATE_PHYSICAL_DANGER,hinglish,direct_seed
Sir... the victim is a differently-abled person unable to run I don't know what to do.,CHILD_ELDERLY_DISABILITY_VULNERABILITY,en,conversational_augmented
please... inappropriate physical contact kiya forcefully please madad karo.,SEXUAL_VIOLENCE_HARASSMENT,hinglish,conversational_augmented
Hello... he followed my vehicle for over five kilometers,STALKING_FOLLOWING,en,conversational_augmented
mujhe exact location yaad nahi aa rahi confuse hu mai sach bol raha hu.,UNCERTAINTY_UNCLEAR_INFO,hinglish,conversational_augmented
police PCR van reach ho gayi hai we are safe kya aap sun rahe ho?,CURRENT_SAFETY_REASSURANCE,hinglish,conversational_augmented
सर... बहुत उलझन में हूं सही जानकारी नहीं दे पा रही,UNCERTAINTY_UNCLEAR_INFO,hi,conversational_augmented
we are facing intense community ostracization and pressure please help immediately.,SOCIAL_COMMUNITY_PRESSURE,en,conversational_augmented
मेरी बात सुनिए... अकेले कमरे में बंद हूं कोई रिश्तेदार नहीं है प्लीज कुछ कीजिए।,ISOLATION_NO_SUPPORT,hi,conversational_augmented
"I need an ambulance immediately, severe bleeding I am telling the truth.",MEDICAL_EMERGENCY,en,conversational_augmented
please... he threatened to kill me and my family,THREAT_INTIMIDATION,hinglish,conversational_augmented
Sir... initially it seemed resolved but suddenly violence flared up again please send police now.,CONTRADICTORY_CHANGING_SITUATION,en,conversational_augmented
घर से निकाल दिया गया है सड़क पर बैठी हूं,NO_SAFE_PLACE_HOMELESSNESS,hi,conversational_augmented
घरेलू हिंसा का शिकार हो रही हूं रोज,DOMESTIC_FAMILY_VIOLENCE,hi,conversational_augmented
मेरी बात सुनिए... रात में सड़क पर खड़ी हूं कोई सुरक्षित जगह नहीं है क्या आप सुन रहे हैं?,NO_SAFE_PLACE_HOMELESSNESS,hi,conversational_augmented
लीगल एड और कोर्ट प्रक्रिया की जानकारी चाहिए तुरंत मदद चाहिए।,REQUEST_COUNSELLING_LEGAL_MEDICAL,hi,conversational_augmented
I need urgent help... experiencing severe chest pain and medical collapse please do something quickly.,MEDICAL_EMERGENCY,en,conversational_augmented
पहले लगा कि सब ठीक है लेकिन अचानक फिर झगड़ा शुरू हो गया,CONTRADICTORY_CHANGING_SITUATION,hi,conversational_augmented
Sir... he threatened to leak sensitive personal videos online are you listening?,COERCION_BLACKMAIL,en,conversational_augmented
I need urgent help... there is an infant and a pregnant woman in the house are you listening?,CHILD_ELDERLY_DISABILITY_VULNERABILITY,en,conversational_augmented
hello... contradictory situation hai outcome uncertain hai jaldi kuch kijiye.,CONTRADICTORY_CHANGING_SITUATION,hinglish,conversational_augmented
arre... have no family or friends to support me here mujhe samajh nahi aa raha kya karu.,ISOLATION_NO_SUPPORT,hinglish,conversational_augmented
hello... punched and kicked me repeatedly,PHYSICAL_VIOLENCE_INJURY,hinglish,conversational_augmented
अरे... घर में छोटा बच्चा और गर्भवती महिला है,CHILD_ELDERLY_DISABILITY_VULNERABILITY,hi,conversational_augmented
need therapy and mental health support session,REQUEST_COUNSELLING_LEGAL_MEDICAL,en,conversational_augmented
dispatch 112 emergency police unit right now,REQUEST_POLICE_EMERGENCY_HELP,hinglish,conversational_augmented
suniye... koi madad karne wala nahi hai bilkul akeli hu jaldi kuch kijiye.,ISOLATION_NO_SUPPORT,hinglish,conversational_augmented
sir... ab sab normal hai danger pass ho gaya hai,CURRENT_SAFETY_REASSURANCE,hinglish,conversational_augmented
urgent hai... SC/ST community se hone ke karan dukan se bhaga diya mujhe samajh nahi aa raha kya karu.,DISCRIMINATION_CASTE_VULNERABILITY,hinglish,conversational_augmented
"Officer... I need an ambulance immediately, severe bleeding I am telling the truth.",MEDICAL_EMERGENCY,en,conversational_augmented
"Ma'am... there is no threat or danger here, everything is peaceful please send police now.",NEUTRAL_NO_INDICATOR,en,conversational_augmented
सुनिए... बहुत उलझन में हूं सही जानकारी नहीं दे पा रही,UNCERTAINTY_UNCLEAR_INFO,hi,conversational_augmented
my elderly parents are bedridden and cannot escape,CHILD_ELDERLY_DISABILITY_VULNERABILITY,en,direct_seed
unstable and fluctuating circumstances right now,CONTRADICTORY_CHANGING_SITUATION,en,conversational_augmented
सर... मेरी निजी तस्वीरें वायरल करने की धमकी दे रहा है मुझे समझ नहीं आ रहा क्या करूं।,COERCION_BLACKMAIL,hi,conversational_augmented
I feel completely broken and suicidal I am telling the truth.,SELF_HARM_CONCERN,en,conversational_augmented
heavy bleeding ho rahi hai ambulance chahiye turant kya aap sun rahe ho?,MEDICAL_EMERGENCY,hinglish,conversational_augmented
मैं बहुत परेशान हूं... धमकी मिली है कि चुप रहो वरना अंजाम बुरा होगा क्या आप सुन रहे हैं?,THREAT_INTIMIDATION,hi,conversational_augmented
हेल्प कीजिए... मुझे ठीक से याद नहीं आ रहा क्या हुआ था मुझे समझ नहीं आ रहा क्या करूं।,UNCERTAINTY_UNCLEAR_INFO,hi,conversational_augmented
"नमस्ते, राष्ट्रीय हेल्पलाइन 14566 में आपका स्वागत है जल्दी पुलिस भेजिए।",NEUTRAL_NO_INDICATOR,hi,conversational_augmented
Please listen... a group of village leaders is threatening our household are you listening?,SOCIAL_COMMUNITY_PRESSURE,en,conversational_augmented
जीने की कोई वजह नहीं बची है प्लीज कुछ कीजिए।,SELF_HARM_CONCERN,hi,conversational_augmented
"I am not in danger, just asking about the registration process I don't know what to do.",NEUTRAL_NO_INDICATOR,en,conversational_augmented
सुनिए... चाकू से वार करके घायल कर दिया तुरंत मदद चाहिए।,PHYSICAL_VIOLENCE_INJURY,hi,conversational_augmented
sasural me roz torture kiya ja raha hai,DOMESTIC_FAMILY_VIOLENCE,hinglish,conversational_augmented
hello... please send police immediately to my location,REQUEST_POLICE_EMERGENCY_HELP,hinglish,conversational_augmented
प्लीज... मोहल्ले के लोग मिलकर धमकी दे रहे हैं जल्दी पुलिस भेजिए।,SOCIAL_COMMUNITY_PRESSURE,hi,conversational_augmented
मुझे ठीक से याद नहीं आ रहा क्या हुआ था तुरंत मदद चाहिए।,UNCERTAINTY_UNCLEAR_INFO,hi,conversational_augmented
he said he will shoot me if I go out I am telling the truth.,THREAT_INTIMIDATION,en,conversational_augmented
madam... not sure what happened exactly unclear memory send help immediately.,UNCERTAINTY_UNCLEAR_INFO,hinglish,conversational_augmented
Ma'am... I would like to speak to a psychological counselor I am telling the truth.,REQUEST_COUNSELLING_LEGAL_MEDICAL,en,conversational_augmented
काउंसलर से बात करा दीजिए मानसिक तनाव के लिए,REQUEST_COUNSELLING_LEGAL_MEDICAL,hi,conversational_augmented
arre... situation bahut dangerous hai bachao,IMMEDIATE_PHYSICAL_DANGER,hinglish,conversational_augmented
जान बचाने के लिए कमरे में बंद हूं,IMMEDIATE_PHYSICAL_DANGER,hi,direct_seed
hello... khoon beh raha hai ambulance chahiye mai sach bol raha hu.,PHYSICAL_VIOLENCE_INJURY,hinglish,conversational_augmented
Help me... I feel completely broken and suicidal,SELF_HARM_CONCERN,en,conversational_augmented
Please hear me... the person fluctuates unpredictably between calm and rage I am telling the truth.,CONTRADICTORY_CHANGING_SITUATION,en,conversational_augmented
pulis protection chahiye urgent basis pe mujhe samajh nahi aa raha kya karu.,REQUEST_POLICE_EMERGENCY_HELP,hinglish,conversational_augmented
बुजुर्ग माता-पिता हैं जो चलने में असमर्थ हैं,CHILD_ELDERLY_DISABILITY_VULNERABILITY,hi,direct_seed
Sir... I have nowhere to go and nobody to call for assistance please help immediately.,ISOLATION_NO_SUPPORT,en,conversational_augmented
अब मैं पूरी तरह सुरक्षित हूं कोई खतरा नहीं है मुझे समझ नहीं आ रहा क्या करूं।,CURRENT_SAFETY_REASSURANCE,hi,conversational_augmented
खौफ में जी रहे हैं हम,FEAR_DISTRESS_PANIC,hi,conversational_augmented
दलित होने के कारण कुएं से पानी नहीं भरने दिया,DISCRIMINATION_CASTE_VULNERABILITY,hi,direct_seed
Sir... please send a PCR emergency van right away I am telling the truth.,REQUEST_POLICE_EMERGENCY_HELP,en,conversational_augmented
I am stranded on the roadside with nowhere to sleep are you listening?,NO_SAFE_PLACE_HOMELESSNESS,en,conversational_augmented
movie ka scene discuss kar rahe the dost ke sath,NEUTRAL_NO_INDICATOR,hinglish,direct_seed
शरीर पर बहुत चोटें आई हैं,PHYSICAL_VIOLENCE_INJURY,hi,direct_seed
Please hear me... he never threatened me or my family at any point,NEUTRAL_NO_INDICATOR,en,conversational_augmented
hello... pata nahi kahan hu landmark nahi dikh raha,UNCERTAINTY_UNCLEAR_INFO,hinglish,conversational_augmented
hello... coercing me into doing things against my consent,COERCION_BLACKMAIL,hinglish,conversational_augmented
hello... ab mai safe hu police aa gayi hai send help immediately.,CURRENT_SAFETY_REASSURANCE,hinglish,conversational_augmented
स्थिति हर पल बदल रही है कुछ समझ नहीं आ रहा प्लीज कुछ कीजिए।,CONTRADICTORY_CHANGING_SITUATION,hi,conversational_augmented
I cannot continue living like this,SELF_HARM_CONCERN,en,direct_seed
help kijiye... severe blood loss and head injury need emergency care,MEDICAL_EMERGENCY,hinglish,conversational_augmented
पुलिस आ गई है अब स्थिति नियंत्रण में है,CURRENT_SAFETY_REASSURANCE,hi,direct_seed
Sir... community elders are pressurizing us to withdraw the complaint please send police now.,SOCIAL_COMMUNITY_PRESSURE,en,conversational_augmented
forcing me to give money through blackmail mai sach bol raha hu.,COERCION_BLACKMAIL,hinglish,conversational_augmented
Sir... my family members are physically abusing me,DOMESTIC_FAMILY_VIOLENCE,en,conversational_augmented
mai bohot pareshan hu... have no family or friends to support me here mai sach bol raha hu.,ISOLATION_NO_SUPPORT,hinglish,conversational_augmented
he said he will finish me off,THREAT_INTIMIDATION,en,direct_seed
my spouse locked me inside without water and hit me I don't know what to do.,DOMESTIC_FAMILY_VIOLENCE,en,conversational_augmented
सुनिए... सांस लेने में बहुत तकलीफ हो रही है बेहोश हो रहे हैं जल्दी पुलिस भेजिए।,MEDICAL_EMERGENCY,hi,conversational_augmented
अकेले कमरे में बंद हूं कोई रिश्तेदार नहीं है तुरंत मदद चाहिए।,ISOLATION_NO_SUPPORT,hi,conversational_augmented
मैं बहुत परेशान हूं... मोहल्ले के लोग मिलकर धमकी दे रहे हैं तुरंत मदद चाहिए।,SOCIAL_COMMUNITY_PRESSURE,hi,conversational_augmented
listen... immediate danger me hu police dispatch karo jaldi kuch kijiye.,IMMEDIATE_PHYSICAL_DANGER,hinglish,conversational_augmented
प्लीज... पीसीआर वैन को अलर्ट करके भेजो जल्दी मुझे समझ नहीं आ रहा क्या करूं।,REQUEST_POLICE_EMERGENCY_HELP,hi,conversational_augmented
we were just joking around no real threat please madad karo.,NEUTRAL_NO_INDICATOR,hinglish,conversational_augmented
"Please listen... the PCR unit is here with me, I am protected",CURRENT_SAFETY_REASSURANCE,en,conversational_augmented
कृपया ध्यान दीजिए... बुजुर्ग माता-पिता हैं जो चलने में असमर्थ हैं जल्दी पुलिस भेजिए।,CHILD_ELDERLY_DISABILITY_VULNERABILITY,hi,conversational_augmented
dispatch 112 emergency police unit right now send help immediately.,REQUEST_POLICE_EMERGENCY_HELP,hinglish,conversational_augmented
तुरंत एम्बुलेंस भेजिए मरीज की हालत गंभीर है क्या आप सुन रहे हैं?,MEDICAL_EMERGENCY,hi,conversational_augmented
नमस्ते... उसने मुझे कोई नुकसान नहीं पहुंचाया सब सामान्य है मैं सच कह रहा हूं।,NEUTRAL_NO_INDICATOR,hi,conversational_augmented
मुझे जीने की कोई उम्मीद नहीं दिख रही,SELF_HARM_CONCERN,hi,direct_seed
हेल्प कीजिए... मैं बहुत डरी हुई हूं क्या आप सुन रहे हैं?,FEAR_DISTRESS_PANIC,hi,conversational_augmented
Excuse me... requesting legal aid assistance for filing case please help immediately.,REQUEST_COUNSELLING_LEGAL_MEDICAL,en,conversational_augmented
mai bohot pareshan hu... chest pain aur breathing difficulty ho rahi hai,MEDICAL_EMERGENCY,hinglish,conversational_augmented
Sir... a minor child is trapped inside facing grave risk please do something quickly.,CHILD_ELDERLY_DISABILITY_VULNERABILITY,en,conversational_augmented
"Sir... I need an ambulance immediately, severe bleeding please do something quickly.",MEDICAL_EMERGENCY,en,conversational_augmented
"Please hear me... I need an ambulance immediately, severe bleeding I am telling the truth.",MEDICAL_EMERGENCY,en,conversational_augmented
listen... bola ki consequences bahut bure honge,THREAT_INTIMIDATION,hinglish,conversational_augmented
Sir... I am being extorted and coerced under threat of defamation,COERCION_BLACKMAIL,en,conversational_augmented
Help me... I cannot continue living like this,SELF_HARM_CONCERN,en,conversational_augmented
मेरी बात सुनिए... मुझे थेरेपिस्ट से काउंसलिंग की जरूरत है क्या आप सुन रहे हैं?,REQUEST_COUNSELLING_LEGAL_MEDICAL,hi,conversational_augmented
सर... कन्फ्यूज हूं शायद कल या परसों की बात है प्लीज कुछ कीजिए।,UNCERTAINTY_UNCLEAR_INFO,hi,conversational_augmented
madam... contradictory situation hai outcome uncertain hai,CONTRADICTORY_CHANGING_SITUATION,hinglish,conversational_augmented
urgent hai... confused state me hu exact time nahi pata mujhe samajh nahi aa raha kya karu.,UNCERTAINTY_UNCLEAR_INFO,hinglish,conversational_augmented
urgent hai... facing continuous spousal abuse and physical cruelty please madad karo.,DOMESTIC_FAMILY_VIOLENCE,hinglish,conversational_augmented
I have no family or friends in this city to turn to please help immediately.,ISOLATION_NO_SUPPORT,en,conversational_augmented
punched and kicked me repeatedly please madad karo.,PHYSICAL_VIOLENCE_INJURY,hinglish,conversational_augmented
danger has passed and I am in a secure shelter,CURRENT_SAFETY_REASSURANCE,en,conversational_augmented
उसने मुझे हथियार दिखाकर धमकाया,THREAT_INTIMIDATION,hi,direct_seed
no safe place to sleep tonight stranded on footpath,NO_SAFE_PLACE_HOMELESSNESS,hinglish,conversational_augmented
सुनिए... हम केवल समय और तारीख की जानकारी के लिए कॉल किए हैं जल्दी पुलिस भेजिए।,NEUTRAL_NO_INDICATOR,hi,conversational_augmented
he threatened to murder me in broad daylight please send police now.,THREAT_INTIMIDATION,en,conversational_augmented
Ma'am... the kids are terrified and screaming I don't know what to do.,FEAR_DISTRESS_PANIC,en,conversational_augmented
facing continuous discrimination and harassment based on my caste,DISCRIMINATION_CASTE_VULNERABILITY,en,direct_seed
I have nowhere to go and nobody to call for assistance,ISOLATION_NO_SUPPORT,en,conversational_augmented
the situation is volatile and constantly shifting,CONTRADICTORY_CHANGING_SITUATION,en,conversational_augmented
नमस्ते... किराए के कमरे से जबरन सामान फेंक कर निकाल दिया,NO_SAFE_PLACE_HOMELESSNESS,hi,conversational_augmented
रास्ते में रोक कर गलत तरीके से हाथ पकड़ा मैं सच कह रहा हूं।,SEXUAL_VIOLENCE_HARASSMENT,hi,conversational_augmented
listen... situation control me hai tension ki baat nahi hai mai sach bol raha hu.,CURRENT_SAFETY_REASSURANCE,hinglish,conversational_augmented
बुजुर्ग माता-पिता हैं जो चलने में असमर्थ हैं तुरंत मदद चाहिए।,CHILD_ELDERLY_DISABILITY_VULNERABILITY,hi,conversational_augmented
कृपया ध्यान दीजिए... कोई मेरे घर के बाहर खड़ा है तुरंत मदद चाहिए।,IMMEDIATE_PHYSICAL_DANGER,hi,conversational_augmented
सर... जबरदस्ती करने की कोशिश की उसने,SEXUAL_VIOLENCE_HARASSMENT,hi,conversational_augmented
मैं बहुत परेशान हूं... कभी वो शांत हो जाता है कभी अचानक हमला कर देता है जल्दी पुलिस भेजिए।,CONTRADICTORY_CHANGING_SITUATION,hi,conversational_augmented
Officer... he tried to strangle my neck please send police now.,PHYSICAL_VIOLENCE_INJURY,en,conversational_augmented
सुनिए... उसने मुझे डंडे से मारा और घायल कर दिया,PHYSICAL_VIOLENCE_INJURY,hi,conversational_augmented
सर... मोहल्ले के लोग मिलकर धमकी दे रहे हैं तुरंत मदद चाहिए।,SOCIAL_COMMUNITY_PRESSURE,hi,conversational_augmented
usne dhamki di ki kidnap kar lega,THREAT_INTIMIDATION,hinglish,direct_seed
112 की टीम को तुरंत मेरे पते पर भेजिए,REQUEST_POLICE_EMERGENCY_HELP,hi,conversational_augmented
हेल्प कीजिए... पहले लगा कि सब ठीक है लेकिन अचानक फिर झगड़ा शुरू हो गया प्लीज कुछ कीजिए।,CONTRADICTORY_CHANGING_SITUATION,hi,conversational_augmented
sir... severe blood loss and head injury need emergency care,MEDICAL_EMERGENCY,hinglish,conversational_augmented
सर... रहने का कोई ठिकाना नहीं है बेघर हो गई हूं तुरंत मदद चाहिए।,NO_SAFE_PLACE_HOMELESSNESS,hi,conversational_augmented
मैडम... मैं पुलिस स्टेशन पहुंच चुका हूं और सेफ हूं,CURRENT_SAFETY_REASSURANCE,hi,conversational_augmented
experiencing severe chest pain and medical collapse please do something quickly.,MEDICAL_EMERGENCY,en,conversational_augmented
कृपया ध्यान दीजिए... समाज में बदनाम करने की साजिश हो रही है मैं सच कह रहा हूं।,SOCIAL_COMMUNITY_PRESSURE,hi,conversational_augmented
काउंसलर से बात करा दीजिए मानसिक तनाव के लिए मुझे समझ नहीं आ रहा क्या करूं।,REQUEST_COUNSELLING_LEGAL_MEDICAL,hi,conversational_augmented
मैडम... डर के मारे चीख निकल रही है मुझे समझ नहीं आ रहा क्या करूं।,FEAR_DISTRESS_PANIC,hi,conversational_augmented
खिड़की से घुसने की कोशिश कर रहा है मुझे समझ नहीं आ रहा क्या करूं।,IMMEDIATE_PHYSICAL_DANGER,hi,conversational_augmented
Ma'am... I would like to speak to a psychological counselor please do something quickly.,REQUEST_COUNSELLING_LEGAL_MEDICAL,en,conversational_augmented
help kijiye... ghar me elderly parents hain jo bedridden hain mai sach bol raha hu.,CHILD_ELDERLY_DISABILITY_VULNERABILITY,hinglish,conversational_augmented
hello... we were just joking around no real threat kya aap sun rahe ho?,NEUTRAL_NO_INDICATOR,hinglish,conversational_augmented
अरे... अकेले कमरे में बंद हूं कोई रिश्तेदार नहीं है तुरंत मदद चाहिए।,ISOLATION_NO_SUPPORT,hi,conversational_augmented
अरे... दिव्यांग व्यक्ति पर हमला किया गया है मैं सच कह रहा हूं।,CHILD_ELDERLY_DISABILITY_VULNERABILITY,hi,conversational_augmented
sir... he follows me everywhere I go jaldi kuch kijiye.,STALKING_FOLLOWING,hinglish,conversational_augmented
kripya apna address aur grievance details share karein please madad karo.,NEUTRAL_NO_INDICATOR,hinglish,conversational_augmented
mai bohot pareshan hu... cannot bear this emotional pain anymore want to die,SELF_HARM_CONCERN,hinglish,conversational_augmented
Please hear me... I am being stalked by an unknown person continuously,STALKING_FOLLOWING,en,conversational_augmented
कोई डरने की बात नहीं है,NEUTRAL_NO_INDICATOR,hi,conversational_augmented
रो-रो कर बुरा हाल है बहुत डर है,FEAR_DISTRESS_PANIC,hi,conversational_augmented
Excuse me... initially it seemed resolved but suddenly violence flared up again please send police now.,CONTRADICTORY_CHANGING_SITUATION,en,conversational_augmented
अज्ञात व्यक्ति मेरा पीछा करता है घर तक,STALKING_FOLLOWING,hi,direct_seed
हेल्प कीजिए... पहले लगा कि सब ठीक है लेकिन अचानक फिर झगड़ा शुरू हो गया,CONTRADICTORY_CHANGING_SITUATION,hi,conversational_augmented
कृपया ध्यान दीजिए... किराए के कमरे से जबरन सामान फेंक कर निकाल दिया,NO_SAFE_PLACE_HOMELESSNESS,hi,conversational_augmented
हेल्प कीजिए... कहता है अगर शिकायत की तो ज़िंदा नहीं छोड़ेगा क्या आप सुन रहे हैं?,THREAT_INTIMIDATION,hi,conversational_augmented
सुनिए... मैं बहुत टूट चुकी हूं मर जाना चाहती हूं जल्दी पुलिस भेजिए।,SELF_HARM_CONCERN,hi,conversational_augmented
दरवाजा तोड़ने की कोशिश कर रहा है कोई तुरंत मदद चाहिए।,IMMEDIATE_PHYSICAL_DANGER,hi,conversational_augmented
वो हथियार लेकर बाहर खड़ा है प्लीज कुछ कीजिए।,IMMEDIATE_PHYSICAL_DANGER,hi,conversational_augmented
have no family or friends to support me here,ISOLATION_NO_SUPPORT,hinglish,conversational_augmented
सुनिए... हर जगह मेरा पीछा करके वीडियो बनाता है जल्दी पुलिस भेजिए।,STALKING_FOLLOWING,hi,conversational_augmented
he threatened retaliation if I report to police I don't know what to do.,THREAT_INTIMIDATION,en,conversational_augmented
हेल्प कीजिए... विरोधाभासी बातें हो रही हैं यहां माहौल अस्थिर है प्लीज कुछ कीजिए।,CONTRADICTORY_CHANGING_SITUATION,hi,conversational_augmented
ससुराल वाले दहेज के लिए प्रताड़ित कर रहे हैं जल्दी पुलिस भेजिए।,DOMESTIC_FAMILY_VIOLENCE,hi,conversational_augmented
pehle laga situation normal ho gayi par fir se violent ho gaya mai sach bol raha hu.,CONTRADICTORY_CHANGING_SITUATION,hinglish,conversational_augmented
मैडम... मेरा इस शहर में कोई नहीं है सबने छोड़ दिया क्या आप सुन रहे हैं?,ISOLATION_NO_SUPPORT,hi,conversational_augmented
अरे... फांसी लगाने की सोच रही हूं तुरंत मदद चाहिए।,SELF_HARM_CONCERN,hi,conversational_augmented
please... body pe bohot injuries hain marpeet hui hai mai sach bol raha hu.,PHYSICAL_VIOLENCE_INJURY,hinglish,conversational_augmented
Ma'am... I am being blackmailed and pressurized constantly,COERCION_BLACKMAIL,en,conversational_augmented
सर... छुआछूत का व्यवहार कर रहे हैं हमारे साथ प्लीज कुछ कीजिए।,DISCRIMINATION_CASTE_VULNERABILITY,hi,conversational_augmented
उसने मुझे कोई नुकसान नहीं पहुंचाया सब सामान्य है क्या आप सुन रहे हैं?,NEUTRAL_NO_INDICATOR,hi,conversational_augmented
Please hear me... there is no hope left for me I want to die are you listening?,SELF_HARM_CONCERN,en,conversational_augmented
I need urgent help... I am having thoughts of self harm I am telling the truth.,SELF_HARM_CONCERN,en,conversational_augmented
Sir... the local panchayat has ordered a complete social boycott,SOCIAL_COMMUNITY_PRESSURE,en,conversational_augmented
मैं बहुत टूट चुकी हूं मर जाना चाहती हूं जल्दी पुलिस भेजिए।,SELF_HARM_CONCERN,hi,conversational_augmented
I am stranded and all alone in this situation,ISOLATION_NO_SUPPORT,en,conversational_augmented
the situation is volatile and constantly shifting please send police now.,CONTRADICTORY_CHANGING_SITUATION,en,conversational_augmented
Please listen... we were forcibly evicted and have no place to go please do something quickly.,NO_SAFE_PLACE_HOMELESSNESS,en,conversational_augmented
counsellor se baat karni hai stress relief ke liye mujhe samajh nahi aa raha kya karu.,REQUEST_COUNSELLING_LEGAL_MEDICAL,hinglish,conversational_augmented
कृपया ध्यान दीजिए... हाथ पैर कांप रहे हैं घबराहट से,FEAR_DISTRESS_PANIC,hi,conversational_augmented
नमस्ते... कहा अगर पैसे नहीं दिए तो बदनाम कर दूंगा मैं सच कह रहा हूं।,COERCION_BLACKMAIL,hi,conversational_augmented
usne mujhe bohot mara hai bleeding ho rahi hai mai sach bol raha hu.,PHYSICAL_VIOLENCE_INJURY,hinglish,conversational_augmented
मेरी बात सुनिए... किराए के कमरे से जबरन सामान फेंक कर निकाल दिया जल्दी पुलिस भेजिए।,NO_SAFE_PLACE_HOMELESSNESS,hi,conversational_augmented
there is no hope left for me I want to die please do something quickly.,SELF_HARM_CONCERN,en,conversational_augmented
listen... blakmail karke mental torture de raha hai mujhe samajh nahi aa raha kya karu.,COERCION_BLACKMAIL,hinglish,conversational_augmented
I am stranded on the roadside with nowhere to sleep please do something quickly.,NO_SAFE_PLACE_HOMELESSNESS,en,conversational_augmented
sir... mujhe exact location yaad nahi aa rahi confuse hu,UNCERTAINTY_UNCLEAR_INFO,hinglish,conversational_augmented
mai bohot pareshan hu... thinking of harming myself severely send help immediately.,SELF_HARM_CONCERN,hinglish,conversational_augmented
suniye... gala dabane ki koshish ki usne send help immediately.,PHYSICAL_VIOLENCE_INJURY,hinglish,conversational_augmented
requesting immediate emergency police dispatch I don't know what to do.,REQUEST_POLICE_EMERGENCY_HELP,en,conversational_augmented
madam... landlord threw all luggage out on the street,NO_SAFE_PLACE_HOMELESSNESS,hinglish,conversational_augmented
arre... blackmail kar raha hai ki social media par daal dega send help immediately.,COERCION_BLACKMAIL,hinglish,conversational_augmented
"I need urgent help... I need an ambulance immediately, severe bleeding I am telling the truth.",MEDICAL_EMERGENCY,en,conversational_augmented
sir... describe kar rahe the mere saath discrimi jaldi kuch kijiye.,DISCRIMINATION_CASTE_VULNERABILITY,hinglish,conversational_augmented
मेरी बात सुनिए... कभी वो शांत हो जाता है कभी अचानक हमला कर देता है तुरंत मदद चाहिए।,CONTRADICTORY_CHANGING_SITUATION,hi,conversational_augmented
please... chest pain aur breathing difficulty ho rahi hai send help immediately.,MEDICAL_EMERGENCY,hinglish,conversational_augmented
Officer... I have been thrown out of my house onto the street,NO_SAFE_PLACE_HOMELESSNESS,en,conversational_augmented
he did not try to harm or intimidate me please do something quickly.,NEUTRAL_NO_INDICATOR,en,conversational_augmented
urgent hai... koi sath nahi de raha sabne contact tod diya mai sach bol raha hu.,ISOLATION_NO_SUPPORT,hinglish,conversational_augmented
listen... ghar se nikal diya hai road par khadi hu,NO_SAFE_PLACE_HOMELESSNESS,hinglish,conversational_augmented
मजबूर कर रहा है गैरकानूनी काम करने के लिए जल्दी पुलिस भेजिए।,COERCION_BLACKMAIL,hi,conversational_augmented
मैडम... अब मैं पूरी तरह सुरक्षित हूं कोई खतरा नहीं है जल्दी पुलिस भेजिए।,CURRENT_SAFETY_REASSURANCE,hi,conversational_augmented
he shoved me down the stairs violently are you listening?,PHYSICAL_VIOLENCE_INJURY,en,conversational_augmented
Hello... he threatened to leak sensitive personal videos online are you listening?,COERCION_BLACKMAIL,en,conversational_augmented
खून बह रहा है हाथ से बहुत तेज,PHYSICAL_VIOLENCE_INJURY,hi,conversational_augmented
Sir... I am living in constant fear I don't know what to do.,FEAR_DISTRESS_PANIC,en,conversational_augmented
सांस लेने में बहुत तकलीफ हो रही है बेहोश हो रहे हैं मुझे समझ नहीं आ रहा क्या करूं।,MEDICAL_EMERGENCY,hi,conversational_augmented
I need urgent help... I need legal guidance and lawyer consultation I am telling the truth.,REQUEST_COUNSELLING_LEGAL_MEDICAL,en,conversational_augmented
मेरी निजी तस्वीरें वायरल करने की धमकी दे रहा है,COERCION_BLACKMAIL,hi,conversational_augmented
मेरी बात सुनिए... 112 की टीम को तुरंत मेरे पते पर भेजिए,REQUEST_POLICE_EMERGENCY_HELP,hi,conversational_augmented
मैं बहुत परेशान हूं... पति ने कमरे में बंद करके पीटा मैं सच कह रहा हूं।,DOMESTIC_FAMILY_VIOLENCE,hi,conversational_augmented
sir... abhi safe location par pahuch gaya hu,CURRENT_SAFETY_REASSURANCE,hinglish,conversational_augmented
Please listen... an aggressive person is standing at my doorstep are you listening?,IMMEDIATE_PHYSICAL_DANGER,en,conversational_augmented
please... severe blood loss and head injury need emergency care mujhe samajh nahi aa raha kya karu.,MEDICAL_EMERGENCY,hinglish,conversational_augmented
urgent hai... contradictory situation hai outcome uncertain hai send help immediately.,CONTRADICTORY_CHANGING_SITUATION,hinglish,conversational_augmented
नमस्ते... दहशत का माहौल है यहां तुरंत मदद चाहिए।,FEAR_DISTRESS_PANIC,hi,conversational_augmented
I would like to speak to a psychological counselor,REQUEST_COUNSELLING_LEGAL_MEDICAL,en,conversational_augmented
he threatened me but I am safe now please send police now.,CURRENT_SAFETY_REASSURANCE,en,conversational_augmented
Excuse me... there is an armed man outside my apartment,IMMEDIATE_PHYSICAL_DANGER,en,conversational_augmented
please... caste discrimination facing in village school and temple,DISCRIMINATION_CASTE_VULNERABILITY,hinglish,conversational_augmented
my family members are physically abusing me I don't know what to do.,DOMESTIC_FAMILY_VIOLENCE,en,conversational_augmented
pcr van bhejo jaldi address par,REQUEST_POLICE_EMERGENCY_HELP,hinglish,conversational_augmented
severe blood loss and head injury need emergency care,MEDICAL_EMERGENCY,hinglish,conversational_augmented
मैं बहुत परेशान हूं... छाती में तेज दर्द है और बहुत ज्यादा खून बह रहा है,MEDICAL_EMERGENCY,hi,conversational_augmented
deep head laceration with heavy blood loss,MEDICAL_EMERGENCY,en,direct_seed
I am seriously injured and bleeding,PHYSICAL_VIOLENCE_INJURY,en,conversational_augmented
arre... please send police immediately to my location jaldi kuch kijiye.,REQUEST_POLICE_EMERGENCY_HELP,hinglish,conversational_augmented
Excuse me... facing continuous discrimination and harassment based on my caste please send police now.,DISCRIMINATION_CASTE_VULNERABILITY,en,conversational_augmented
कोई साथ देने वाला नहीं है चारों तरफ से अकेली हूं प्लीज कुछ कीजिए।,ISOLATION_NO_SUPPORT,hi,conversational_augmented
hello... humare sath bhedbhav ho raha hai mai sach bol raha hu.,DISCRIMINATION_CASTE_VULNERABILITY,hinglish,conversational_augmented
he attempted to sexually assault me please do something quickly.,SEXUAL_VIOLENCE_HARASSMENT,en,conversational_augmented
मैडम... दिव्यांग व्यक्ति पर हमला किया गया है क्या आप सुन रहे हैं?,CHILD_ELDERLY_DISABILITY_VULNERABILITY,hi,conversational_augmented
मैं बहुत परेशान हूं... घबराहट के कारण कुछ समझ नहीं आ रहा,FEAR_DISTRESS_PANIC,hi,conversational_augmented
भेदभाव कर रहे हैं और अपमानजनक शब्द बोल रहे हैं,DISCRIMINATION_CASTE_VULNERABILITY,hi,direct_seed
my in-laws threatened to burn me alive for dowry please do something quickly.,DOMESTIC_FAMILY_VIOLENCE,en,conversational_augmented
husband locked me in the room without food,DOMESTIC_FAMILY_VIOLENCE,hinglish,conversational_augmented
मेरी बात सुनिए... समाज में बदनाम करने की साजिश हो रही है जल्दी पुलिस भेजिए।,SOCIAL_COMMUNITY_PRESSURE,hi,conversational_augmented
madam... homeless ho gaye hain koi shelter nahi hai please madad karo.,NO_SAFE_PLACE_HOMELESSNESS,hinglish,conversational_augmented
Please listen... I am being extorted and coerced under threat of defamation are you listening?,COERCION_BLACKMAIL,en,conversational_augmented
सुनिए... कोई साथ देने वाला नहीं है चारों तरफ से अकेली हूं,ISOLATION_NO_SUPPORT,hi,conversational_augmented
मेरी बात सुनिए... घर से निकाल दिया गया है सड़क पर बैठी हूं प्लीज कुछ कीजिए।,NO_SAFE_PLACE_HOMELESSNESS,hi,conversational_augmented
landlord threw all luggage out on the street,NO_SAFE_PLACE_HOMELESSNESS,hinglish,conversational_augmented
मैं बहुत परेशान हूं... कोई सहारा नहीं है बिल्कुल बेसहारा हूं तुरंत मदद चाहिए।,ISOLATION_NO_SUPPORT,hi,conversational_augmented
धमकी दी है कि घर में आग लगा देगा,THREAT_INTIMIDATION,hi,direct_seed
I am uncertain and confused about what transpired please do something quickly.,UNCERTAINTY_UNCLEAR_INFO,en,conversational_augmented
I need urgent help... the victim is a differently-abled person unable to run,CHILD_ELDERLY_DISABILITY_VULNERABILITY,en,conversational_augmented
listen... advocate ki sahayata chahiye grievance file karne me mai sach bol raha hu.,REQUEST_COUNSELLING_LEGAL_MEDICAL,hinglish,conversational_augmented
Excuse me... the situation is volatile and constantly shifting please send police now.,CONTRADICTORY_CHANGING_SITUATION,en,conversational_augmented
I was sexually harassed on my way home please do something quickly.,SEXUAL_VIOLENCE_HARASSMENT,en,conversational_augmented
रात में सड़क पर खड़ी हूं कोई सुरक्षित जगह नहीं है,NO_SAFE_PLACE_HOMELESSNESS,hi,direct_seed
Officer... facing severe caste-based discrimination and untouchability,DISCRIMINATION_CASTE_VULNERABILITY,en,conversational_augmented
hello... legal advice and free legal aid lawyer chahiye,REQUEST_COUNSELLING_LEGAL_MEDICAL,hinglish,conversational_augmented
Please hear me... he sent threatening text messages demanding money I am telling the truth.,THREAT_INTIMIDATION,en,conversational_augmented
मैडम... मुझे थेरेपिस्ट से काउंसलिंग की जरूरत है क्या आप सुन रहे हैं?,REQUEST_COUNSELLING_LEGAL_MEDICAL,hi,conversational_augmented
कृपया ध्यान दीजिए... सब कुछ खत्म कर लेना चाहता हूं मुझे समझ नहीं आ रहा क्या करूं।,SELF_HARM_CONCERN,hi,conversational_augmented
मैं बहुत परेशान हूं... मैं पुलिस स्टेशन पहुंच चुका हूं और सेफ हूं जल्दी पुलिस भेजिए।,CURRENT_SAFETY_REASSURANCE,hi,conversational_augmented
तुरंत एम्बुलेंस भेजिए मरीज की हालत गंभीर है,MEDICAL_EMERGENCY,hi,direct_seed
यौन उत्पीड़न की शिकायत दर्ज करानी है,SEXUAL_VIOLENCE_HARASSMENT,hi,direct_seed
urgent hai... sometimes calm sometimes suddenly attacks again mai sach bol raha hu.,CONTRADICTORY_CHANGING_SITUATION,hinglish,conversational_augmented
हेल्प कीजिए... मेरी जान खतरे में है अभी मुझे समझ नहीं आ रहा क्या करूं।,IMMEDIATE_PHYSICAL_DANGER,hi,conversational_augmented
112 की टीम को तुरंत मेरे पते पर भेजिए प्लीज कुछ कीजिए।,REQUEST_POLICE_EMERGENCY_HELP,hi,conversational_augmented
Excuse me... requesting legal aid assistance for filing case please do something quickly.,REQUEST_COUNSELLING_LEGAL_MEDICAL,en,conversational_augmented
chest pain aur breathing difficulty ho rahi hai please madad karo.,MEDICAL_EMERGENCY,hinglish,conversational_augmented
Sir... my spouse locked me inside without water and hit me,DOMESTIC_FAMILY_VIOLENCE,en,conversational_augmented
hello... mai yahan bilkul akela hu koi relative nahi hai,ISOLATION_NO_SUPPORT,hinglish,conversational_augmented
कृपया ध्यान दीजिए... छाती में तेज दर्द है और बहुत ज्यादा खून बह रहा है,MEDICAL_EMERGENCY,hi,conversational_augmented
I am isolated in this house with zero support,ISOLATION_NO_SUPPORT,en,conversational_augmented
अरे... पता नहीं कौन था और क्या जगह थी,UNCERTAINTY_UNCLEAR_INFO,hi,conversational_augmented
कृपया ध्यान दीजिए... यौन उत्पीड़न की शिकायत दर्ज करानी है,SEXUAL_VIOLENCE_HARASSMENT,hi,conversational_augmented
Excuse me... need therapy and mental health support session are you listening?,REQUEST_COUNSELLING_LEGAL_MEDICAL,en,conversational_augmented
प्लीज... पति ने कमरे में बंद करके पीटा तुरंत मदद चाहिए।,DOMESTIC_FAMILY_VIOLENCE,hi,conversational_augmented
arre... unpredictable behaviour hai situation continuously changing send help immediately.,CONTRADICTORY_CHANGING_SITUATION,hinglish,conversational_augmented
please... describe kar rahe the mere saath discrimi,DISCRIMINATION_CASTE_VULNERABILITY,hinglish,conversational_augmented
छुआछूत का व्यवहार कर रहे हैं हमारे साथ,DISCRIMINATION_CASTE_VULNERABILITY,hi,conversational_augmented
जबरदस्ती करने की कोशिश की उसने प्लीज कुछ कीजिए।,SEXUAL_VIOLENCE_HARASSMENT,hi,conversational_augmented
she did not threaten anyone I don't know what to do.,NEUTRAL_NO_INDICATOR,en,conversational_augmented
Hello... I am stranded and all alone in this situation,ISOLATION_NO_SUPPORT,en,conversational_augmented
प्लीज... सांस लेने में बहुत तकलीफ हो रही है बेहोश हो रहे हैं मुझे समझ नहीं आ रहा क्या करूं।,MEDICAL_EMERGENCY,hi,conversational_augmented
Excuse me... an aggressive person is standing at my doorstep I don't know what to do.,IMMEDIATE_PHYSICAL_DANGER,en,conversational_augmented
arre... sometimes calm sometimes suddenly attacks again please madad karo.,CONTRADICTORY_CHANGING_SITUATION,hinglish,conversational_augmented
urgent hai... mujhe exact location yaad nahi aa rahi confuse hu send help immediately.,UNCERTAINTY_UNCLEAR_INFO,hinglish,conversational_augmented
danger has passed and I am in a secure shelter,CURRENT_SAFETY_REASSURANCE,en,conversational_augmented
I am being stalked by an unknown person continuously please send police now.,STALKING_FOLLOWING,en,conversational_augmented
he beat me up with a metal rod I don't know what to do.,PHYSICAL_VIOLENCE_INJURY,en,conversational_augmented
Hello... I am a victim of severe domestic violence at home please send police now.,DOMESTIC_FAMILY_VIOLENCE,en,conversational_augmented
Ma'am... I am stranded on the roadside with nowhere to sleep,NO_SAFE_PLACE_HOMELESSNESS,en,conversational_augmented
मेरा इस शहर में कोई नहीं है सबने छोड़ दिया प्लीज कुछ कीजिए।,ISOLATION_NO_SUPPORT,hi,conversational_augmented
मैडम... मेरे सिर से खून निकल रहा है,PHYSICAL_VIOLENCE_INJURY,hi,conversational_augmented
listen... pata nahi kahan hu landmark nahi dikh raha please madad karo.,UNCERTAINTY_UNCLEAR_INFO,hinglish,conversational_augmented
Please hear me... requesting immediate emergency police dispatch please do something quickly.,REQUEST_POLICE_EMERGENCY_HELP,en,conversational_augmented
need therapy and mental health support session I am telling the truth.,REQUEST_COUNSELLING_LEGAL_MEDICAL,en,conversational_augmented
यौन उत्पीड़न की शिकायत दर्ज करानी है प्लीज कुछ कीजिए।,SEXUAL_VIOLENCE_HARASSMENT,hi,conversational_augmented
Sir... I would like to speak to a psychological counselor please help immediately.,REQUEST_COUNSELLING_LEGAL_MEDICAL,en,conversational_augmented
मैं बहुत परेशान हूं... अश्लील बातें और फोटो भेज रहा है प्लीज कुछ कीजिए।,SEXUAL_VIOLENCE_HARASSMENT,hi,conversational_augmented
नमस्ते... अत्यधिक बेचैनी और दहशत महसूस हो रही है,FEAR_DISTRESS_PANIC,hi,conversational_augmented
please... need immediate police intervention and escort,REQUEST_POLICE_EMERGENCY_HELP,hinglish,conversational_augmented
my hands are trembling with fear,FEAR_DISTRESS_PANIC,en,direct_seed
bandook leke ghoom raha hai compound mein,IMMEDIATE_PHYSICAL_DANGER,hinglish,direct_seed
no safe place to sleep tonight stranded on footpath mujhe samajh nahi aa raha kya karu.,NO_SAFE_PLACE_HOMELESSNESS,hinglish,conversational_augmented
listen... andar aane ki koshish kar raha hai jaldi aao jaldi kuch kijiye.,IMMEDIATE_PHYSICAL_DANGER,hinglish,conversational_augmented
I need urgent help... the patient is unconscious and unable to breathe,MEDICAL_EMERGENCY,en,conversational_augmented
मैडम... मुझे जीने की कोई उम्मीद नहीं दिख रही मुझे समझ नहीं आ रहा क्या करूं।,SELF_HARM_CONCERN,hi,conversational_augmented
Ma'am... I cannot clearly recall the exact details or location I don't know what to do.,UNCERTAINTY_UNCLEAR_INFO,en,conversational_augmented
unpredictable behaviour hai situation continuously changing kya aap sun rahe ho?,CONTRADICTORY_CHANGING_SITUATION,hinglish,conversational_augmented
Excuse me... he threatened to leak sensitive personal videos online please send police now.,COERCION_BLACKMAIL,en,conversational_augmented
I am calling purely for information regarding office hours,NEUTRAL_NO_INDICATOR,en,conversational_augmented
स्टॉकिंग कर रहा है लगातार नजर रख रहा है क्या आप सुन रहे हैं?,STALKING_FOLLOWING,hi,conversational_augmented
urgent hai... ab sab normal hai danger pass ho gaya hai kya aap sun rahe ho?,CURRENT_SAFETY_REASSURANCE,hinglish,conversational_augmented
Please listen... I cannot clearly recall the exact details or location,UNCERTAINTY_UNCLEAR_INFO,en,conversational_augmented
Please hear me... I am being blackmailed and pressurized constantly are you listening?,COERCION_BLACKMAIL,en,conversational_augmented
Please hear me... I am bleeding heavily from my head please send police now.,PHYSICAL_VIOLENCE_INJURY,en,conversational_augmented
सुनिए... मुझे ठीक से याद नहीं आ रहा क्या हुआ था,UNCERTAINTY_UNCLEAR_INFO,hi,conversational_augmented
सुनिए... अब मैं पूरी तरह सुरक्षित हूं कोई खतरा नहीं है प्लीज कुछ कीजिए।,CURRENT_SAFETY_REASSURANCE,hi,conversational_augmented
help kijiye... need mental health counselling and legal guidance jaldi kuch kijiye.,REQUEST_COUNSELLING_LEGAL_MEDICAL,hinglish,conversational_augmented
completely isolated and stranded without contacts,ISOLATION_NO_SUPPORT,hinglish,direct_seed
Officer... the kids are terrified and screaming please do something quickly.,FEAR_DISTRESS_PANIC,en,conversational_augmented
dispatch 112 emergency police unit right now please madad karo.,REQUEST_POLICE_EMERGENCY_HELP,hinglish,conversational_augmented
sir... he hit me violently on my face,PHYSICAL_VIOLENCE_INJURY,hinglish,conversational_augmented
मैं बहुत परेशान हूं... रहने का कोई ठिकाना नहीं है बेघर हो गई हूं,NO_SAFE_PLACE_HOMELESSNESS,hi,conversational_augmented
Officer... he is blackmailing me with private photographs I don't know what to do.,COERCION_BLACKMAIL,en,conversational_augmented
Ma'am... there is an infant and a pregnant woman in the house,CHILD_ELDERLY_DISABILITY_VULNERABILITY,en,conversational_augmented
मजबूर कर रहा है गैरकानूनी काम करने के लिए,COERCION_BLACKMAIL,hi,direct_seed
mai bohot pareshan hu... pehle laga situation normal ho gayi par fir se violent ho gaya,CONTRADICTORY_CHANGING_SITUATION,hinglish,conversational_augmented
he did not try to harm or intimidate me,NEUTRAL_NO_INDICATOR,en,conversational_augmented
please send police immediately to my location,REQUEST_POLICE_EMERGENCY_HELP,hinglish,direct_seed
अरे... कोई साथ देने वाला नहीं है चारों तरफ से अकेली हूं मुझे समझ नहीं आ रहा क्या करूं।,ISOLATION_NO_SUPPORT,hi,conversational_augmented
हम सिर्फ फिल्म की कहानी पर चर्चा कर रहे थे मुझे समझ नहीं आ रहा क्या करूं।,NEUTRAL_NO_INDICATOR,hi,conversational_augmented
a strange man follows me from the bus stop to my house are you listening?,STALKING_FOLLOWING,en,conversational_augmented
प्लीज... तुरंत एम्बुलेंस भेजिए मरीज की हालत गंभीर है तुरंत मदद चाहिए।,MEDICAL_EMERGENCY,hi,conversational_augmented
Excuse me... a strange man follows me from the bus stop to my house are you listening?,STALKING_FOLLOWING,en,conversational_augmented
अरे... अज्ञात व्यक्ति मेरा पीछा करता है घर तक मुझे समझ नहीं आ रहा क्या करूं।,STALKING_FOLLOWING,hi,conversational_augmented
अरे... मेरा इस शहर में कोई नहीं है सबने छोड़ दिया प्लीज कुछ कीजिए।,ISOLATION_NO_SUPPORT,hi,conversational_augmented
help kijiye... forced himself on me without consent please madad karo.,SEXUAL_VIOLENCE_HARASSMENT,hinglish,conversational_augmented
मैं बहुत परेशान हूं... दहेज न लाने पर घर से निकालने की धमकी दी,DOMESTIC_FAMILY_VIOLENCE,hi,conversational_augmented
a man threatened me with a knife,THREAT_INTIMIDATION,en,conversational_augmented
please... mujhe exact location yaad nahi aa rahi confuse hu,UNCERTAINTY_UNCLEAR_INFO,hinglish,conversational_augmented
नमस्ते... सांस लेने में बहुत तकलीफ हो रही है बेहोश हो रहे हैं तुरंत मदद चाहिए।,MEDICAL_EMERGENCY,hi,conversational_augmented
अरे... विरोधाभासी बातें हो रही हैं यहां माहौल अस्थिर है मुझे समझ नहीं आ रहा क्या करूं।,CONTRADICTORY_CHANGING_SITUATION,hi,conversational_augmented
help kijiye... panchayat ne social boycott announce kar diya hamara mujhe samajh nahi aa raha kya karu.,SOCIAL_COMMUNITY_PRESSURE,hinglish,conversational_augmented
suniye... he threatnd me but I am safe now kya aap sun rahe ho?,CURRENT_SAFETY_REASSURANCE,hinglish,conversational_augmented
Officer... I have nowhere to go and nobody to call for assistance I don't know what to do.,ISOLATION_NO_SUPPORT,en,conversational_augmented
help kijiye... heavy bleeding ho rahi hai ambulance chahiye turant,MEDICAL_EMERGENCY,hinglish,conversational_augmented
please... thinking of harming myself severely,SELF_HARM_CONCERN,hinglish,conversational_augmented
मोहल्ले के लोग मिलकर धमकी दे रहे हैं मुझे समझ नहीं आ रहा क्या करूं।,SOCIAL_COMMUNITY_PRESSURE,hi,conversational_augmented
peecha karke darwaaze tak aa gaya mai sach bol raha hu.,STALKING_FOLLOWING,hinglish,conversational_augmented
the patient is unconscious and unable to breathe are you listening?,MEDICAL_EMERGENCY,en,conversational_augmented
खतरे में हूं तुरंत पुलिस भेजिए मैं सच कह रहा हूं।,IMMEDIATE_PHYSICAL_DANGER,hi,conversational_augmented
Sir... unstable and fluctuating circumstances right now,CONTRADICTORY_CHANGING_SITUATION,en,conversational_augmented
help kijiye... thinking of harming myself severely jaldi kuch kijiye.,SELF_HARM_CONCERN,hinglish,conversational_augmented
स्टॉकिंग कर रहा है लगातार नजर रख रहा है,STALKING_FOLLOWING,hi,conversational_augmented
suniye... pata nahi kahan hu landmark nahi dikh raha kya aap sun rahe ho?,UNCERTAINTY_UNCLEAR_INFO,hinglish,conversational_augmented
listen... blakmail karke mental torture de raha hai jaldi kuch kijiye.,COERCION_BLACKMAIL,hinglish,conversational_augmented
community elders are pressurizing us to withdraw the complaint,SOCIAL_COMMUNITY_PRESSURE,en,conversational_augmented
Help me... a minor child is trapped inside facing grave risk,CHILD_ELDERLY_DISABILITY_VULNERABILITY,en,conversational_augmented
hello... severe blood loss and head injury need emergency care,MEDICAL_EMERGENCY,hinglish,conversational_augmented
मैडम... बुजुर्ग माता-पिता हैं जो चलने में असमर्थ हैं प्लीज कुछ कीजिए।,CHILD_ELDERLY_DISABILITY_VULNERABILITY,hi,conversational_augmented
Please listen... we were denied access to the public well due to our caste are you listening?,DISCRIMINATION_CASTE_VULNERABILITY,en,conversational_augmented
Ma'am... I would like to speak to a psychological counselor please send police now.,REQUEST_COUNSELLING_LEGAL_MEDICAL,en,conversational_augmented
Officer... the local panchayat has ordered a complete social boycott are you listening?,SOCIAL_COMMUNITY_PRESSURE,en,conversational_augmented
gandi batein karke harass kar raha hai kya aap sun rahe ho?,SEXUAL_VIOLENCE_HARASSMENT,hinglish,conversational_augmented
Sir... he is forcing me to pay large sums of money,COERCION_BLACKMAIL,en,conversational_augmented
जातिसूचक गालियां देकर अपमानित किया गया,DISCRIMINATION_CASTE_VULNERABILITY,hi,conversational_augmented
"I am at the police station right now, completely safe",CURRENT_SAFETY_REASSURANCE,en,conversational_augmented
I have no family or friends in this city to turn to I don't know what to do.,ISOLATION_NO_SUPPORT,en,conversational_augmented
mob bahar khadi hai attack karne ke liye kya aap sun rahe ho?,IMMEDIATE_PHYSICAL_DANGER,hinglish,conversational_augmented
Hello... I am living in constant fear please do something quickly.,FEAR_DISTRESS_PANIC,en,conversational_augmented
Please hear me... deep head laceration with heavy blood loss please help immediately.,MEDICAL_EMERGENCY,en,conversational_augmented
Help me... the person fluctuates unpredictably between calm and rage I don't know what to do.,CONTRADICTORY_CHANGING_SITUATION,en,conversational_augmented
मेरी बात सुनिए... मोहल्ले के लोग मिलकर धमकी दे रहे हैं,SOCIAL_COMMUNITY_PRESSURE,hi,conversational_augmented
Officer... we were discussing a scene from a thriller movie are you listening?,NEUTRAL_NO_INDICATOR,en,conversational_augmented
help kijiye... confused state me hu exact time nahi pata,UNCERTAINTY_UNCLEAR_INFO,hinglish,conversational_augmented
Hello... my elderly parents are bedridden and cannot escape,CHILD_ELDERLY_DISABILITY_VULNERABILITY,en,conversational_augmented
mai bohot pareshan hu... legal advice and free legal aid lawyer chahiye,REQUEST_COUNSELLING_LEGAL_MEDICAL,hinglish,conversational_augmented
Help me... she did not threaten anyone,NEUTRAL_NO_INDICATOR,en,conversational_augmented
जाति के नाम पर मुझे प्रताड़ित किया जा रहा है मुझे समझ नहीं आ रहा क्या करूं।,DISCRIMINATION_CASTE_VULNERABILITY,hi,conversational_augmented
Please hear me... I am so scared right now,FEAR_DISTRESS_PANIC,en,conversational_augmented
Sir... I received threatening calls all night,THREAT_INTIMIDATION,en,conversational_augmented
मैं बहुत परेशान हूं... सांस लेने में बहुत तकलीफ हो रही है बेहोश हो रहे हैं जल्दी पुलिस भेजिए।,MEDICAL_EMERGENCY,hi,conversational_augmented
a group of village leaders is threatening our household please do something quickly.,SOCIAL_COMMUNITY_PRESSURE,en,conversational_augmented
counsellor se baat karni hai stress relief ke liye,REQUEST_COUNSELLING_LEGAL_MEDICAL,hinglish,conversational_augmented
Hello... my elderly parents are bedridden and cannot escape please send police now.,CHILD_ELDERLY_DISABILITY_VULNERABILITY,en,conversational_augmented
प्लीज... नाबालिग बच्ची की सुरक्षा को लेकर बहुत चिंता है क्या आप सुन रहे हैं?,CHILD_ELDERLY_DISABILITY_VULNERABILITY,hi,conversational_augmented
Help me... someone is trying to break into my house right now I am telling the truth.,IMMEDIATE_PHYSICAL_DANGER,en,conversational_augmented
Please listen... experiencing severe chest pain and medical collapse I don't know what to do.,MEDICAL_EMERGENCY,en,conversational_augmented
मैडम... स्टॉकिंग कर रहा है लगातार नजर रख रहा है तुरंत मदद चाहिए।,STALKING_FOLLOWING,hi,conversational_augmented
"Sir... I am at the police station right now, completely safe",CURRENT_SAFETY_REASSURANCE,en,conversational_augmented
unpredictable behaviour hai situation continuously changing,CONTRADICTORY_CHANGING_SITUATION,hinglish,conversational_augmented
पीसीआर वैन को अलर्ट करके भेजो जल्दी,REQUEST_POLICE_EMERGENCY_HELP,hi,conversational_augmented
सर... अज्ञात व्यक्ति मेरा पीछा करता है घर तक,STALKING_FOLLOWING,hi,conversational_augmented
नमस्ते... सांस लेने में बहुत तकलीफ हो रही है बेहोश हो रहे हैं मुझे समझ नहीं आ रहा क्या करूं।,MEDICAL_EMERGENCY,hi,conversational_augmented
हेल्प कीजिए... दहेज न लाने पर घर से निकालने की धमकी दी,DOMESTIC_FAMILY_VIOLENCE,hi,conversational_augmented
चाकू से वार करके घायल कर दिया,PHYSICAL_VIOLENCE_INJURY,hi,direct_seed
danger has passed and I am in a secure shelter please send police now.,CURRENT_SAFETY_REASSURANCE,en,conversational_augmented
कृपया ध्यान दीजिए... नाबालिग बच्ची की सुरक्षा को लेकर बहुत चिंता है,CHILD_ELDERLY_DISABILITY_VULNERABILITY,hi,conversational_augmented
Sir... I am stranded and all alone in this situation please help immediately.,ISOLATION_NO_SUPPORT,en,conversational_augmented
प्लीज... जबरदस्ती करने की कोशिश की उसने तुरंत मदद चाहिए।,SEXUAL_VIOLENCE_HARASSMENT,hi,conversational_augmented
koi madad karne wala nahi hai bilkul akeli hu mujhe samajh nahi aa raha kya karu.,ISOLATION_NO_SUPPORT,hinglish,conversational_augmented
मुझे बहुत पैनिक अटैक आ रहा है,FEAR_DISTRESS_PANIC,hi,conversational_augmented
मैडम... ब्लैकमेल करके लगातार दबाव बना रहा है प्लीज कुछ कीजिए।,COERCION_BLACKMAIL,hi,conversational_augmented
पता नहीं कौन था और क्या जगह थी तुरंत मदद चाहिए।,UNCERTAINTY_UNCLEAR_INFO,hi,conversational_augmented
minor child ki safety at high risk right now please madad karo.,CHILD_ELDERLY_DISABILITY_VULNERABILITY,hinglish,conversational_augmented
heavy bleeding ho rahi hai ambulance chahiye turant,MEDICAL_EMERGENCY,hinglish,conversational_augmented
कृपया ध्यान दीजिए... काउंसलर से बात करा दीजिए मानसिक तनाव के लिए प्लीज कुछ कीजिए।,REQUEST_COUNSELLING_LEGAL_MEDICAL,hi,conversational_augmented
hello... punched and kicked me repeatedly kya aap sun rahe ho?,PHYSICAL_VIOLENCE_INJURY,hinglish,conversational_augmented
Excuse me... he sent non-consensual explicit photos,SEXUAL_VIOLENCE_HARASSMENT,en,conversational_augmented
मैं बहुत परेशान हूं... मैं यहां बिल्कुल अकेली हूं कोई मदद करने वाला नहीं तुरंत मदद चाहिए।,ISOLATION_NO_SUPPORT,hi,conversational_augmented
जातिसूचक गालियां देकर अपमानित किया गया,DISCRIMINATION_CASTE_VULNERABILITY,hi,direct_seed
Officer... I have been thrown out of my house onto the street I don't know what to do.,NO_SAFE_PLACE_HOMELESSNESS,en,conversational_augmented
hello... marr jana chahti hu sabse tang aake jaldi kuch kijiye.,SELF_HARM_CONCERN,hinglish,conversational_augmented
madam... sometimes calm sometimes suddenly attacks again please madad karo.,CONTRADICTORY_CHANGING_SITUATION,hinglish,conversational_augmented
अरे... मैं बहुत डरा हुआ हूं तुरंत मदद चाहिए।,FEAR_DISTRESS_PANIC,hi,conversational_augmented
जाति के नाम पर मुझे प्रताड़ित किया जा रहा है तुरंत मदद चाहिए।,DISCRIMINATION_CASTE_VULNERABILITY,hi,conversational_augmented
disabled person par assault attempt hua hai jaldi kuch kijiye.,CHILD_ELDERLY_DISABILITY_VULNERABILITY,hinglish,conversational_augmented
हेल्प कीजिए... मेरी निजी तस्वीरें वायरल करने की धमकी दे रहा है प्लीज कुछ कीजिए।,COERCION_BLACKMAIL,hi,conversational_augmented
Officer... I am being blackmailed and pressurized constantly,COERCION_BLACKMAIL,en,conversational_augmented
समाज में बदनाम करने की साजिश हो रही है मैं सच कह रहा हूं।,SOCIAL_COMMUNITY_PRESSURE,hi,conversational_augmented
Officer... I am living in constant fear,FEAR_DISTRESS_PANIC,en,conversational_augmented
arre... koi danger nahi hai general inquiry kar raha hu mai sach bol raha hu.,NEUTRAL_NO_INDICATOR,hinglish,conversational_augmented
सुरक्षा दीजिए हमें पुलिस की सख्त जरूरत है मैं सच कह रहा हूं।,REQUEST_POLICE_EMERGENCY_HELP,hi,conversational_augmented
Ma'am... he slapped and physically battered me please do something quickly.,PHYSICAL_VIOLENCE_INJURY,en,conversational_augmented
Please listen... I am stranded on the roadside with nowhere to sleep please help immediately.,NO_SAFE_PLACE_HOMELESSNESS,en,conversational_augmented
help kijiye... he threatened me with a sharp weapon kya aap sun rahe ho?,THREAT_INTIMIDATION,hinglish,conversational_augmented
मेट्रो स्टेशन से घर तक फॉलो कर रहा है,STALKING_FOLLOWING,hi,conversational_augmented
unstable and fluctuating circumstances right now please send police now.,CONTRADICTORY_CHANGING_SITUATION,en,conversational_augmented
अरे... तुरंत एम्बुलेंस भेजिए मरीज की हालत गंभीर है प्लीज कुछ कीजिए।,MEDICAL_EMERGENCY,hi,conversational_augmented
Please hear me... they are intimidating and threatening my household are you listening?,THREAT_INTIMIDATION,en,conversational_augmented
अरे... मेरे साथ छेड़छाड़ की गई है,SEXUAL_VIOLENCE_HARASSMENT,hi,conversational_augmented
सुनिए... गंदी हरकतें और अश्लील इशारे कर रहा है जल्दी पुलिस भेजिए।,SEXUAL_VIOLENCE_HARASSMENT,hi,conversational_augmented
hello... coercing me into doing things against my consent mujhe samajh nahi aa raha kya karu.,COERCION_BLACKMAIL,hinglish,conversational_augmented
Ma'am... the situation is volatile and constantly shifting I am telling the truth.,CONTRADICTORY_CHANGING_SITUATION,en,conversational_augmented
severe blood loss and head injury need emergency care kya aap sun rahe ho?,MEDICAL_EMERGENCY,hinglish,conversational_augmented
please... mohalla wale milkar harrass kar rahe hain mai sach bol raha hu.,SOCIAL_COMMUNITY_PRESSURE,hinglish,conversational_augmented
"Hello... I need an ambulance immediately, severe bleeding please send police now.",MEDICAL_EMERGENCY,en,conversational_augmented
madam... blakmail karke mental torture de raha hai kya aap sun rahe ho?,COERCION_BLACKMAIL,hinglish,conversational_augmented
सुनिए... मेरे सिर से खून निकल रहा है क्या आप सुन रहे हैं?,PHYSICAL_VIOLENCE_INJURY,hi,conversational_augmented
112 की टीम को तुरंत मेरे पते पर भेजिए क्या आप सुन रहे हैं?,REQUEST_POLICE_EMERGENCY_HELP,hi,conversational_augmented
mohalla wale milkar harrass kar rahe hain mujhe samajh nahi aa raha kya karu.,SOCIAL_COMMUNITY_PRESSURE,hinglish,conversational_augmented
mai bohot pareshan hu... usne private photos leak karne ki blackmailing shuru kar di,COERCION_BLACKMAIL,hinglish,conversational_augmented
madam... jabarjasti karne ki koshish ki usne kya aap sun rahe ho?,SEXUAL_VIOLENCE_HARASSMENT,hinglish,conversational_augmented
woh ghar ke bahar khada hai weapon leke,IMMEDIATE_PHYSICAL_DANGER,hinglish,conversational_augmented
Please listen... they subject us to discrimination and untouchability practices,DISCRIMINATION_CASTE_VULNERABILITY,en,conversational_augmented
we were forcibly evicted and have no place to go,NO_SAFE_PLACE_HOMELESSNESS,en,direct_seed
Sir... I am crying and shaking in terror,FEAR_DISTRESS_PANIC,en,conversational_augmented
I need urgent help... I am being blackmailed and pressurized constantly,COERCION_BLACKMAIL,en,conversational_augmented
जातिसूचक गालियां देकर अपमानित किया गया जल्दी पुलिस भेजिए।,DISCRIMINATION_CASTE_VULNERABILITY,hi,conversational_augmented
immediate danger me hu police dispatch karo,IMMEDIATE_PHYSICAL_DANGER,hinglish,direct_seed
Please listen... facing continuous discrimination and harassment based on my caste,DISCRIMINATION_CASTE_VULNERABILITY,en,conversational_augmented
urgent hai... mai yahan bilkul akela hu koi relative nahi hai mujhe samajh nahi aa raha kya karu.,ISOLATION_NO_SUPPORT,hinglish,conversational_augmented
Ma'am... the situation is volatile and constantly shifting,CONTRADICTORY_CHANGING_SITUATION,en,conversational_augmented
लीगल एड और कोर्ट प्रक्रिया की जानकारी चाहिए क्या आप सुन रहे हैं?,REQUEST_COUNSELLING_LEGAL_MEDICAL,hi,conversational_augmented
listen... chaku se hamla kiya haath cut gaya mai sach bol raha hu.,PHYSICAL_VIOLENCE_INJURY,hinglish,conversational_augmented
suniye... we were just joking around no real threat,NEUTRAL_NO_INDICATOR,hinglish,conversational_augmented
Hello... danger has passed and I am in a secure shelter please send police now.,CURRENT_SAFETY_REASSURANCE,en,conversational_augmented
sir pe chot lagi hai khoon nikal raha hai,PHYSICAL_VIOLENCE_INJURY,hinglish,conversational_augmented
कहा अगर पैसे नहीं दिए तो बदनाम कर दूंगा क्या आप सुन रहे हैं?,COERCION_BLACKMAIL,hi,conversational_augmented
नमस्ते... हर जगह मेरा पीछा करके वीडियो बनाता है,STALKING_FOLLOWING,hi,conversational_augmented
suniye... legal advice and free legal aid lawyer chahiye,REQUEST_COUNSELLING_LEGAL_MEDICAL,hinglish,conversational_augmented
suniye... movie ka scene discuss kar rahe the dost ke sath kya aap sun rahe ho?,NEUTRAL_NO_INDICATOR,hinglish,conversational_augmented
I feel unsafe and petrified in my room,FEAR_DISTRESS_PANIC,en,direct_seed
शरीर पर बहुत चोटें आई हैं मैं सच कह रहा हूं।,PHYSICAL_VIOLENCE_INJURY,hi,conversational_augmented
mai bohot pareshan hu... peecha karke darwaaze tak aa gaya,STALKING_FOLLOWING,hinglish,conversational_augmented
प्लीज... दिव्यांग व्यक्ति पर हमला किया गया है,CHILD_ELDERLY_DISABILITY_VULNERABILITY,hi,conversational_augmented
Officer... I was sexually harassed on my way home please send police now.,SEXUAL_VIOLENCE_HARASSMENT,en,conversational_augmented
सर... मेरे सिर से खून निकल रहा है,PHYSICAL_VIOLENCE_INJURY,hi,conversational_augmented
प्लीज... पीसीआर वैन को अलर्ट करके भेजो जल्दी प्लीज कुछ कीजिए।,REQUEST_POLICE_EMERGENCY_HELP,hi,conversational_augmented
कृपया ध्यान दीजिए... विरोधाभासी बातें हो रही हैं यहां माहौल अस्थिर है जल्दी पुलिस भेजिए।,CONTRADICTORY_CHANGING_SITUATION,hi,conversational_augmented
no safe place to sleep tonight stranded on footpath kya aap sun rahe ho?,NO_SAFE_PLACE_HOMELESSNESS,hinglish,conversational_augmented
"I am completely safe now, police have arrived I am telling the truth.",CURRENT_SAFETY_REASSURANCE,en,conversational_augmented
अरे... दिव्यांग व्यक्ति पर हमला किया गया है तुरंत मदद चाहिए।,CHILD_ELDERLY_DISABILITY_VULNERABILITY,hi,conversational_augmented
urgent hai... mai ab jeena nahi chahta please madad karo.,SELF_HARM_CONCERN,hinglish,conversational_augmented
arre... landlord threw all luggage out on the street,NO_SAFE_PLACE_HOMELESSNESS,hinglish,conversational_augmented
I am being blackmailed and pressurized constantly,COERCION_BLACKMAIL,en,conversational_augmented
mai bohot pareshan hu... reached inside police thana now totally safe,CURRENT_SAFETY_REASSURANCE,hinglish,conversational_augmented
madam... inappropriate physical contact kiya forcefully jaldi kuch kijiye.,SEXUAL_VIOLENCE_HARASSMENT,hinglish,conversational_augmented
someone threatened me please send police now.,THREAT_INTIMIDATION,en,conversational_augmented
नमस्ते... पता नहीं कौन था और क्या जगह थी मुझे समझ नहीं आ रहा क्या करूं।,UNCERTAINTY_UNCLEAR_INFO,hi,conversational_augmented
he tried to force himself onto me are you listening?,SEXUAL_VIOLENCE_HARASSMENT,en,conversational_augmented
please... want to end my life bohot pareshan hu send help immediately.,SELF_HARM_CONCERN,hinglish,conversational_augmented
पीसीआर वैन को अलर्ट करके भेजो जल्दी,REQUEST_POLICE_EMERGENCY_HELP,hi,direct_seed
madam... usne private photos leak karne ki blackmailing shuru kar di jaldi kuch kijiye.,COERCION_BLACKMAIL,hinglish,conversational_augmented
mohalla wale milkar harrass kar rahe hain jaldi kuch kijiye.,SOCIAL_COMMUNITY_PRESSURE,hinglish,conversational_augmented
homeless ho gaye hain koi shelter nahi hai,NO_SAFE_PLACE_HOMELESSNESS,hinglish,conversational_augmented
प्लीज... उसने मुझे धमकी दी है क्या आप सुन रहे हैं?,THREAT_INTIMIDATION,hi,conversational_augmented
ससुराल वाले दहेज के लिए प्रताड़ित कर रहे हैं,DOMESTIC_FAMILY_VIOLENCE,hi,direct_seed
counsellor se baat karni hai stress relief ke liye mai sach bol raha hu.,REQUEST_COUNSELLING_LEGAL_MEDICAL,hinglish,conversational_augmented
sir... contradictory situation hai outcome uncertain hai,CONTRADICTORY_CHANGING_SITUATION,hinglish,conversational_augmented
Hello... I am hiding under the bed he is inside the house,IMMEDIATE_PHYSICAL_DANGER,en,conversational_augmented
प्लीज... भेदभाव कर रहे हैं और अपमानजनक शब्द बोल रहे हैं मुझे समझ नहीं आ रहा क्या करूं।,DISCRIMINATION_CASTE_VULNERABILITY,hi,conversational_augmented
arre... mujhe exact location yaad nahi aa rahi confuse hu jaldi kuch kijiye.,UNCERTAINTY_UNCLEAR_INFO,hinglish,conversational_augmented
नमस्ते... लीगल एड और कोर्ट प्रक्रिया की जानकारी चाहिए,REQUEST_COUNSELLING_LEGAL_MEDICAL,hi,conversational_augmented
community pressure banaya ja raha hai case wapas lene please madad karo.,SOCIAL_COMMUNITY_PRESSURE,hinglish,conversational_augmented
प्लीज... मुझे कानूनी सलाह और वकील की मदद चाहिए जल्दी पुलिस भेजिए।,REQUEST_COUNSELLING_LEGAL_MEDICAL,hi,conversational_augmented
he is blackmailing me with private photographs please help immediately.,COERCION_BLACKMAIL,en,conversational_augmented
urgent hai... community pressure banaya ja raha hai case wapas lene,SOCIAL_COMMUNITY_PRESSURE,hinglish,conversational_augmented
suniye... ghar se nikal diya hai road par khadi hu jaldi kuch kijiye.,NO_SAFE_PLACE_HOMELESSNESS,hinglish,conversational_augmented
सर... तुरंत सुरक्षा भेजो वो हमला कर देगा जल्दी पुलिस भेजिए।,IMMEDIATE_PHYSICAL_DANGER,hi,conversational_augmented
मैडम... मैं अपने आप को नुकसान पहुंचा लूंगी तुरंत मदद चाहिए।,SELF_HARM_CONCERN,hi,conversational_augmented
Help me... he slapped and physically battered me I don't know what to do.,PHYSICAL_VIOLENCE_INJURY,en,conversational_augmented
सर... वो मुझे ब्लैकमेल कर रहा है पैसों के लिए जल्दी पुलिस भेजिए।,COERCION_BLACKMAIL,hi,conversational_augmented
मैं सिर्फ योजना के बारे में जानकारी लेना चाहता हूं तुरंत मदद चाहिए।,NEUTRAL_NO_INDICATOR,hi,conversational_augmented
darr ki koi baat nahi hai normal hu please madad karo.,NEUTRAL_NO_INDICATOR,hinglish,conversational_augmented
उसने कहा कि तुझे रास्ते से हटा दूंगा,THREAT_INTIMIDATION,hi,conversational_augmented
sir... minor child ki safety at high risk right now,CHILD_ELDERLY_DISABILITY_VULNERABILITY,hinglish,conversational_augmented
मैडम... वो जबरदस्ती अंदर घुसने की कोशिश कर रहा है मुझे समझ नहीं आ रहा क्या करूं।,IMMEDIATE_PHYSICAL_DANGER,hi,conversational_augmented
मैडम... तुरंत एम्बुलेंस भेजिए मरीज की हालत गंभीर है,MEDICAL_EMERGENCY,hi,conversational_augmented
an aggressive person is standing at my doorstep I am telling the truth.,IMMEDIATE_PHYSICAL_DANGER,en,conversational_augmented
"Ma'am... I am completely safe now, police have arrived please do something quickly.",CURRENT_SAFETY_REASSURANCE,en,conversational_augmented
हेल्प कीजिए... मुझे पुलिस सुरक्षा की तुरंत आवश्यकता है प्लीज कुछ कीजिए।,REQUEST_POLICE_EMERGENCY_HELP,hi,conversational_augmented
I have no reason to stay alive I don't know what to do.,SELF_HARM_CONCERN,en,conversational_augmented
नमस्ते... जान बचाने के लिए कमरे में बंद हूं प्लीज कुछ कीजिए।,IMMEDIATE_PHYSICAL_DANGER,hi,conversational_augmented
bahut ghabrahat ho rahi hai panic ho raha hai,FEAR_DISTRESS_PANIC,hinglish,direct_seed
Please listen... there is no hope left for me I want to die are you listening?,SELF_HARM_CONCERN,en,conversational_augmented
पारिवारिक प्रताड़ना असहनीय हो गई है,DOMESTIC_FAMILY_VIOLENCE,hi,conversational_augmented
he tried to strangle my neck please do something quickly.,PHYSICAL_VIOLENCE_INJURY,en,conversational_augmented
the information is hazy and I cannot be sure,UNCERTAINTY_UNCLEAR_INFO,en,conversational_augmented
सुनिए... मेट्रो स्टेशन से घर तक फॉलो कर रहा है,STALKING_FOLLOWING,hi,conversational_augmented
he attempted to sexually assault me,SEXUAL_VIOLENCE_HARASSMENT,en,direct_seed
I feel like ending my life right now,SELF_HARM_CONCERN,en,direct_seed
Hello... they subject us to discrimination and untouchability practices please do something quickly.,DISCRIMINATION_CASTE_VULNERABILITY,en,conversational_augmented
sir... apni jaan le lungi agar aisa hi chalta raha mai sach bol raha hu.,SELF_HARM_CONCERN,hinglish,conversational_augmented
my spouse locked me inside without water and hit me,DOMESTIC_FAMILY_VIOLENCE,en,direct_seed
नमस्ते... वो मुझे ब्लैकमेल कर रहा है पैसों के लिए क्या आप सुन रहे हैं?,COERCION_BLACKMAIL,hi,conversational_augmented
Ma'am... deep head laceration with heavy blood loss please do something quickly.,MEDICAL_EMERGENCY,en,conversational_augmented
मैडम... निचली जाति का बोलकर मंदिर में जाने से रोका तुरंत मदद चाहिए।,DISCRIMINATION_CASTE_VULNERABILITY,hi,conversational_augmented
help kijiye... minor child ki safety at high risk right now,CHILD_ELDERLY_DISABILITY_VULNERABILITY,hinglish,conversational_augmented
sir... heavy bleeding ho rahi hai ambulance chahiye turant please madad karo.,MEDICAL_EMERGENCY,hinglish,conversational_augmented
help kijiye... blakmail karke mental torture de raha hai,COERCION_BLACKMAIL,hinglish,conversational_augmented
मैं बहुत परेशान हूं... कोई साथ देने वाला नहीं है चारों तरफ से अकेली हूं मुझे समझ नहीं आ रहा क्या करूं।,ISOLATION_NO_SUPPORT,hi,conversational_augmented
हेल्प कीजिए... समाज में बदनाम करने की साजिश हो रही है तुरंत मदद चाहिए।,SOCIAL_COMMUNITY_PRESSURE,hi,conversational_augmented
सर... मेरा इस शहर में कोई नहीं है सबने छोड़ दिया,ISOLATION_NO_SUPPORT,hi,conversational_augmented
help kijiye... apne aap ko hurt karne ka man kar raha hai,SELF_HARM_CONCERN,hinglish,conversational_augmented
हेल्प कीजिए... अकेले कमरे में बंद हूं कोई रिश्तेदार नहीं है,ISOLATION_NO_SUPPORT,hi,conversational_augmented
I have no safe shelter or roof over my head tonight I am telling the truth.,NO_SAFE_PLACE_HOMELESSNESS,en,conversational_augmented
सर... समाज में बदनाम करने की साजिश हो रही है मुझे समझ नहीं आ रहा क्या करूं।,SOCIAL_COMMUNITY_PRESSURE,hi,conversational_augmented
"Officer... I am completely safe now, police have arrived please help immediately.",CURRENT_SAFETY_REASSURANCE,en,conversational_augmented
नमस्ते... उसने मुझे गलत तरीके से छुआ,SEXUAL_VIOLENCE_HARASSMENT,hi,conversational_augmented
मैं बहुत परेशान हूं... बाहर लोग हथियारों के साथ खड़े हैं,IMMEDIATE_PHYSICAL_DANGER,hi,conversational_augmented
the situation is terrifying and we are in panic I am telling the truth.,FEAR_DISTRESS_PANIC,en,conversational_augmented
रोज मेरे कॉलेज के बाहर खड़ा रहता है,STALKING_FOLLOWING,hi,conversational_augmented
मैं बहुत परेशान हूं... घर में छोटा बच्चा और गर्भवती महिला है क्या आप सुन रहे हैं?,CHILD_ELDERLY_DISABILITY_VULNERABILITY,hi,conversational_augmented
Please listen... initially it seemed resolved but suddenly violence flared up again please send police now.,CONTRADICTORY_CHANGING_SITUATION,en,conversational_augmented
कृपया ध्यान दीजिए... खून करने की खुली धमकी दे रहा है तुरंत मदद चाहिए।,THREAT_INTIMIDATION,hi,conversational_augmented
मेरी बात सुनिए... वो चला गया है अब सब ठीक है,CURRENT_SAFETY_REASSURANCE,hi,conversational_augmented
help kijiye... need immediate police intervention and escort jaldi kuch kijiye.,REQUEST_POLICE_EMERGENCY_HELP,hinglish,conversational_augmented
Hello... need therapy and mental health support session I am telling the truth.,REQUEST_COUNSELLING_LEGAL_MEDICAL,en,conversational_augmented
he followed my vehicle for over five kilometers please send police now.,STALKING_FOLLOWING,en,conversational_augmented
help kijiye... unpredictable behaviour hai situation continuously changing please madad karo.,CONTRADICTORY_CHANGING_SITUATION,hinglish,conversational_augmented
my elderly parents are bedridden and cannot escape are you listening?,CHILD_ELDERLY_DISABILITY_VULNERABILITY,en,conversational_augmented
madam... blackmail kar raha hai ki social media par daal dega,COERCION_BLACKMAIL,hinglish,conversational_augmented
severe blood loss and head injury need emergency care send help immediately.,MEDICAL_EMERGENCY,hinglish,conversational_augmented
Ma'am... I would like to speak to a psychological counselor please help immediately.,REQUEST_COUNSELLING_LEGAL_MEDICAL,en,conversational_augmented
नमस्ते... रोज मेरे कॉलेज के बाहर खड़ा रहता है मुझे समझ नहीं आ रहा क्या करूं।,STALKING_FOLLOWING,hi,conversational_augmented
hello... unpredictable behaviour hai situation continuously changing mujhe samajh nahi aa raha kya karu.,CONTRADICTORY_CHANGING_SITUATION,hinglish,conversational_augmented
alert the local police station for immediate response are you listening?,REQUEST_POLICE_EMERGENCY_HELP,en,conversational_augmented
नमस्ते... दिव्यांग व्यक्ति पर हमला किया गया है जल्दी पुलिस भेजिए।,CHILD_ELDERLY_DISABILITY_VULNERABILITY,hi,conversational_augmented
I received threatening calls all night please send police now.,THREAT_INTIMIDATION,en,conversational_augmented
बच्चे बहुत सहमे हुए हैं डर से,FEAR_DISTRESS_PANIC,hi,conversational_augmented
स्थिति हर पल बदल रही है कुछ समझ नहीं आ रहा,CONTRADICTORY_CHANGING_SITUATION,hi,conversational_augmented
Help me... there is an infant and a pregnant woman in the house please send police now.,CHILD_ELDERLY_DISABILITY_VULNERABILITY,en,conversational_augmented
कृपया ध्यान दीजिए... जातिसूचक गालियां देकर अपमानित किया गया,DISCRIMINATION_CASTE_VULNERABILITY,hi,conversational_augmented
ab mai safe hu police aa gayi hai,CURRENT_SAFETY_REASSURANCE,hinglish,direct_seed
Please hear me... he followed my vehicle for over five kilometers please send police now.,STALKING_FOLLOWING,en,conversational_augmented
bohot dar lag raha hai please help,FEAR_DISTRESS_PANIC,hinglish,direct_seed
मैडम... घरेलू हिंसा का शिकार हो रही हूं रोज क्या आप सुन रहे हैं?,DOMESTIC_FAMILY_VIOLENCE,hi,conversational_augmented
facing continuous spousal abuse and physical cruelty,DOMESTIC_FAMILY_VIOLENCE,hinglish,conversational_augmented
madam... jaati soochak shabdon se gali di aur bhedbhav kiya jaldi kuch kijiye.,DISCRIMINATION_CASTE_VULNERABILITY,hinglish,conversational_augmented
Please listen... I am in a state of severe panic,FEAR_DISTRESS_PANIC,en,conversational_augmented
need therapy and mental health support session I am telling the truth.,REQUEST_COUNSELLING_LEGAL_MEDICAL,en,conversational_augmented
requesting legal aid assistance for filing case I am telling the truth.,REQUEST_COUNSELLING_LEGAL_MEDICAL,en,conversational_augmented
Help me... I don't want to live anymore,SELF_HARM_CONCERN,en,conversational_augmented
Please hear me... we are facing intense community ostracization and pressure please help immediately.,SOCIAL_COMMUNITY_PRESSURE,en,conversational_augmented
Please listen... the local panchayat has ordered a complete social boycott,SOCIAL_COMMUNITY_PRESSURE,en,conversational_augmented
मैडम... कोई कई दिनों से मेरा पीछा कर रहा है जल्दी पुलिस भेजिए।,STALKING_FOLLOWING,hi,conversational_augmented
listen... he was not threatening anyone it was a misunderstanding kya aap sun rahe ho?,NEUTRAL_NO_INDICATOR,hinglish,conversational_augmented
प्लीज... खून बह रहा है हाथ से बहुत तेज,PHYSICAL_VIOLENCE_INJURY,hi,conversational_augmented
Sir... he threatened to kill me please help immediately.,THREAT_INTIMIDATION,en,conversational_augmented
अरे... रात में सड़क पर खड़ी हूं कोई सुरक्षित जगह नहीं है तुरंत मदद चाहिए।,NO_SAFE_PLACE_HOMELESSNESS,hi,conversational_augmented
Excuse me... the victim is a differently-abled person unable to run please help immediately.,CHILD_ELDERLY_DISABILITY_VULNERABILITY,en,conversational_augmented
Please hear me... I am isolated in this house with zero support,ISOLATION_NO_SUPPORT,en,conversational_augmented
madam... contradictory situation hai outcome uncertain hai send help immediately.,CONTRADICTORY_CHANGING_SITUATION,hinglish,conversational_augmented
कन्फ्यूज हूं शायद कल या परसों की बात है तुरंत मदद चाहिए।,UNCERTAINTY_UNCLEAR_INFO,hi,conversational_augmented
I need urgent help... I am being blackmailed and pressurized constantly are you listening?,COERCION_BLACKMAIL,en,conversational_augmented
मैं बहुत परेशान हूं... नाबालिग बच्ची की सुरक्षा को लेकर बहुत चिंता है,CHILD_ELDERLY_DISABILITY_VULNERABILITY,hi,conversational_augmented
I am having thoughts of self harm I don't know what to do.,SELF_HARM_CONCERN,en,conversational_augmented
madam... sasural wale roz taane dete hain aur maarte hain mujhe samajh nahi aa raha kya karu.,DOMESTIC_FAMILY_VIOLENCE,hinglish,conversational_augmented
Help me... requesting immediate emergency police dispatch,REQUEST_POLICE_EMERGENCY_HELP,en,conversational_augmented
he threatened to leak sensitive personal videos online,COERCION_BLACKMAIL,en,conversational_augmented
my elderly parents are bedridden and cannot escape I am telling the truth.,CHILD_ELDERLY_DISABILITY_VULNERABILITY,en,conversational_augmented
मेरी बात सुनिए... दरवाजा तोड़ने की कोशिश कर रहा है कोई क्या आप सुन रहे हैं?,IMMEDIATE_PHYSICAL_DANGER,hi,conversational_augmented
hello... khatre me hu please send police right now mujhe samajh nahi aa raha kya karu.,IMMEDIATE_PHYSICAL_DANGER,hinglish,conversational_augmented
Please listen... I feel completely broken and suicidal I am telling the truth.,SELF_HARM_CONCERN,en,conversational_augmented
कृपया ध्यान दीजिए... सांस लेने में बहुत तकलीफ हो रही है बेहोश हो रहे हैं,MEDICAL_EMERGENCY,hi,conversational_augmented
mai bohot pareshan hu... entire village mob is pressurizing our family,SOCIAL_COMMUNITY_PRESSURE,hinglish,conversational_augmented
please... blackmail kar raha hai ki social media par daal dega,COERCION_BLACKMAIL,hinglish,conversational_augmented
unstable and fluctuating circumstances right now I don't know what to do.,CONTRADICTORY_CHANGING_SITUATION,en,conversational_augmented
help kijiye... homeless ho gaye hain koi shelter nahi hai,NO_SAFE_PLACE_HOMELESSNESS,hinglish,conversational_augmented
urgent hai... police protection chahiye urgent basis pe,REQUEST_POLICE_EMERGENCY_HELP,hinglish,conversational_augmented
समाज में बदनाम करने की साजिश हो रही है मैं सच कह रहा हूं।,SOCIAL_COMMUNITY_PRESSURE,hi,conversational_augmented
I need urgent help... I am dreading what might happen next please send police now.,FEAR_DISTRESS_PANIC,en,conversational_augmented
Sir... I am being discriminated against at work and in public please send police now.,DISCRIMINATION_CASTE_VULNERABILITY,en,conversational_augmented
Hello... initially it seemed resolved but suddenly violence flared up again,CONTRADICTORY_CHANGING_SITUATION,en,conversational_augmented
urgent hai... roz ghar ke bahar khada rehta hai bike leke please madad karo.,STALKING_FOLLOWING,hinglish,conversational_augmented
urgent hai... forcing me to give money through blackmail,COERCION_BLACKMAIL,hinglish,conversational_augmented
Officer... I am uncertain and confused about what transpired I am telling the truth.,UNCERTAINTY_UNCLEAR_INFO,en,conversational_augmented
खतरा टल चुका है अब कोई डर नहीं है,CURRENT_SAFETY_REASSURANCE,hi,conversational_augmented
कहा अगर पैसे नहीं दिए तो बदनाम कर दूंगा जल्दी पुलिस भेजिए।,COERCION_BLACKMAIL,hi,conversational_augmented
छाती में तेज दर्द है और बहुत ज्यादा खून बह रहा है,MEDICAL_EMERGENCY,hi,direct_seed
unstable and fluctuating circumstances right now,CONTRADICTORY_CHANGING_SITUATION,en,conversational_augmented
sir... community pressure banaya ja raha hai case wapas lene,SOCIAL_COMMUNITY_PRESSURE,hinglish,conversational_augmented
he is standing right outside my door with a knife,IMMEDIATE_PHYSICAL_DANGER,hinglish,conversational_augmented
गंदी हरकतें और अश्लील इशारे कर रहा है तुरंत मदद चाहिए।,SEXUAL_VIOLENCE_HARASSMENT,hi,conversational_augmented
प्लीज... स्टॉकिंग कर रहा है लगातार नजर रख रहा है क्या आप सुन रहे हैं?,STALKING_FOLLOWING,hi,conversational_augmented
meri jaan khatre mein hai abhi ke abhi mujhe samajh nahi aa raha kya karu.,IMMEDIATE_PHYSICAL_DANGER,hinglish,conversational_augmented
मैं बहुत परेशान हूं... मुझे कानूनी सलाह और वकील की मदद चाहिए,REQUEST_COUNSELLING_LEGAL_MEDICAL,hi,conversational_augmented
मैं बहुत परेशान हूं... अश्लील बातें और फोटो भेज रहा है,SEXUAL_VIOLENCE_HARASSMENT,hi,conversational_augmented
alert the local police station for immediate response are you listening?,REQUEST_POLICE_EMERGENCY_HELP,en,conversational_augmented
Hello... he is forcing me to pay large sums of money,COERCION_BLACKMAIL,en,conversational_augmented
please... ghar me elderly parents hain jo bedridden hain,CHILD_ELDERLY_DISABILITY_VULNERABILITY,hinglish,conversational_augmented
mai bohot pareshan hu... mob bahar khadi hai attack karne ke liye mujhe samajh nahi aa raha kya karu.,IMMEDIATE_PHYSICAL_DANGER,hinglish,conversational_augmented
Hello... I don't know the exact landmark around me,UNCERTAINTY_UNCLEAR_INFO,en,conversational_augmented
someone is trying to break into my house right now,IMMEDIATE_PHYSICAL_DANGER,en,direct_seed
Hello... he warned that no one can save me from him please send police now.,THREAT_INTIMIDATION,en,conversational_augmented
Officer... there is an armed man outside my apartment,IMMEDIATE_PHYSICAL_DANGER,en,conversational_augmented
कृपया ध्यान दीजिए... विरोधाभासी बातें हो रही हैं यहां माहौल अस्थिर है,CONTRADICTORY_CHANGING_SITUATION,hi,conversational_augmented
कृपया ध्यान दीजिए... बच्चे बहुत सहमे हुए हैं डर से मुझे समझ नहीं आ रहा क्या करूं।,FEAR_DISTRESS_PANIC,hi,conversational_augmented
ghar se nikal diya hai road par khadi hu,NO_SAFE_PLACE_HOMELESSNESS,hinglish,conversational_augmented
अरे... वो मुझे ब्लैकमेल कर रहा है पैसों के लिए मैं सच कह रहा हूं।,COERCION_BLACKMAIL,hi,conversational_augmented
listen... roz ghar ke bahar khada rehta hai bike leke,STALKING_FOLLOWING,hinglish,conversational_augmented
रास्ते में रोक कर गलत तरीके से हाथ पकड़ा,SEXUAL_VIOLENCE_HARASSMENT,hi,conversational_augmented
अब इस दर्द को और नहीं सह सकती,SELF_HARM_CONCERN,hi,direct_seed
प्लीज... पुलिस आ गई है अब स्थिति नियंत्रण में है मुझे समझ नहीं आ रहा क्या करूं।,CURRENT_SAFETY_REASSURANCE,hi,conversational_augmented
mai bohot pareshan hu... panchayat ne social boycott announce kar diya hamara mai sach bol raha hu.,SOCIAL_COMMUNITY_PRESSURE,hinglish,conversational_augmented
Ma'am... I have no family or friends in this city to turn to,ISOLATION_NO_SUPPORT,en,conversational_augmented
लीगल एड और कोर्ट प्रक्रिया की जानकारी चाहिए क्या आप सुन रहे हैं?,REQUEST_COUNSELLING_LEGAL_MEDICAL,hi,conversational_augmented
I need urgent help... he physically assaulted me and I am injured,PHYSICAL_VIOLENCE_INJURY,en,conversational_augmented
मुझे थेरेपिस्ट से काउंसलिंग की जरूरत है मुझे समझ नहीं आ रहा क्या करूं।,REQUEST_COUNSELLING_LEGAL_MEDICAL,hi,conversational_augmented
Excuse me... he explicitly threatened to harm my children please send police now.,THREAT_INTIMIDATION,en,conversational_augmented
mai bohot pareshan hu... in-laws dowry ke liye mentally aur physically abuse kar rahe hain please madad karo.,DOMESTIC_FAMILY_VIOLENCE,hinglish,conversational_augmented
Excuse me... I don't know the exact landmark around me,UNCERTAINTY_UNCLEAR_INFO,en,conversational_augmented
listen... community pressure banaya ja raha hai case wapas lene send help immediately.,SOCIAL_COMMUNITY_PRESSURE,hinglish,conversational_augmented
my elderly parents are bedridden and cannot escape please do something quickly.,CHILD_ELDERLY_DISABILITY_VULNERABILITY,en,conversational_augmented
I am a victim of severe domestic violence at home,DOMESTIC_FAMILY_VIOLENCE,en,conversational_augmented
मेरी बात सुनिए... मुझे ठीक से याद नहीं आ रहा क्या हुआ था,UNCERTAINTY_UNCLEAR_INFO,hi,conversational_augmented
नमस्ते... खिड़की से घुसने की कोशिश कर रहा है तुरंत मदद चाहिए।,IMMEDIATE_PHYSICAL_DANGER,hi,conversational_augmented
हमला करके मुझे नीचे गिरा दिया मैं सच कह रहा हूं।,PHYSICAL_VIOLENCE_INJURY,hi,conversational_augmented
unpredictable behaviour hai situation continuously changing,CONTRADICTORY_CHANGING_SITUATION,hinglish,direct_seed
अरे... बहुत उलझन में हूं सही जानकारी नहीं दे पा रही प्लीज कुछ कीजिए।,UNCERTAINTY_UNCLEAR_INFO,hi,conversational_augmented
Officer... we are facing intense community ostracization and pressure are you listening?,SOCIAL_COMMUNITY_PRESSURE,en,conversational_augmented
confused state me hu exact time nahi pata,UNCERTAINTY_UNCLEAR_INFO,hinglish,conversational_augmented
Hello... Operator: Please state your district and contact details,NEUTRAL_NO_INDICATOR,en,conversational_augmented
I need urgent help... someone is stalking and following me every day please send police now.,STALKING_FOLLOWING,en,conversational_augmented
प्लीज... हमला करने आ रहा है अभी,IMMEDIATE_PHYSICAL_DANGER,hi,conversational_augmented
मेरे साथ भेदभाव कर रहे हैं और नीची जाति बोल रहे हैं,DISCRIMINATION_CASTE_VULNERABILITY,hi,direct_seed
बुजुर्ग माता-पिता हैं जो चलने में असमर्थ हैं तुरंत मदद चाहिए।,CHILD_ELDERLY_DISABILITY_VULNERABILITY,hi,conversational_augmented
no safe place to sleep tonight stranded on footpath mai sach bol raha hu.,NO_SAFE_PLACE_HOMELESSNESS,hinglish,conversational_augmented
प्लीज... कहा अगर पैसे नहीं दिए तो बदनाम कर दूंगा तुरंत मदद चाहिए।,COERCION_BLACKMAIL,hi,conversational_augmented
he follows me everywhere I go,STALKING_FOLLOWING,hinglish,conversational_augmented
suniye... forcing me to give money through blackmail kya aap sun rahe ho?,COERCION_BLACKMAIL,hinglish,conversational_augmented
Please listen... danger has passed and I am in a secure shelter,CURRENT_SAFETY_REASSURANCE,en,conversational_augmented
मैं बहुत परेशान हूं... उसने मुझे गलत तरीके से छुआ प्लीज कुछ कीजिए।,SEXUAL_VIOLENCE_HARASSMENT,hi,conversational_augmented
Please hear me... I was threatened by an armed individual please do something quickly.,THREAT_INTIMIDATION,en,conversational_augmented
Excuse me... the information is hazy and I cannot be sure,UNCERTAINTY_UNCLEAR_INFO,en,conversational_augmented
arre... tracking my daily movements and clicking photos mai sach bol raha hu.,STALKING_FOLLOWING,hinglish,conversational_augmented
suniye... heavy bleeding ho rahi hai ambulance chahiye turant,MEDICAL_EMERGENCY,hinglish,conversational_augmented
urgent hai... khatre me hu please send police right now send help immediately.,IMMEDIATE_PHYSICAL_DANGER,hinglish,conversational_augmented
listen... inappropriate physical contact kiya forcefully jaldi kuch kijiye.,SEXUAL_VIOLENCE_HARASSMENT,hinglish,conversational_augmented
help kijiye... pregnant lady hai ghar pe aur small kids hain,CHILD_ELDERLY_DISABILITY_VULNERABILITY,hinglish,conversational_augmented
arre... blackmail kar raha hai ki social media par daal dega jaldi kuch kijiye.,COERCION_BLACKMAIL,hinglish,conversational_augmented
ab sab normal hai danger pass ho gaya hai mujhe samajh nahi aa raha kya karu.,CURRENT_SAFETY_REASSURANCE,hinglish,conversational_augmented
help kijiye... and describe kar rahe the mere saath discriminate kar rahe the,DISCRIMINATION_CASTE_VULNERABILITY,hinglish,conversational_augmented
नमस्ते... धमकी दे रहा है कि पूरे परिवार को खत्म कर देगा तुरंत मदद चाहिए।,THREAT_INTIMIDATION,hi,conversational_augmented
सुरक्षा दीजिए हमें पुलिस की सख्त जरूरत है,REQUEST_POLICE_EMERGENCY_HELP,hi,conversational_augmented
Please listen... I am dreading what might happen next I don't know what to do.,FEAR_DISTRESS_PANIC,en,conversational_augmented
अरे... मुझे जान से मारने की धमकियां मिल रही हैं मैं सच कह रहा हूं।,THREAT_INTIMIDATION,hi,conversational_augmented
situation control me hai tension ki baat nahi hai mujhe samajh nahi aa raha kya karu.,CURRENT_SAFETY_REASSURANCE,hinglish,conversational_augmented
mujhe exact location yaad nahi aa rahi confuse hu,UNCERTAINTY_UNCLEAR_INFO,hinglish,direct_seed
मेरी बात सुनिए... हमला करने आ रहा है अभी,IMMEDIATE_PHYSICAL_DANGER,hi,conversational_augmented
my in-laws are torturing me over dowry demands,DOMESTIC_FAMILY_VIOLENCE,en,conversational_augmented
"नमस्ते, राष्ट्रीय हेल्पलाइन 14566 में आपका स्वागत है क्या आप सुन रहे हैं?",NEUTRAL_NO_INDICATOR,hi,conversational_augmented
तुरंत एम्बुलेंस भेजिए मरीज की हालत गंभीर है मुझे समझ नहीं आ रहा क्या करूं।,MEDICAL_EMERGENCY,hi,conversational_augmented
urgent hai... usne mujhe koi dhmki nahi di hai jaldi kuch kijiye.,NEUTRAL_NO_INDICATOR,hinglish,conversational_augmented
"namaste, NHAA helpline me aapka swagat hai",NEUTRAL_NO_INDICATOR,hinglish,conversational_augmented
मुझे थेरेपिस्ट से काउंसलिंग की जरूरत है जल्दी पुलिस भेजिए।,REQUEST_COUNSELLING_LEGAL_MEDICAL,hi,conversational_augmented
my elderly parents are bedridden and cannot escape please help immediately.,CHILD_ELDERLY_DISABILITY_VULNERABILITY,en,conversational_augmented
listen... legal advice and free legal aid lawyer chahiye mujhe samajh nahi aa raha kya karu.,REQUEST_COUNSELLING_LEGAL_MEDICAL,hinglish,conversational_augmented
सर... तुरंत एम्बुलेंस भेजिए मरीज की हालत गंभीर है जल्दी पुलिस भेजिए।,MEDICAL_EMERGENCY,hi,conversational_augmented
sasural wale roz taane dete hain aur maarte hain,DOMESTIC_FAMILY_VIOLENCE,hinglish,direct_seed
I have no reason to stay alive,SELF_HARM_CONCERN,en,conversational_augmented
सुनिए... निचली जाति का बोलकर मंदिर में जाने से रोका तुरंत मदद चाहिए।,DISCRIMINATION_CASTE_VULNERABILITY,hi,conversational_augmented
I am facing continuous sexual harassment at workplace please help immediately.,SEXUAL_VIOLENCE_HARASSMENT,en,conversational_augmented
they used derogatory casteist slurs against me publicly,DISCRIMINATION_CASTE_VULNERABILITY,en,conversational_augmented
हेल्प कीजिए... जाति के नाम पर मुझे प्रताड़ित किया जा रहा है क्या आप सुन रहे हैं?,DISCRIMINATION_CASTE_VULNERABILITY,hi,conversational_augmented
अरे... कोई डरने की बात नहीं है जल्दी पुलिस भेजिए।,NEUTRAL_NO_INDICATOR,hi,conversational_augmented
मुझे कोई खतरा नहीं है मैं सिर्फ सामान्य पूछताछ कर रहा हूं मुझे समझ नहीं आ रहा क्या करूं।,NEUTRAL_NO_INDICATOR,hi,conversational_augmented
hello... entire village mob is pressurizing our family,SOCIAL_COMMUNITY_PRESSURE,hinglish,conversational_augmented
"नमस्ते, राष्ट्रीय हेल्पलाइन 14566 में आपका स्वागत है तुरंत मदद चाहिए।",NEUTRAL_NO_INDICATOR,hi,conversational_augmented
Sir... he is attempting to force his way inside are you listening?,IMMEDIATE_PHYSICAL_DANGER,en,conversational_augmented
हेल्प कीजिए... मेरी निजी तस्वीरें वायरल करने की धमकी दे रहा है प्लीज कुछ कीजिए।,COERCION_BLACKMAIL,hi,conversational_augmented
the victim is a differently-abled person unable to run are you listening?,CHILD_ELDERLY_DISABILITY_VULNERABILITY,en,conversational_augmented
please... sometimes calm sometimes suddenly attacks again jaldi kuch kijiye.,CONTRADICTORY_CHANGING_SITUATION,hinglish,conversational_augmented
sir... darr lag raha hai ki kuch galat na ho jaye mai sach bol raha hu.,FEAR_DISTRESS_PANIC,hinglish,conversational_augmented
madam... kehta hai tera murder kar dunga mujhe samajh nahi aa raha kya karu.,THREAT_INTIMIDATION,hinglish,conversational_augmented
कोई कई दिनों से मेरा पीछा कर रहा है प्लीज कुछ कीजिए।,STALKING_FOLLOWING,hi,conversational_augmented
I need urgent help... community elders are pressurizing us to withdraw the complaint I am telling the truth.,SOCIAL_COMMUNITY_PRESSURE,en,conversational_augmented
सुनिए... मजबूर कर रहा है गैरकानूनी काम करने के लिए प्लीज कुछ कीजिए।,COERCION_BLACKMAIL,hi,conversational_augmented
Hello... we were forcibly evicted and have no place to go I don't know what to do.,NO_SAFE_PLACE_HOMELESSNESS,en,conversational_augmented
they used derogatory casteist slurs against me publicly,DISCRIMINATION_CASTE_VULNERABILITY,en,conversational_augmented
the patient is unconscious and unable to breathe,MEDICAL_EMERGENCY,en,conversational_augmented
Hello... my elderly parents are bedridden and cannot escape I am telling the truth.,CHILD_ELDERLY_DISABILITY_VULNERABILITY,en,conversational_augmented
स्टॉकिंग कर रहा है लगातार नजर रख रहा है,STALKING_FOLLOWING,hi,direct_seed
in-laws dowry ke liye mentally aur physically abuse kar rahe hain,DOMESTIC_FAMILY_VIOLENCE,hinglish,conversational_augmented
कृपया ध्यान दीजिए... सांस लेने में बहुत तकलीफ हो रही है बेहोश हो रहे हैं क्या आप सुन रहे हैं?,MEDICAL_EMERGENCY,hi,conversational_augmented
अरे... पीसीआर वैन को अलर्ट करके भेजो जल्दी तुरंत मदद चाहिए।,REQUEST_POLICE_EMERGENCY_HELP,hi,conversational_augmented
नमस्ते... मुक्के और लातों से मारपीट की गई मैं सच कह रहा हूं।,PHYSICAL_VIOLENCE_INJURY,hi,conversational_augmented
दलित होने के कारण कुएं से पानी नहीं भरने दिया जल्दी पुलिस भेजिए।,DISCRIMINATION_CASTE_VULNERABILITY,hi,conversational_augmented
he made vulgar sexual gestures and touched me,SEXUAL_VIOLENCE_HARASSMENT,en,conversational_augmented
अरे... काउंसलर से बात करा दीजिए मानसिक तनाव के लिए,REQUEST_COUNSELLING_LEGAL_MEDICAL,hi,conversational_augmented
darwaza todne ki koshish kar raha hai,IMMEDIATE_PHYSICAL_DANGER,hinglish,direct_seed
Please hear me... he attacked me with a blade and cut my arm I am telling the truth.,PHYSICAL_VIOLENCE_INJURY,en,conversational_augmented
उसने मेरा गला दबाने की कोशिश की मुझे समझ नहीं आ रहा क्या करूं।,PHYSICAL_VIOLENCE_INJURY,hi,conversational_augmented
Ma'am... I have reached a safe and secure location are you listening?,CURRENT_SAFETY_REASSURANCE,en,conversational_augmented
darr lag raha hai ki kuch galat na ho jaye mai sach bol raha hu.,FEAR_DISTRESS_PANIC,hinglish,conversational_augmented
mai bohot pareshan hu... he was not threatening anyone it was a misunderstanding,NEUTRAL_NO_INDICATOR,hinglish,conversational_augmented
मैं यहां बिल्कुल अकेली हूं कोई मदद करने वाला नहीं,ISOLATION_NO_SUPPORT,hi,direct_seed
entire village mob is pressurizing our family send help immediately.,SOCIAL_COMMUNITY_PRESSURE,hinglish,conversational_augmented
Excuse me... he attempted to sexually assault me,SEXUAL_VIOLENCE_HARASSMENT,en,conversational_augmented
mai bohot zyada scared hu,FEAR_DISTRESS_PANIC,hinglish,direct_seed
हेल्प कीजिए... कोई डरने की बात नहीं है मैं सच कह रहा हूं।,NEUTRAL_NO_INDICATOR,hi,conversational_augmented
suniye... bahar khada hai gaaliyan de raha hai please madad karo.,IMMEDIATE_PHYSICAL_DANGER,hinglish,conversational_augmented
please... reached inside police thana now totally safe mai sach bol raha hu.,CURRENT_SAFETY_REASSURANCE,hinglish,conversational_augmented
यौन उत्पीड़न की शिकायत दर्ज करानी है,SEXUAL_VIOLENCE_HARASSMENT,hi,conversational_augmented
arre... ghar me elderly parents hain jo bedridden hain,CHILD_ELDERLY_DISABILITY_VULNERABILITY,hinglish,conversational_augmented
Ma'am... he keeps watching my house and tracking my schedule please do something quickly.,STALKING_FOLLOWING,en,conversational_augmented
Sir... alert the local police station for immediate response are you listening?,REQUEST_POLICE_EMERGENCY_HELP,en,conversational_augmented
hello... entire village mob is pressurizing our family jaldi kuch kijiye.,SOCIAL_COMMUNITY_PRESSURE,hinglish,conversational_augmented
मेरी बात सुनिए... पूरे गांव और पंचायत ने हमारा बहिष्कार कर दिया है मैं सच कह रहा हूं।,SOCIAL_COMMUNITY_PRESSURE,hi,conversational_augmented
Officer... he is blackmailing me with private photographs please send police now.,COERCION_BLACKMAIL,en,conversational_augmented
हर जगह मेरा पीछा करके वीडियो बनाता है,STALKING_FOLLOWING,hi,direct_seed
Please hear me... I have reached a safe and secure location please help immediately.,CURRENT_SAFETY_REASSURANCE,en,conversational_augmented
I need urgent help... he threatened to burn everything down,THREAT_INTIMIDATION,en,conversational_augmented
we are facing intense community ostracization and pressure please help immediately.,SOCIAL_COMMUNITY_PRESSURE,en,conversational_augmented
I am so scared right now,FEAR_DISTRESS_PANIC,en,direct_seed
mai bohot pareshan hu... advocate ki sahayata chahiye grievance file karne me,REQUEST_COUNSELLING_LEGAL_MEDICAL,hinglish,conversational_augmented
Excuse me... please send a PCR emergency van right away,REQUEST_POLICE_EMERGENCY_HELP,en,conversational_augmented
पीसीआर वैन को अलर्ट करके भेजो जल्दी प्लीज कुछ कीजिए।,REQUEST_POLICE_EMERGENCY_HELP,hi,conversational_augmented
help kijiye... cannot bear this emotional pain anymore want to die,SELF_HARM_CONCERN,hinglish,conversational_augmented
my family members are physically abusing me,DOMESTIC_FAMILY_VIOLENCE,en,direct_seed
I have nowhere to go and nobody to call for assistance,ISOLATION_NO_SUPPORT,en,conversational_augmented
Help me... I would like to speak to a psychological counselor,REQUEST_COUNSELLING_LEGAL_MEDICAL,en,conversational_augmented
मेरी बात सुनिए... नाबालिग बच्ची की सुरक्षा को लेकर बहुत चिंता है मुझे समझ नहीं आ रहा क्या करूं।,CHILD_ELDERLY_DISABILITY_VULNERABILITY,hi,conversational_augmented
सुनिए... समाज में बदनाम करने की साजिश हो रही है जल्दी पुलिस भेजिए।,SOCIAL_COMMUNITY_PRESSURE,hi,conversational_augmented
I cannot continue living like this are you listening?,SELF_HARM_CONCERN,en,conversational_augmented
नमस्ते... उसने मेरा गला दबाने की कोशिश की प्लीज कुछ कीजिए।,PHYSICAL_VIOLENCE_INJURY,hi,conversational_augmented
नमस्ते... पता नहीं कौन था और क्या जगह थी तुरंत मदद चाहिए।,UNCERTAINTY_UNCLEAR_INFO,hi,conversational_augmented
mai bohot pareshan hu... need mental health counselling and legal guidance mujhe samajh nahi aa raha kya karu.,REQUEST_COUNSELLING_LEGAL_MEDICAL,hinglish,conversational_augmented
मैडम... रो-रो कर बुरा हाल है बहुत डर है,FEAR_DISTRESS_PANIC,hi,conversational_augmented
madam... sasural me roz torture kiya ja raha hai mujhe samajh nahi aa raha kya karu.,DOMESTIC_FAMILY_VIOLENCE,hinglish,conversational_augmented
मेरी बात सुनिए... मैं पुलिस स्टेशन पहुंच चुका हूं और सेफ हूं जल्दी पुलिस भेजिए।,CURRENT_SAFETY_REASSURANCE,hi,conversational_augmented
बुजुर्ग माता-पिता हैं जो चलने में असमर्थ हैं क्या आप सुन रहे हैं?,CHILD_ELDERLY_DISABILITY_VULNERABILITY,hi,conversational_augmented
प्लीज... अभी मैं सेफ जगह पर पहुंच गई हूं,CURRENT_SAFETY_REASSURANCE,hi,conversational_augmented
कोई सहारा नहीं है बिल्कुल बेसहारा हूं,ISOLATION_NO_SUPPORT,hi,direct_seed
hello... koi sath nahi de raha sabne contact tod diya send help immediately.,ISOLATION_NO_SUPPORT,hinglish,conversational_augmented
suniye... he did not threaten me kya aap sun rahe ho?,NEUTRAL_NO_INDICATOR,hinglish,conversational_augmented
listen... apne aap ko hurt karne ka man kar raha hai,SELF_HARM_CONCERN,hinglish,conversational_augmented
confused state me hu exact time nahi pata,UNCERTAINTY_UNCLEAR_INFO,hinglish,conversational_augmented
I cannot clearly recall the exact details or location,UNCERTAINTY_UNCLEAR_INFO,en,direct_seed
I need urgent help... I have multiple bruises and cuts on my body I don't know what to do.,PHYSICAL_VIOLENCE_INJURY,en,conversational_augmented
bohot dar lag raha hai please help jaldi kuch kijiye.,FEAR_DISTRESS_PANIC,hinglish,conversational_augmented
मेरी बात सुनिए... पहले लगा कि सब ठीक है लेकिन अचानक फिर झगड़ा शुरू हो गया प्लीज कुछ कीजिए।,CONTRADICTORY_CHANGING_SITUATION,hi,conversational_augmented
प्लीज... वो हथियार लेकर बाहर खड़ा है तुरंत मदद चाहिए।,IMMEDIATE_PHYSICAL_DANGER,hi,conversational_augmented
Ma'am... requesting immediate emergency police dispatch please help immediately.,REQUEST_POLICE_EMERGENCY_HELP,en,conversational_augmented
Please hear me... the information is hazy and I cannot be sure please do something quickly.,UNCERTAINTY_UNCLEAR_INFO,en,conversational_augmented
Please listen... a minor child is trapped inside facing grave risk I am telling the truth.,CHILD_ELDERLY_DISABILITY_VULNERABILITY,en,conversational_augmented
I need urgent help... community elders are pressurizing us to withdraw the complaint please do something quickly.,SOCIAL_COMMUNITY_PRESSURE,en,conversational_augmented
gandi batein karke harass kar raha hai mujhe samajh nahi aa raha kya karu.,SEXUAL_VIOLENCE_HARASSMENT,hinglish,conversational_augmented
urgent hai... unpredictable behaviour hai situation continuously changing mujhe samajh nahi aa raha kya karu.,CONTRADICTORY_CHANGING_SITUATION,hinglish,conversational_augmented
arre... meri jan khatre mein hai abhi ke abhi mujhe samajh nahi aa raha kya karu.,IMMEDIATE_PHYSICAL_DANGER,hinglish,conversational_augmented
marpeet karke fractured my arm,PHYSICAL_VIOLENCE_INJURY,hinglish,conversational_augmented
मेरी बात सुनिए... पति रोज शराब पीकर मारपीट करता है,DOMESTIC_FAMILY_VIOLENCE,hi,conversational_augmented
he did not try to harm or intimidate me please do something quickly.,NEUTRAL_NO_INDICATOR,en,conversational_augmented
Hello... I feel like committing suicide,SELF_HARM_CONCERN,en,conversational_augmented
darr lag raha hai ki kuch galat na ho jaye,FEAR_DISTRESS_PANIC,hinglish,direct_seed
Hello... there is an armed man outside my apartment please help immediately.,IMMEDIATE_PHYSICAL_DANGER,en,conversational_augmented
husband roz daaru peeke marpeet karta hai kya aap sun rahe ho?,DOMESTIC_FAMILY_VIOLENCE,hinglish,conversational_augmented
Excuse me... I am seriously injured and bleeding I am telling the truth.,PHYSICAL_VIOLENCE_INJURY,en,conversational_augmented
सांस लेने में बहुत तकलीफ हो रही है बेहोश हो रहे हैं,MEDICAL_EMERGENCY,hi,conversational_augmented
Help me... he made vulgar sexual gestures and touched me,SEXUAL_VIOLENCE_HARASSMENT,en,conversational_augmented
कृपया ध्यान दीजिए... कृपया अपनी शिकायत की श्रेणी और जिला बताइए तुरंत मदद चाहिए।,NEUTRAL_NO_INDICATOR,hi,conversational_augmented
यौन उत्पीड़न की शिकायत दर्ज करानी है मुझे समझ नहीं आ रहा क्या करूं।,SEXUAL_VIOLENCE_HARASSMENT,hi,conversational_augmented
Hello... initially it seemed resolved but suddenly violence flared up again I am telling the truth.,CONTRADICTORY_CHANGING_SITUATION,en,conversational_augmented
I am scared because he is outside my house,IMMEDIATE_PHYSICAL_DANGER,en,conversational_augmented
मैडम... रहने का कोई ठिकाना नहीं है बेघर हो गई हूं,NO_SAFE_PLACE_HOMELESSNESS,hi,conversational_augmented
सुनिए... पता नहीं कौन था और क्या जगह थी मुझे समझ नहीं आ रहा क्या करूं।,UNCERTAINTY_UNCLEAR_INFO,hi,conversational_augmented
पहले लगा कि सब ठीक है लेकिन अचानक फिर झगड़ा शुरू हो गया मुझे समझ नहीं आ रहा क्या करूं।,CONTRADICTORY_CHANGING_SITUATION,hi,conversational_augmented
meri jaan khatre mein hai abhi ke abhi,IMMEDIATE_PHYSICAL_DANGER,hinglish,direct_seed
I was sexually harassed on my way home please do something quickly.,SEXUAL_VIOLENCE_HARASSMENT,en,conversational_augmented
हेल्प कीजिए... मुझे कानूनी सलाह और वकील की मदद चाहिए,REQUEST_COUNSELLING_LEGAL_MEDICAL,hi,conversational_augmented
Hello... a strange man follows me from the bus stop to my house please help immediately.,STALKING_FOLLOWING,en,conversational_augmented
wo log mere sath bhed bhav aur chhuachhoot kar rahe hain,DISCRIMINATION_CASTE_VULNERABILITY,hinglish,direct_seed
blakmail karke mental torture de raha hai jaldi kuch kijiye.,COERCION_BLACKMAIL,hinglish,conversational_augmented
help kijiye... usne mujhe bohot mara hai bleeding ho rahi hai kya aap sun rahe ho?,PHYSICAL_VIOLENCE_INJURY,hinglish,conversational_augmented
arre... ghar se nikal diya hai road par khadi hu send help immediately.,NO_SAFE_PLACE_HOMELESSNESS,hinglish,conversational_augmented
listen... ghar se nikal diya hai road par khadi hu,NO_SAFE_PLACE_HOMELESSNESS,hinglish,conversational_augmented
please... mohalla wale milkar harrass kar rahe hain,SOCIAL_COMMUNITY_PRESSURE,hinglish,conversational_augmented
Please listen... my elderly parents are bedridden and cannot escape,CHILD_ELDERLY_DISABILITY_VULNERABILITY,en,conversational_augmented
arre... roz threatening messages bhej raha hai,THREAT_INTIMIDATION,hinglish,conversational_augmented
heavy bleeding ho rahi hai ambulance chahiye turant kya aap sun rahe ho?,MEDICAL_EMERGENCY,hinglish,conversational_augmented
Help me... I have multiple bruises and cuts on my body please send police now.,PHYSICAL_VIOLENCE_INJURY,en,conversational_augmented
मुझे ठीक से याद नहीं आ रहा क्या हुआ था,UNCERTAINTY_UNCLEAR_INFO,hi,conversational_augmented
कभी वो शांत हो जाता है कभी अचानक हमला कर देता है मैं सच कह रहा हूं।,CONTRADICTORY_CHANGING_SITUATION,hi,conversational_augmented
mai bohot pareshan hu... chest pain aur breathing difficulty ho rahi hai mujhe samajh nahi aa raha kya karu.,MEDICAL_EMERGENCY,hinglish,conversational_augmented
Please listen... the victim is a differently-abled person unable to run,CHILD_ELDERLY_DISABILITY_VULNERABILITY,en,conversational_augmented
हमला करके मुझे नीचे गिरा दिया जल्दी पुलिस भेजिए।,PHYSICAL_VIOLENCE_INJURY,hi,conversational_augmented
हेल्प कीजिए... मैं अब और जीना नहीं चाहती,SELF_HARM_CONCERN,hi,conversational_augmented
I need urgent help... my husband beats me violently every day I don't know what to do.,DOMESTIC_FAMILY_VIOLENCE,en,conversational_augmented
Ma'am... someone threatened me are you listening?,THREAT_INTIMIDATION,en,conversational_augmented
उसने मुझे गलत तरीके से छुआ,SEXUAL_VIOLENCE_HARASSMENT,hi,direct_seed
mai bohot pareshan hu... he follows me everywhere I go,STALKING_FOLLOWING,hinglish,conversational_augmented
I am stranded and all alone in this situation are you listening?,ISOLATION_NO_SUPPORT,en,conversational_augmented
"Please hear me... I am at the police station right now, completely safe please help immediately.",CURRENT_SAFETY_REASSURANCE,en,conversational_augmented
need mental health counselling and legal guidance,REQUEST_COUNSELLING_LEGAL_MEDICAL,hinglish,conversational_augmented
जबरदस्ती करने की कोशिश की उसने जल्दी पुलिस भेजिए।,SEXUAL_VIOLENCE_HARASSMENT,hi,conversational_augmented
I was punched and kicked repeatedly I am telling the truth.,PHYSICAL_VIOLENCE_INJURY,en,conversational_augmented
नमस्ते... रोज मेरे कॉलेज के बाहर खड़ा रहता है,STALKING_FOLLOWING,hi,conversational_augmented
"I am completely safe now, police have arrived please send police now.",CURRENT_SAFETY_REASSURANCE,en,conversational_augmented
listen... inappropriate physical contact kiya forcefully,SEXUAL_VIOLENCE_HARASSMENT,hinglish,conversational_augmented
Officer... there is an infant and a pregnant woman in the house please help immediately.,CHILD_ELDERLY_DISABILITY_VULNERABILITY,en,conversational_augmented
अब इस दर्द को और नहीं सह सकती क्या आप सुन रहे हैं?,SELF_HARM_CONCERN,hi,conversational_augmented
please... forced himself on me without consent,SEXUAL_VIOLENCE_HARASSMENT,hinglish,conversational_augmented
someone is banging on my door threatening to break in,IMMEDIATE_PHYSICAL_DANGER,en,direct_seed
please... pregnant lady hai ghar pe aur small kids hain please madad karo.,CHILD_ELDERLY_DISABILITY_VULNERABILITY,hinglish,conversational_augmented
usne private photos leak karne ki blackmailing shuru kar di jaldi kuch kijiye.,COERCION_BLACKMAIL,hinglish,conversational_augmented
madam... police protection chahiye urgent basis pe jaldi kuch kijiye.,REQUEST_POLICE_EMERGENCY_HELP,hinglish,conversational_augmented
Please listen... a group of village leaders is threatening our household I don't know what to do.,SOCIAL_COMMUNITY_PRESSURE,en,conversational_augmented
please... feeling like committing suicide please help mai sach bol raha hu.,SELF_HARM_CONCERN,hinglish,conversational_augmented
suniye... counsellor se baat karni hai stress relief ke liye mujhe samajh nahi aa raha kya karu.,REQUEST_COUNSELLING_LEGAL_MEDICAL,hinglish,conversational_augmented
requesting legal aid assistance for filing case please do something quickly.,REQUEST_COUNSELLING_LEGAL_MEDICAL,en,conversational_augmented
I have no family or friends in this city to turn to please help immediately.,ISOLATION_NO_SUPPORT,en,conversational_augmented
he sent non-consensual explicit photos I don't know what to do.,SEXUAL_VIOLENCE_HARASSMENT,en,conversational_augmented
mai bohot pareshan hu... husband locked me in the room without food,DOMESTIC_FAMILY_VIOLENCE,hinglish,conversational_augmented
Sir... alert the local police station for immediate response are you listening?,REQUEST_POLICE_EMERGENCY_HELP,en,conversational_augmented
listen... mere saath discriminate kiya ja raha hai jaldi kuch kijiye.,DISCRIMINATION_CASTE_VULNERABILITY,hinglish,conversational_augmented
मैडम... तुरंत पुलिस भेजिए यहां बहुत जरूरी है क्या आप सुन रहे हैं?,REQUEST_POLICE_EMERGENCY_HELP,hi,conversational_augmented
arre... mohalla wale milkar harrass kar rahe hain mujhe samajh nahi aa raha kya karu.,SOCIAL_COMMUNITY_PRESSURE,hinglish,conversational_augmented
Ma'am... I am stranded and all alone in this situation are you listening?,ISOLATION_NO_SUPPORT,en,conversational_augmented
Ma'am... the local panchayat has ordered a complete social boycott,SOCIAL_COMMUNITY_PRESSURE,en,conversational_augmented
he sent non-consensual explicit photos,SEXUAL_VIOLENCE_HARASSMENT,en,direct_seed
arre... community pressure banaya ja raha hai case wapas lene send help immediately.,SOCIAL_COMMUNITY_PRESSURE,hinglish,conversational_augmented
भेदभाव कर रहे हैं और अपमानजनक शब्द बोल रहे हैं क्या आप सुन रहे हैं?,DISCRIMINATION_CASTE_VULNERABILITY,hi,conversational_augmented
in-laws dowry ke liye mentally aur physically abuse kar rahe hain,DOMESTIC_FAMILY_VIOLENCE,hinglish,conversational_augmented
प्लीज... खतरा टल चुका है अब कोई डर नहीं है तुरंत मदद चाहिए।,CURRENT_SAFETY_REASSURANCE,hi,conversational_augmented
I have been thrown out of my house onto the street,NO_SAFE_PLACE_HOMELESSNESS,en,conversational_augmented
मुझे पुलिस सुरक्षा की तुरंत आवश्यकता है,REQUEST_POLICE_EMERGENCY_HELP,hi,direct_seed
"I need urgent help... I need an ambulance immediately, severe bleeding",MEDICAL_EMERGENCY,en,conversational_augmented
Please listen... I have no safe shelter or roof over my head tonight,NO_SAFE_PLACE_HOMELESSNESS,en,conversational_augmented
mujhe exact location yaad nahi aa rahi confuse hu,UNCERTAINTY_UNCLEAR_INFO,hinglish,conversational_augmented
मैडम... मुझे ठीक से याद नहीं आ रहा क्या हुआ था,UNCERTAINTY_UNCLEAR_INFO,hi,conversational_augmented
a strange man follows me from the bus stop to my house please send police now.,STALKING_FOLLOWING,en,conversational_augmented
प्लीज... मैं सिर्फ योजना के बारे में जानकारी लेना चाहता हूं मैं सच कह रहा हूं।,NEUTRAL_NO_INDICATOR,hi,conversational_augmented
कृपया ध्यान दीजिए... जबरदस्ती करने की कोशिश की उसने क्या आप सुन रहे हैं?,SEXUAL_VIOLENCE_HARASSMENT,hi,conversational_augmented
मेरी बात सुनिए... हम सिर्फ फिल्म की कहानी पर चर्चा कर रहे थे,NEUTRAL_NO_INDICATOR,hi,conversational_augmented
"namaste, NHAA helpline me aapka swagat hai mai sach bol raha hu.",NEUTRAL_NO_INDICATOR,hinglish,conversational_augmented
Ma'am... the information is hazy and I cannot be sure I don't know what to do.,UNCERTAINTY_UNCLEAR_INFO,en,conversational_augmented
listen... apni jaan le lungi agar aisa hi chalta raha,SELF_HARM_CONCERN,hinglish,conversational_augmented
मैं बहुत परेशान हूं... समाज में बदनाम करने की साजिश हो रही है मैं सच कह रहा हूं।,SOCIAL_COMMUNITY_PRESSURE,hi,conversational_augmented
सुनिए... कन्फ्यूज हूं शायद कल या परसों की बात है मुझे समझ नहीं आ रहा क्या करूं।,UNCERTAINTY_UNCLEAR_INFO,hi,conversational_augmented
want to end my life bohot pareshan hu,SELF_HARM_CONCERN,hinglish,conversational_augmented
Help me... initially it seemed resolved but suddenly violence flared up again,CONTRADICTORY_CHANGING_SITUATION,en,conversational_augmented
मैं अब और जीना नहीं चाहती,SELF_HARM_CONCERN,hi,conversational_augmented
sir... he was not threatening anyone it was a misunderstanding send help immediately.,NEUTRAL_NO_INDICATOR,hinglish,conversational_augmented
मैं बहुत टूट चुकी हूं मर जाना चाहती हूं,SELF_HARM_CONCERN,hi,direct_seed
a strange man follows me from the bus stop to my house,STALKING_FOLLOWING,en,conversational_augmented
obscene photos and messages bhej raha hai,SEXUAL_VIOLENCE_HARASSMENT,hinglish,direct_seed
Ma'am... my elderly parents are bedridden and cannot escape,CHILD_ELDERLY_DISABILITY_VULNERABILITY,en,conversational_augmented
Please listen... requesting legal aid assistance for filing case please do something quickly.,REQUEST_COUNSELLING_LEGAL_MEDICAL,en,conversational_augmented
सर... he threatened me but I am safe now प्लीज कुछ कीजिए।,CURRENT_SAFETY_REASSURANCE,hi,conversational_augmented
अरे... किराए के कमरे से जबरन सामान फेंक कर निकाल दिया प्लीज कुछ कीजिए।,NO_SAFE_PLACE_HOMELESSNESS,hi,conversational_augmented
सुनिए... पारिवारिक प्रताड़ना असहनीय हो गई है तुरंत मदद चाहिए।,DOMESTIC_FAMILY_VIOLENCE,hi,conversational_augmented
suniye... homeless ho gaye hain koi shelter nahi hai kya aap sun rahe ho?,NO_SAFE_PLACE_HOMELESSNESS,hinglish,conversational_augmented
नमस्ते... मोहल्ले के लोग मिलकर धमकी दे रहे हैं मैं सच कह रहा हूं।,SOCIAL_COMMUNITY_PRESSURE,hi,conversational_augmented
please dispatch police to my location immediately please do something quickly.,REQUEST_POLICE_EMERGENCY_HELP,en,conversational_augmented
मैडम... अपनी जान दे दूंगी मैं,SELF_HARM_CONCERN,hi,conversational_augmented
I need urgent help... he attempted to sexually assault me I am telling the truth.,SEXUAL_VIOLENCE_HARASSMENT,en,conversational_augmented
I am stranded and all alone in this situation please help immediately.,ISOLATION_NO_SUPPORT,en,conversational_augmented
woh chala gaya hai ab koi danger nahi hai mujhe samajh nahi aa raha kya karu.,CURRENT_SAFETY_REASSURANCE,hinglish,conversational_augmented
listen... mai ab jeena nahi chahta send help immediately.,SELF_HARM_CONCERN,hinglish,conversational_augmented
please dispatch police to my location immediately,REQUEST_POLICE_EMERGENCY_HELP,en,conversational_augmented
मैं बहुत परेशान हूं... मेरे साथ शारीरिक जबरदस्ती की गई,SEXUAL_VIOLENCE_HARASSMENT,hi,conversational_augmented
अरे... दिव्यांग व्यक्ति पर हमला किया गया है जल्दी पुलिस भेजिए।,CHILD_ELDERLY_DISABILITY_VULNERABILITY,hi,conversational_augmented
please dispatch police to my location immediately,REQUEST_POLICE_EMERGENCY_HELP,en,direct_seed
koi madad karne wala nahi hai bilkul akeli hu,ISOLATION_NO_SUPPORT,hinglish,direct_seed
मजबूर कर रहा है गैरकानूनी काम करने के लिए मुझे समझ नहीं आ रहा क्या करूं।,COERCION_BLACKMAIL,hi,conversational_augmented
hello... just calling to inquire about the government scheme timings mujhe samajh nahi aa raha kya karu.,NEUTRAL_NO_INDICATOR,hinglish,conversational_augmented
सुनिए... सामूहिक रूप से हम पर दबाव बनाया जा रहा है,SOCIAL_COMMUNITY_PRESSURE,hi,conversational_augmented
उसने मेरा गला दबाने की कोशिश की मुझे समझ नहीं आ रहा क्या करूं।,PHYSICAL_VIOLENCE_INJURY,hi,conversational_augmented
community pressure banaya ja raha hai case wapas lene,SOCIAL_COMMUNITY_PRESSURE,hinglish,direct_seed
want to end my life bohot pareshan hu,SELF_HARM_CONCERN,hinglish,conversational_augmented
Ma'am... he is forcing me to pay large sums of money I don't know what to do.,COERCION_BLACKMAIL,en,conversational_augmented
sir... sometimes calm sometimes suddenly attacks again please madad karo.,CONTRADICTORY_CHANGING_SITUATION,hinglish,conversational_augmented
suniye... landlord threw all luggage out on the street jaldi kuch kijiye.,NO_SAFE_PLACE_HOMELESSNESS,hinglish,conversational_augmented
I am being extorted and coerced under threat of defamation,COERCION_BLACKMAIL,en,direct_seed
मैं बहुत परेशान हूं... समाज में बदनाम करने की साजिश हो रही है मुझे समझ नहीं आ रहा क्या करूं।,SOCIAL_COMMUNITY_PRESSURE,hi,conversational_augmented
डर के मारे चीख निकल रही है,FEAR_DISTRESS_PANIC,hi,direct_seed
मेरी निजी तस्वीरें वायरल करने की धमकी दे रहा है,COERCION_BLACKMAIL,hi,conversational_augmented
a group of village leaders is threatening our household,SOCIAL_COMMUNITY_PRESSURE,en,conversational_augmented
कृपया ध्यान दीजिए... तुरंत एम्बुलेंस भेजिए मरीज की हालत गंभीर है प्लीज कुछ कीजिए।,MEDICAL_EMERGENCY,hi,conversational_augmented
मुझे ठीक से याद नहीं आ रहा क्या हुआ था,UNCERTAINTY_UNCLEAR_INFO,hi,direct_seed
नमस्ते... सामूहिक रूप से हम पर दबाव बनाया जा रहा है क्या आप सुन रहे हैं?,SOCIAL_COMMUNITY_PRESSURE,hi,conversational_augmented
he waits outside my workplace every evening watching me,STALKING_FOLLOWING,en,direct_seed
Officer... the attacker has left and there is no danger now,CURRENT_SAFETY_REASSURANCE,en,conversational_augmented
सर... मजबूर कर रहा है गैरकानूनी काम करने के लिए,COERCION_BLACKMAIL,hi,conversational_augmented
he followed my vehicle for over five kilometers I am telling the truth.,STALKING_FOLLOWING,en,conversational_augmented
Sir... he keeps watching my house and tracking my schedule please help immediately.,STALKING_FOLLOWING,en,conversational_augmented
I need urgent help... he did not try to harm or intimidate me please do something quickly.,NEUTRAL_NO_INDICATOR,en,conversational_augmented
Excuse me... I cannot calm down because of fear I don't know what to do.,FEAR_DISTRESS_PANIC,en,conversational_augmented
Help me... I am trapped in the bathroom and he is inside,IMMEDIATE_PHYSICAL_DANGER,en,conversational_augmented
मेरी निजी तस्वीरें वायरल करने की धमकी दे रहा है,COERCION_BLACKMAIL,hi,direct_seed
urgent hai... thinking of harming myself severely jaldi kuch kijiye.,SELF_HARM_CONCERN,hinglish,conversational_augmented
उसने मुझे बुरी तरह पीटा है,PHYSICAL_VIOLENCE_INJURY,hi,direct_seed
arre... pregnant lady hai ghar pe aur small kids hain please madad karo.,CHILD_ELDERLY_DISABILITY_VULNERABILITY,hinglish,conversational_augmented
I need urgent help... I am stranded and all alone in this situation I don't know what to do.,ISOLATION_NO_SUPPORT,en,conversational_augmented
dispatch 112 emergency police unit right now send help immediately.,REQUEST_POLICE_EMERGENCY_HELP,hinglish,conversational_augmented
Officer... he touched me inappropriately against my will,SEXUAL_VIOLENCE_HARASSMENT,en,conversational_augmented
Help me... we are facing intense community ostracization and pressure,SOCIAL_COMMUNITY_PRESSURE,en,conversational_augmented
please... meri jaan khatre mein hai abhi ke abhi mujhe samajh nahi aa raha kya karu.,IMMEDIATE_PHYSICAL_DANGER,hinglish,conversational_augmented
Officer... I am being extorted and coerced under threat of defamation please help immediately.,COERCION_BLACKMAIL,en,conversational_augmented
sasural wale roz taane dete hain aur maarte hain mujhe samajh nahi aa raha kya karu.,DOMESTIC_FAMILY_VIOLENCE,hinglish,conversational_augmented
sir... chest pain aur breathing difficulty ho rahi hai jaldi kuch kijiye.,MEDICAL_EMERGENCY,hinglish,conversational_augmented
हेल्प कीजिए... पता नहीं कौन था और क्या जगह थी क्या आप सुन रहे हैं?,UNCERTAINTY_UNCLEAR_INFO,hi,conversational_augmented
रहने का कोई ठिकाना नहीं है बेघर हो गई हूं,NO_SAFE_PLACE_HOMELESSNESS,hi,direct_seed
bahar khada hai gaaliyan de raha hai,IMMEDIATE_PHYSICAL_DANGER,hinglish,direct_seed
I have multiple bruises and cuts on my body please send police now.,PHYSICAL_VIOLENCE_INJURY,en,conversational_augmented
घर से निकाल दिया गया है सड़क पर बैठी हूं मैं सच कह रहा हूं।,NO_SAFE_PLACE_HOMELESSNESS,hi,conversational_augmented
darr ke maare haath kaanp rahe hain,FEAR_DISTRESS_PANIC,hinglish,direct_seed
my spouse locked me inside without water and hit me,DOMESTIC_FAMILY_VIOLENCE,en,conversational_augmented
Please listen... please dispatch police to my location immediately,REQUEST_POLICE_EMERGENCY_HELP,en,conversational_augmented
Please hear me... I was sexually harassed on my way home,SEXUAL_VIOLENCE_HARASSMENT,en,conversational_augmented
urgent hai... mujhe exact location yaad nahi aa rahi confuse hu,UNCERTAINTY_UNCLEAR_INFO,hinglish,conversational_augmented
listen... legal advice and free legal aid lawyer chahiye,REQUEST_COUNSELLING_LEGAL_MEDICAL,hinglish,conversational_augmented
दरवाजा तोड़ने की कोशिश कर रहा है कोई क्या आप सुन रहे हैं?,IMMEDIATE_PHYSICAL_DANGER,hi,conversational_augmented
help kijiye... facing continuous spousal abuse and physical cruelty jaldi kuch kijiye.,DOMESTIC_FAMILY_VIOLENCE,hinglish,conversational_augmented
minor child ki safety at high risk right now,CHILD_ELDERLY_DISABILITY_VULNERABILITY,hinglish,direct_seed
अरे... स्थिति हर पल बदल रही है कुछ समझ नहीं आ रहा,CONTRADICTORY_CHANGING_SITUATION,hi,conversational_augmented
arre... reached inside police thana now totally safe jaldi kuch kijiye.,CURRENT_SAFETY_REASSURANCE,hinglish,conversational_augmented
Officer... he is blackmailing me with private photographs are you listening?,COERCION_BLACKMAIL,en,conversational_augmented
body pe bohot injuries hain marpeet hui hai please madad karo.,PHYSICAL_VIOLENCE_INJURY,hinglish,conversational_augmented
Ma'am... we were forcibly evicted and have no place to go please help immediately.,NO_SAFE_PLACE_HOMELESSNESS,en,conversational_augmented
मेरी बात सुनिए... अश्लील बातें और फोटो भेज रहा है क्या आप सुन रहे हैं?,SEXUAL_VIOLENCE_HARASSMENT,hi,conversational_augmented
Officer... the situation is volatile and constantly shifting,CONTRADICTORY_CHANGING_SITUATION,en,conversational_augmented
घर में छोटा बच्चा और गर्भवती महिला है,CHILD_ELDERLY_DISABILITY_VULNERABILITY,hi,conversational_augmented
sir... feeling like committing suicide please help mai sach bol raha hu.,SELF_HARM_CONCERN,hinglish,conversational_augmented
urgent hai... homeless ho gaye hain koi shelter nahi hai mujhe samajh nahi aa raha kya karu.,NO_SAFE_PLACE_HOMELESSNESS,hinglish,conversational_augmented
woh ghar ke bahar khada hai weapon leke,IMMEDIATE_PHYSICAL_DANGER,hinglish,direct_seed
"Sir... everything is under control now, I am safe",CURRENT_SAFETY_REASSURANCE,en,conversational_augmented
Ma'am... I am completely alone and have nobody to help me please send police now.,ISOLATION_NO_SUPPORT,en,conversational_augmented
Please listen... he slapped and physically battered me,PHYSICAL_VIOLENCE_INJURY,en,conversational_augmented
नमस्ते... सामूहिक रूप से हम पर दबाव बनाया जा रहा है,SOCIAL_COMMUNITY_PRESSURE,hi,conversational_augmented
अरे... उसके हाथ में चाकू है बाहर,IMMEDIATE_PHYSICAL_DANGER,hi,conversational_augmented
कृपया ध्यान दीजिए... गंदी हरकतें और अश्लील इशारे कर रहा है तुरंत मदद चाहिए।,SEXUAL_VIOLENCE_HARASSMENT,hi,conversational_augmented
minor child ki safety at high risk right now,CHILD_ELDERLY_DISABILITY_VULNERABILITY,hinglish,conversational_augmented
Officer... I am trapped in an abusive marriage with constant violence,DOMESTIC_FAMILY_VIOLENCE,en,conversational_augmented
they are intimidating and threatening my household,THREAT_INTIMIDATION,en,direct_seed
मेरी बात सुनिए... वो चला गया है अब सब ठीक है मुझे समझ नहीं आ रहा क्या करूं।,CURRENT_SAFETY_REASSURANCE,hi,conversational_augmented
help kijiye... gala dabane ki koshish ki usne jaldi kuch kijiye.,PHYSICAL_VIOLENCE_INJURY,hinglish,conversational_augmented
ghar se nikal diya hai road par khadi hu please madad karo.,NO_SAFE_PLACE_HOMELESSNESS,hinglish,conversational_augmented
Sir... facing severe caste-based discrimination and untouchability I am telling the truth.,DISCRIMINATION_CASTE_VULNERABILITY,en,conversational_augmented
Help me... I don't know the exact landmark around me I don't know what to do.,UNCERTAINTY_UNCLEAR_INFO,en,conversational_augmented
मैडम... छुआछूत का व्यवहार कर रहे हैं हमारे साथ,DISCRIMINATION_CASTE_VULNERABILITY,hi,conversational_augmented
he hit me violently on my face,PHYSICAL_VIOLENCE_INJURY,hinglish,conversational_augmented
मैं यहां बिल्कुल अकेली हूं कोई मदद करने वाला नहीं मैं सच कह रहा हूं।,ISOLATION_NO_SUPPORT,hi,conversational_augmented
madam... physically attacked me and beat me with stick,PHYSICAL_VIOLENCE_INJURY,hinglish,conversational_augmented
koi danger nahi hai general inquiry kar raha hu mujhe samajh nahi aa raha kya karu.,NEUTRAL_NO_INDICATOR,hinglish,conversational_augmented
gandi batein karke harass kar raha hai,SEXUAL_VIOLENCE_HARASSMENT,hinglish,direct_seed
help kijiye... jabarjasti karne ki koshish ki usne,SEXUAL_VIOLENCE_HARASSMENT,hinglish,conversational_augmented
I need urgent help... we were discussing a scene from a thriller movie please help immediately.,NEUTRAL_NO_INDICATOR,en,conversational_augmented
I need urgent help... I have been thrown out of my house onto the street please help immediately.,NO_SAFE_PLACE_HOMELESSNESS,en,conversational_augmented
Please listen... he followed my vehicle for over five kilometers I don't know what to do.,STALKING_FOLLOWING,en,conversational_augmented
mai bohot pareshan hu... need immediate pulis intervention and escort please madad karo.,REQUEST_POLICE_EMERGENCY_HELP,hinglish,conversational_augmented
my heart is pounding with extreme anxiety are you listening?,FEAR_DISTRESS_PANIC,en,conversational_augmented
प्लीज... उसके हाथ में चाकू है बाहर,IMMEDIATE_PHYSICAL_DANGER,hi,conversational_augmented
रास्ते में रोक कर गलत तरीके से हाथ पकड़ा मैं सच कह रहा हूं।,SEXUAL_VIOLENCE_HARASSMENT,hi,conversational_augmented
कृपया ध्यान दीजिए... नाबालिग बच्ची की सुरक्षा को लेकर बहुत चिंता है मैं सच कह रहा हूं।,CHILD_ELDERLY_DISABILITY_VULNERABILITY,hi,conversational_augmented
suniye... dispatch 112 emergency police unit right now mujhe samajh nahi aa raha kya karu.,REQUEST_POLICE_EMERGENCY_HELP,hinglish,conversational_augmented
arre... need immediate police intervention and escort mujhe samajh nahi aa raha kya karu.,REQUEST_POLICE_EMERGENCY_HELP,hinglish,conversational_augmented
help kijiye... bol raha hai ki dekh lunga bahar nikal,THREAT_INTIMIDATION,hinglish,conversational_augmented
I need legal guidance and lawyer consultation,REQUEST_COUNSELLING_LEGAL_MEDICAL,en,conversational_augmented
sir... facing continuous spousal abuse and physical cruelty please madad karo.,DOMESTIC_FAMILY_VIOLENCE,hinglish,conversational_augmented
मैडम... कन्फ्यूज हूं शायद कल या परसों की बात है,UNCERTAINTY_UNCLEAR_INFO,hi,conversational_augmented
मैं बहुत परेशान हूं... कन्फ्यूज हूं शायद कल या परसों की बात है,UNCERTAINTY_UNCLEAR_INFO,hi,conversational_augmented
pcr van bhejo jaldi address par,REQUEST_POLICE_EMERGENCY_HELP,hinglish,conversational_augmented
Excuse me... I am completely alone and have nobody to help me are you listening?,ISOLATION_NO_SUPPORT,en,conversational_augmented
छाती में तेज दर्द है और बहुत ज्यादा खून बह रहा है मैं सच कह रहा हूं।,MEDICAL_EMERGENCY,hi,conversational_augmented
molestation attempt hua hai raste mein kya aap sun rahe ho?,SEXUAL_VIOLENCE_HARASSMENT,hinglish,conversational_augmented
madam... roz threatening messages bhej raha hai kya aap sun rahe ho?,THREAT_INTIMIDATION,hinglish,conversational_augmented
कृपया ध्यान दीजिए... हर जगह मेरा पीछा करके वीडियो बनाता है क्या आप सुन रहे हैं?,STALKING_FOLLOWING,hi,conversational_augmented
सर... रहने का कोई ठिकाना नहीं है बेघर हो गई हूं मुझे समझ नहीं आ रहा क्या करूं।,NO_SAFE_PLACE_HOMELESSNESS,hi,conversational_augmented
सर... किराए के कमरे से जबरन सामान फेंक कर निकाल दिया क्या आप सुन रहे हैं?,NO_SAFE_PLACE_HOMELESSNESS,hi,conversational_augmented
I am trapped in an abusive marriage with constant violence,DOMESTIC_FAMILY_VIOLENCE,en,conversational_augmented
अरे... घर से निकाल दिया गया है सड़क पर बैठी हूं तुरंत मदद चाहिए।,NO_SAFE_PLACE_HOMELESSNESS,hi,conversational_augmented
hello... want to end my life bohot pareshan hu,SELF_HARM_CONCERN,hinglish,conversational_augmented
लीगल एड और कोर्ट प्रक्रिया की जानकारी चाहिए,REQUEST_COUNSELLING_LEGAL_MEDICAL,hi,direct_seed
Excuse me... I feel unsafe and petrified in my room please send police now.,FEAR_DISTRESS_PANIC,en,conversational_augmented
I am stranded and all alone in this situation I am telling the truth.,ISOLATION_NO_SUPPORT,en,conversational_augmented
there was no threat made whatsoever please do something quickly.,NEUTRAL_NO_INDICATOR,en,conversational_augmented
जान बचाने के लिए कमरे में बंद हूं जल्दी पुलिस भेजिए।,IMMEDIATE_PHYSICAL_DANGER,hi,conversational_augmented
हेल्प कीजिए... गंदी हरकतें और अश्लील इशारे कर रहा है मुझे समझ नहीं आ रहा क्या करूं।,SEXUAL_VIOLENCE_HARASSMENT,hi,conversational_augmented
dispatch 112 emergency police unit right now,REQUEST_POLICE_EMERGENCY_HELP,hinglish,direct_seed
the patient is unconscious and unable to breathe,MEDICAL_EMERGENCY,en,conversational_augmented
he sent threatening text messages demanding money please do something quickly.,THREAT_INTIMIDATION,en,conversational_augmented
pregnant lady hai ghar pe aur small kids hain,CHILD_ELDERLY_DISABILITY_VULNERABILITY,hinglish,conversational_augmented
मैं बहुत परेशान हूं... कोई साथ देने वाला नहीं है चारों तरफ से अकेली हूं जल्दी पुलिस भेजिए।,ISOLATION_NO_SUPPORT,hi,conversational_augmented
"I need urgent help... I am completely safe now, police have arrived please send police now.",CURRENT_SAFETY_REASSURANCE,en,conversational_augmented
मैं अब और जीना नहीं चाहती,SELF_HARM_CONCERN,hi,direct_seed
urgent hai... want to end my life bohot pareshan hu,SELF_HARM_CONCERN,hinglish,conversational_augmented
arre... khatam kar dene ki dhamki di usne please madad karo.,THREAT_INTIMIDATION,hinglish,conversational_augmented
they used derogatory casteist slurs against me publicly,DISCRIMINATION_CASTE_VULNERABILITY,en,conversational_augmented
अरे... खौफ में जी रहे हैं हम,FEAR_DISTRESS_PANIC,hi,conversational_augmented
"मैडम... नमस्ते, राष्ट्रीय हेल्पलाइन 14566 में आपका स्वागत है मैं सच कह रहा हूं।",NEUTRAL_NO_INDICATOR,hi,conversational_augmented
कोई कई दिनों से मेरा पीछा कर रहा है जल्दी पुलिस भेजिए।,STALKING_FOLLOWING,hi,conversational_augmented
मैं बहुत परेशान हूं... जाति के नाम पर मुझे प्रताड़ित किया जा रहा है क्या आप सुन रहे हैं?,DISCRIMINATION_CASTE_VULNERABILITY,hi,conversational_augmented
I am stranded on the roadside with nowhere to sleep,NO_SAFE_PLACE_HOMELESSNESS,en,conversational_augmented
मेरी जान खतरे में है अभी,IMMEDIATE_PHYSICAL_DANGER,hi,conversational_augmented
he explicitly threatened to harm my children are you listening?,THREAT_INTIMIDATION,en,conversational_augmented
pregnant lady hai ghar pe aur small kids hain,CHILD_ELDERLY_DISABILITY_VULNERABILITY,hinglish,direct_seed
सुनिए... मेरे साथ छेड़छाड़ की गई है,SEXUAL_VIOLENCE_HARASSMENT,hi,conversational_augmented
पहले लगा कि सब ठीक है लेकिन अचानक फिर झगड़ा शुरू हो गया मैं सच कह रहा हूं।,CONTRADICTORY_CHANGING_SITUATION,hi,conversational_augmented
Please listen... my spouse locked me inside without water and hit me please do something quickly.,DOMESTIC_FAMILY_VIOLENCE,en,conversational_augmented
unstable and fluctuating circumstances right now,CONTRADICTORY_CHANGING_SITUATION,en,direct_seed
they used derogatory casteist slurs against me publicly please send police now.,DISCRIMINATION_CASTE_VULNERABILITY,en,conversational_augmented
अरे... मोहल्ले के लोग मिलकर धमकी दे रहे हैं जल्दी पुलिस भेजिए।,SOCIAL_COMMUNITY_PRESSURE,hi,conversational_augmented
Please listen... my elderly parents are bedridden and cannot escape please do something quickly.,CHILD_ELDERLY_DISABILITY_VULNERABILITY,en,conversational_augmented
Help me... the local panchayat has ordered a complete social boycott are you listening?,SOCIAL_COMMUNITY_PRESSURE,en,conversational_augmented
सास और ससुर घर में बंद करके मारते हैं जल्दी पुलिस भेजिए।,DOMESTIC_FAMILY_VIOLENCE,hi,conversational_augmented
I need urgent help... I am terrified and panicking,FEAR_DISTRESS_PANIC,en,conversational_augmented
अब मैं पूरी तरह सुरक्षित हूं कोई खतरा नहीं है मैं सच कह रहा हूं।,CURRENT_SAFETY_REASSURANCE,hi,conversational_augmented
Please listen... I am stranded on the roadside with nowhere to sleep I don't know what to do.,NO_SAFE_PLACE_HOMELESSNESS,en,conversational_augmented
"urgent hai... namaste, NHAA helpline me aapka swagat hai send help immediately.",NEUTRAL_NO_INDICATOR,hinglish,conversational_augmented
नमस्ते... वो कह रहा है कि बाहर निकलते ही हमला करेगा मुझे समझ नहीं आ रहा क्या करूं।,THREAT_INTIMIDATION,hi,conversational_augmented
the local panchayat has ordered a complete social boycott please send police now.,SOCIAL_COMMUNITY_PRESSURE,en,conversational_augmented
patient is unconscious please dispatch medical team mai sach bol raha hu.,MEDICAL_EMERGENCY,hinglish,conversational_augmented
neech jaati bolkar insult aur discriminate kar rahe please madad karo.,DISCRIMINATION_CASTE_VULNERABILITY,hinglish,conversational_augmented
मैं सिर्फ योजना के बारे में जानकारी लेना चाहता हूं,NEUTRAL_NO_INDICATOR,hi,direct_seed
अपनी जान दे दूंगी मैं क्या आप सुन रहे हैं?,SELF_HARM_CONCERN,hi,conversational_augmented
मेरी बात सुनिए... अभी मैं सेफ जगह पर पहुंच गई हूं,CURRENT_SAFETY_REASSURANCE,hi,conversational_augmented
मैं बहुत परेशान हूं... काउंसलर से बात करा दीजिए मानसिक तनाव के लिए,REQUEST_COUNSELLING_LEGAL_MEDICAL,hi,conversational_augmented
मैं बहुत परेशान हूं... मुझे कानूनी सलाह और वकील की मदद चाहिए प्लीज कुछ कीजिए।,REQUEST_COUNSELLING_LEGAL_MEDICAL,hi,conversational_augmented
listen... mai yahan bilkul akela hu koi relative nahi hai please madad karo.,ISOLATION_NO_SUPPORT,hinglish,conversational_augmented
हेल्प कीजिए... मैं पुलिस स्टेशन पहुंच चुका हूं और सेफ हूं तुरंत मदद चाहिए।,CURRENT_SAFETY_REASSURANCE,hi,conversational_augmented
सुनिए... जबरदस्ती करने की कोशिश की उसने,SEXUAL_VIOLENCE_HARASSMENT,hi,conversational_augmented
sir... confused state me hu exact time nahi pata send help immediately.,UNCERTAINTY_UNCLEAR_INFO,hinglish,conversational_augmented
Sir... my family members are physically abusing me please send police now.,DOMESTIC_FAMILY_VIOLENCE,en,conversational_augmented
मेरी बात सुनिए... 112 की टीम को तुरंत मेरे पते पर भेजिए,REQUEST_POLICE_EMERGENCY_HELP,hi,conversational_augmented
suniye... pregnant lady hai ghar pe aur small kids hain mujhe samajh nahi aa raha kya karu.,CHILD_ELDERLY_DISABILITY_VULNERABILITY,hinglish,conversational_augmented
madam... just calling to inquire about the government scheme timings please madad karo.,NEUTRAL_NO_INDICATOR,hinglish,conversational_augmented
कोई डरने की बात नहीं है तुरंत मदद चाहिए।,NEUTRAL_NO_INDICATOR,hi,conversational_augmented
हेल्प कीजिए... तुरंत पुलिस भेजिए यहां बहुत जरूरी है जल्दी पुलिस भेजिए।,REQUEST_POLICE_EMERGENCY_HELP,hi,conversational_augmented
we are facing intense community ostracization and pressure,SOCIAL_COMMUNITY_PRESSURE,en,conversational_augmented
Help me... we were forcibly evicted and have no place to go please send police now.,NO_SAFE_PLACE_HOMELESSNESS,en,conversational_augmented
phone pe continuously threatening calls aa rahe hain,THREAT_INTIMIDATION,hinglish,direct_seed
there is an infant and a pregnant woman in the house,CHILD_ELDERLY_DISABILITY_VULNERABILITY,en,conversational_augmented
Ma'am... a group of village leaders is threatening our household,SOCIAL_COMMUNITY_PRESSURE,en,conversational_augmented
Sir... I have been thrown out of my house onto the street I don't know what to do.,NO_SAFE_PLACE_HOMELESSNESS,en,conversational_augmented
unpredictable behaviour hai situation continuously changing please madad karo.,CONTRADICTORY_CHANGING_SITUATION,hinglish,conversational_augmented
अरे... विरोधाभासी बातें हो रही हैं यहां माहौल अस्थिर है प्लीज कुछ कीजिए।,CONTRADICTORY_CHANGING_SITUATION,hi,conversational_augmented
स्थिति हर पल बदल रही है कुछ समझ नहीं आ रहा प्लीज कुछ कीजिए।,CONTRADICTORY_CHANGING_SITUATION,hi,conversational_augmented
पति रोज शराब पीकर मारपीट करता है,DOMESTIC_FAMILY_VIOLENCE,hi,conversational_augmented
he threatened to kill me,THREAT_INTIMIDATION,en,direct_seed
heavy bleeding ho rahi hai ambulance chahiye turant jaldi kuch kijiye.,MEDICAL_EMERGENCY,hinglish,conversational_augmented
facing continuous spousal abuse and physical cruelty,DOMESTIC_FAMILY_VIOLENCE,hinglish,conversational_augmented
help kijiye... need mental health counselling and legal guidance,REQUEST_COUNSELLING_LEGAL_MEDICAL,hinglish,conversational_augmented
Help me... deep head laceration with heavy blood loss please do something quickly.,MEDICAL_EMERGENCY,en,conversational_augmented
Sir... I need legal guidance and lawyer consultation I don't know what to do.,REQUEST_COUNSELLING_LEGAL_MEDICAL,en,conversational_augmented
humare sath bhedbhav ho raha hai mai sach bol raha hu.,DISCRIMINATION_CASTE_VULNERABILITY,hinglish,conversational_augmented
suniye... situation control me hai tension ki baat nahi hai,CURRENT_SAFETY_REASSURANCE,hinglish,conversational_augmented
he threatened severe physical consequences,THREAT_INTIMIDATION,en,direct_seed
Sir... I am hiding under the bed he is inside the house,IMMEDIATE_PHYSICAL_DANGER,en,conversational_augmented
हेल्प कीजिए... पूरे गांव और पंचायत ने हमारा बहिष्कार कर दिया है प्लीज कुछ कीजिए।,SOCIAL_COMMUNITY_PRESSURE,hi,conversational_augmented
usne galat tarike se touch kiya chedchad ki kya aap sun rahe ho?,SEXUAL_VIOLENCE_HARASSMENT,hinglish,conversational_augmented
urgent hai... mai ab jeena nahi chahta jaldi kuch kijiye.,SELF_HARM_CONCERN,hinglish,conversational_augmented
my heart is pounding with extreme anxiety are you listening?,FEAR_DISTRESS_PANIC,en,conversational_augmented
please... no safe place to sleep tonight stranded on footpath,NO_SAFE_PLACE_HOMELESSNESS,hinglish,conversational_augmented
मैं बहुत परेशान हूं... हाथ पैर कांप रहे हैं घबराहट से जल्दी पुलिस भेजिए।,FEAR_DISTRESS_PANIC,hi,conversational_augmented
ऑपरेटर: कृपया अपना नाम और फोन नंबर दर्ज कराएं,NEUTRAL_NO_INDICATOR,hi,conversational_augmented
Please listen... requesting legal aid assistance for filing case,REQUEST_COUNSELLING_LEGAL_MEDICAL,en,conversational_augmented
कृपया ध्यान दीजिए... सास और ससुर घर में बंद करके मारते हैं जल्दी पुलिस भेजिए।,DOMESTIC_FAMILY_VIOLENCE,hi,conversational_augmented
he threatened me but I am safe now,CURRENT_SAFETY_REASSURANCE,en,direct_seed
sir... bohot pareshan hu dar lag raha hai kya aap sun rahe ho?,FEAR_DISTRESS_PANIC,hinglish,conversational_augmented
madam... dahshat ho rahi hai yahan par mai sach bol raha hu.,FEAR_DISTRESS_PANIC,hinglish,conversational_augmented
he never threatened me or my family at any point,NEUTRAL_NO_INDICATOR,en,conversational_augmented
बहुत उलझन में हूं सही जानकारी नहीं दे पा रही,UNCERTAINTY_UNCLEAR_INFO,hi,conversational_augmented
a group of village leaders is threatening our household,SOCIAL_COMMUNITY_PRESSURE,en,conversational_augmented
Hello... a group of village leaders is threatening our household are you listening?,SOCIAL_COMMUNITY_PRESSURE,en,conversational_augmented
he hit me violently on my face,PHYSICAL_VIOLENCE_INJURY,hinglish,direct_seed
madam... heavy bleeding ho rahi hai ambulance chahiye turant,MEDICAL_EMERGENCY,hinglish,conversational_augmented
want to end my life bohot pareshan hu jaldi kuch kijiye.,SELF_HARM_CONCERN,hinglish,conversational_augmented
I am being extorted and coerced under threat of defamation please help immediately.,COERCION_BLACKMAIL,en,conversational_augmented
danger has passed and I am in a secure shelter,CURRENT_SAFETY_REASSURANCE,en,direct_seed
नमस्ते... नाबालिग बच्ची की सुरक्षा को लेकर बहुत चिंता है मुझे समझ नहीं आ रहा क्या करूं।,CHILD_ELDERLY_DISABILITY_VULNERABILITY,hi,conversational_augmented
I need urgent help... the information is hazy and I cannot be sure,UNCERTAINTY_UNCLEAR_INFO,en,conversational_augmented
urgent hai... please send police immediately to my location mai sach bol raha hu.,REQUEST_POLICE_EMERGENCY_HELP,hinglish,conversational_augmented
he threatened to leak sensitive personal videos online,COERCION_BLACKMAIL,en,conversational_augmented
Ma'am... community elders are pressurizing us to withdraw the complaint,SOCIAL_COMMUNITY_PRESSURE,en,conversational_augmented
koi danger nahi hai general inquiry kar raha hu,NEUTRAL_NO_INDICATOR,hinglish,direct_seed
Help me... he threatened to leak sensitive personal videos online please send police now.,COERCION_BLACKMAIL,en,conversational_augmented
hello... abhi safe location par pahuch gaya hu,CURRENT_SAFETY_REASSURANCE,hinglish,conversational_augmented
help kijiye... community pressure banaya ja raha hai case wapas lene jaldi kuch kijiye.,SOCIAL_COMMUNITY_PRESSURE,hinglish,conversational_augmented
he is violently kicking my front door,IMMEDIATE_PHYSICAL_DANGER,en,conversational_augmented
help kijiye... pata nahi kahan hu landmark nahi dikh raha,UNCERTAINTY_UNCLEAR_INFO,hinglish,conversational_augmented
arre... mai yahan bilkul akela hu koi relative nahi hai,ISOLATION_NO_SUPPORT,hinglish,conversational_augmented
koi madad karne wala nahi hai bilkul akeli hu mujhe samajh nahi aa raha kya karu.,ISOLATION_NO_SUPPORT,hinglish,conversational_augmented
हेल्प कीजिए... सिर पर गहरी चोट है और उल्टियां हो रही हैं मुझे समझ नहीं आ रहा क्या करूं।,MEDICAL_EMERGENCY,hi,conversational_augmented
सर... पारिवारिक प्रताड़ना असहनीय हो गई है मुझे समझ नहीं आ रहा क्या करूं।,DOMESTIC_FAMILY_VIOLENCE,hi,conversational_augmented
Sir... he said he will shoot me if I go out,THREAT_INTIMIDATION,en,conversational_augmented
Sir... I am uncertain and confused about what transpired please do something quickly.,UNCERTAINTY_UNCLEAR_INFO,en,conversational_augmented
मेरी बात सुनिए... लीगल एड और कोर्ट प्रक्रिया की जानकारी चाहिए,REQUEST_COUNSELLING_LEGAL_MEDICAL,hi,conversational_augmented
this was just a classroom awareness demonstration,NEUTRAL_NO_INDICATOR,en,direct_seed
unhone mere saath bhedbhav kiya jaati ke aadhar par,DISCRIMINATION_CASTE_VULNERABILITY,hinglish,conversational_augmented
madam... he threatened me but I am safe now,CURRENT_SAFETY_REASSURANCE,hinglish,conversational_augmented
a group of village leaders is threatening our household,SOCIAL_COMMUNITY_PRESSURE,en,conversational_augmented
मैं बहुत परेशान हूं... बहुत उलझन में हूं सही जानकारी नहीं दे पा रही तुरंत मदद चाहिए।,UNCERTAINTY_UNCLEAR_INFO,hi,conversational_augmented
प्लीज... वो मुझे ब्लैकमेल कर रहा है पैसों के लिए क्या आप सुन रहे हैं?,COERCION_BLACKMAIL,hi,conversational_augmented
sir... contradictory situation hai outcome uncertain hai jaldi kuch kijiye.,CONTRADICTORY_CHANGING_SITUATION,hinglish,conversational_augmented
Excuse me... someone is stalking and following me every day I don't know what to do.,STALKING_FOLLOWING,en,conversational_augmented
Officer... I am seriously injured and bleeding,PHYSICAL_VIOLENCE_INJURY,en,conversational_augmented
sir... ghar se nikal diya hai road par khadi hu,NO_SAFE_PLACE_HOMELESSNESS,hinglish,conversational_augmented
sir... ghabrahat se saans phool rahi hai mujhe samajh nahi aa raha kya karu.,FEAR_DISTRESS_PANIC,hinglish,conversational_augmented
I need urgent help... I want to hurt myself to stop this pain are you listening?,SELF_HARM_CONCERN,en,conversational_augmented
need therapy and mental health support session,REQUEST_COUNSELLING_LEGAL_MEDICAL,en,conversational_augmented
danger is imminent please dispatch emergency unit are you listening?,IMMEDIATE_PHYSICAL_DANGER,en,conversational_augmented
please... forcing me to give money through blackmail send help immediately.,COERCION_BLACKMAIL,hinglish,conversational_augmented
Officer... he is trying to climb through the window please help immediately.,IMMEDIATE_PHYSICAL_DANGER,en,conversational_augmented
Sir... I am having thoughts of self harm please send police now.,SELF_HARM_CONCERN,en,conversational_augmented
दिव्यांग व्यक्ति पर हमला किया गया है क्या आप सुन रहे हैं?,CHILD_ELDERLY_DISABILITY_VULNERABILITY,hi,conversational_augmented
हेल्प कीजिए... वो मुझे ब्लैकमेल कर रहा है पैसों के लिए,COERCION_BLACKMAIL,hi,conversational_augmented
Please listen... I am so scared right now are you listening?,FEAR_DISTRESS_PANIC,en,conversational_augmented
Ma'am... it was a harmless conversation with no threatening language please send police now.,NEUTRAL_NO_INDICATOR,en,conversational_augmented
Officer... please send a PCR emergency van right away please help immediately.,REQUEST_POLICE_EMERGENCY_HELP,en,conversational_augmented
blakmail karke mental torture de raha hai,COERCION_BLACKMAIL,hinglish,conversational_augmented
apne aap ko hurt karne ka man kar raha hai,SELF_HARM_CONCERN,hinglish,conversational_augmented
मैडम... पता नहीं कौन था और क्या जगह थी क्या आप सुन रहे हैं?,UNCERTAINTY_UNCLEAR_INFO,hi,conversational_augmented
madam... bandook leke ghoom raha hai compound mein mai sach bol raha hu.,IMMEDIATE_PHYSICAL_DANGER,hinglish,conversational_augmented
Please hear me... the person fluctuates unpredictably between calm and rage please do something quickly.,CONTRADICTORY_CHANGING_SITUATION,en,conversational_augmented
I have been thrown out of my house onto the street,NO_SAFE_PLACE_HOMELESSNESS,en,conversational_augmented
Sir... he is violently kicking my front door please send police now.,IMMEDIATE_PHYSICAL_DANGER,en,conversational_augmented
मैडम... कोई कई दिनों से मेरा पीछा कर रहा है क्या आप सुन रहे हैं?,STALKING_FOLLOWING,hi,conversational_augmented
please... ab mai safe hu police aa gayi hai send help immediately.,CURRENT_SAFETY_REASSURANCE,hinglish,conversational_augmented
I need urgent help... the information is hazy and I cannot be sure,UNCERTAINTY_UNCLEAR_INFO,en,conversational_augmented
Hello... experiencing severe chest pain and medical collapse I don't know what to do.,MEDICAL_EMERGENCY,en,conversational_augmented
he is violently kicking my front door please help immediately.,IMMEDIATE_PHYSICAL_DANGER,en,conversational_augmented
suniye... he follows me everywhere I go,STALKING_FOLLOWING,hinglish,conversational_augmented
मैं बहुत परेशान हूं... पीसीआर वैन को अलर्ट करके भेजो जल्दी जल्दी पुलिस भेजिए।,REQUEST_POLICE_EMERGENCY_HELP,hi,conversational_augmented
forcing me to give money through blackmail,COERCION_BLACKMAIL,hinglish,conversational_augmented
सुनिए... कन्फ्यूज हूं शायद कल या परसों की बात है,UNCERTAINTY_UNCLEAR_INFO,hi,conversational_augmented
Ma'am... I am bleeding heavily from my head I am telling the truth.,PHYSICAL_VIOLENCE_INJURY,en,conversational_augmented
खून बह रहा है हाथ से बहुत तेज मुझे समझ नहीं आ रहा क्या करूं।,PHYSICAL_VIOLENCE_INJURY,hi,conversational_augmented
"Ma'am... the PCR unit is here with me, I am protected please help immediately.",CURRENT_SAFETY_REASSURANCE,en,conversational_augmented
Please hear me... he waits outside my workplace every evening watching me,STALKING_FOLLOWING,en,conversational_augmented
कृपया ध्यान दीजिए... जातिगत भेदभाव और छुआछूत का शिकार बनाया गया तुरंत मदद चाहिए।,DISCRIMINATION_CASTE_VULNERABILITY,hi,conversational_augmented
दरवाजे के ठीक बाहर खड़ा है वो,IMMEDIATE_PHYSICAL_DANGER,hi,conversational_augmented
hello... stalking me continuously for past two weeks,STALKING_FOLLOWING,hinglish,conversational_augmented
Sir... I am isolated in this house with zero support,ISOLATION_NO_SUPPORT,en,conversational_augmented
Hello... I don't know the exact landmark around me,UNCERTAINTY_UNCLEAR_INFO,en,conversational_augmented
उसके हाथ में चाकू है बाहर,IMMEDIATE_PHYSICAL_DANGER,hi,direct_seed
सुनिए... वो मुझे ब्लैकमेल कर रहा है पैसों के लिए,COERCION_BLACKMAIL,hi,conversational_augmented
Ma'am... he touched me inappropriately against my will please do something quickly.,SEXUAL_VIOLENCE_HARASSMENT,en,conversational_augmented
Excuse me... I am stranded on the roadside with nowhere to sleep I don't know what to do.,NO_SAFE_PLACE_HOMELESSNESS,en,conversational_augmented
Please listen... I am receiving direct death threats,THREAT_INTIMIDATION,en,conversational_augmented
counsellor se baat karni hai stress relief ke liye kya aap sun rahe ho?,REQUEST_COUNSELLING_LEGAL_MEDICAL,hinglish,conversational_augmented
hello... pregnant lady hai ghar pe aur small kids hain mujhe samajh nahi aa raha kya karu.,CHILD_ELDERLY_DISABILITY_VULNERABILITY,hinglish,conversational_augmented
मेरी बात सुनिए... मेरा इस शहर में कोई नहीं है सबने छोड़ दिया,ISOLATION_NO_SUPPORT,hi,conversational_augmented
hello... community pressure banaya ja raha hai case wapas lene,SOCIAL_COMMUNITY_PRESSURE,hinglish,conversational_augmented
सुनिए... जाति के नाम पर मुझे प्रताड़ित किया जा रहा है मुझे समझ नहीं आ रहा क्या करूं।,DISCRIMINATION_CASTE_VULNERABILITY,hi,conversational_augmented
जाति के नाम पर मुझे प्रताड़ित किया जा रहा है,DISCRIMINATION_CASTE_VULNERABILITY,hi,conversational_augmented
प्लीज... हर जगह मेरा पीछा करके वीडियो बनाता है जल्दी पुलिस भेजिए।,STALKING_FOLLOWING,hi,conversational_augmented
Hello... he followed my vehicle for over five kilometers,STALKING_FOLLOWING,en,conversational_augmented
Please hear me... I don't want to live anymore please do something quickly.,SELF_HARM_CONCERN,en,conversational_augmented
suniye... chest pain aur breathing difficulty ho rahi hai,MEDICAL_EMERGENCY,hinglish,conversational_augmented
Hello... facing continuous discrimination and harassment based on my caste please do something quickly.,DISCRIMINATION_CASTE_VULNERABILITY,en,conversational_augmented
मेरी बात सुनिए... जाति के नाम पर मुझे प्रताड़ित किया जा रहा है,DISCRIMINATION_CASTE_VULNERABILITY,hi,conversational_augmented
Please hear me... they are intimidating and threatening my household,THREAT_INTIMIDATION,en,conversational_augmented
Officer... a group of village leaders is threatening our household please send police now.,SOCIAL_COMMUNITY_PRESSURE,en,conversational_augmented
sir... woh chala gaya hai ab koi danger nahi hai please madad karo.,CURRENT_SAFETY_REASSURANCE,hinglish,conversational_augmented
मैं बहुत परेशान हूं... कोई कई दिनों से मेरा पीछा कर रहा है तुरंत मदद चाहिए।,STALKING_FOLLOWING,hi,conversational_augmented
madam... mai yahan bilkul akela hu koi relative nahi hai,ISOLATION_NO_SUPPORT,hinglish,conversational_augmented
urgent hai... usne galat tarike se touch kiya chedchad ki send help immediately.,SEXUAL_VIOLENCE_HARASSMENT,hinglish,conversational_augmented
खौफ में जी रहे हैं हम क्या आप सुन रहे हैं?,FEAR_DISTRESS_PANIC,hi,conversational_augmented
मेरी बात सुनिए... सुरक्षा दीजिए हमें पुलिस की सख्त जरूरत है तुरंत मदद चाहिए।,REQUEST_POLICE_EMERGENCY_HELP,hi,conversational_augmented
अरे... समाज में बदनाम करने की साजिश हो रही है तुरंत मदद चाहिए।,SOCIAL_COMMUNITY_PRESSURE,hi,conversational_augmented
I need urgent help... I cannot clearly recall the exact details or location are you listening?,UNCERTAINTY_UNCLEAR_INFO,en,conversational_augmented
please... pata nahi kahan hu landmark nahi dikh raha,UNCERTAINTY_UNCLEAR_INFO,hinglish,conversational_augmented
sir... entire village mob is pressurizing our family,SOCIAL_COMMUNITY_PRESSURE,hinglish,conversational_augmented
Please listen... the patient is unconscious and unable to breathe,MEDICAL_EMERGENCY,en,conversational_augmented
हेल्प कीजिए... भेदभाव कर रहे हैं और अपमानजनक शब्द बोल रहे हैं जल्दी पुलिस भेजिए।,DISCRIMINATION_CASTE_VULNERABILITY,hi,conversational_augmented
मेरी बात सुनिए... कभी वो शांत हो जाता है कभी अचानक हमला कर देता है मैं सच कह रहा हूं।,CONTRADICTORY_CHANGING_SITUATION,hi,conversational_augmented
Ma'am... I was punched and kicked repeatedly please send police now.,PHYSICAL_VIOLENCE_INJURY,en,conversational_augmented
हेल्प कीजिए... अभी मैं सेफ जगह पर पहुंच गई हूं प्लीज कुछ कीजिए।,CURRENT_SAFETY_REASSURANCE,hi,conversational_augmented
arre... community pressure banaya ja raha hai case wapas lene kya aap sun rahe ho?,SOCIAL_COMMUNITY_PRESSURE,hinglish,conversational_augmented
Ma'am... I am living in constant fear please send police now.,FEAR_DISTRESS_PANIC,en,conversational_augmented
listen... minor child ki safety at high risk right now kya aap sun rahe ho?,CHILD_ELDERLY_DISABILITY_VULNERABILITY,hinglish,conversational_augmented
Please hear me... initially it seemed resolved but suddenly violence flared up again,CONTRADICTORY_CHANGING_SITUATION,en,conversational_augmented
सर... खून बह रहा है हाथ से बहुत तेज प्लीज कुछ कीजिए।,PHYSICAL_VIOLENCE_INJURY,hi,conversational_augmented
help kijiye... gandi batein karke harass kar raha hai,SEXUAL_VIOLENCE_HARASSMENT,hinglish,conversational_augmented
woh chala gaya hai ab koi danger nahi hai,CURRENT_SAFETY_REASSURANCE,hinglish,conversational_augmented
marr jana chahti hu sabse tang aake,SELF_HARM_CONCERN,hinglish,direct_seed
कृपया ध्यान दीजिए... सास और ससुर घर में बंद करके मारते हैं,DOMESTIC_FAMILY_VIOLENCE,hi,conversational_augmented
Excuse me... I am being stalked by an unknown person continuously I am telling the truth.,STALKING_FOLLOWING,en,conversational_augmented
सुनिए... बच्चे बहुत सहमे हुए हैं डर से मैं सच कह रहा हूं।,FEAR_DISTRESS_PANIC,hi,conversational_augmented
listen... ghar se nikal diya hai road par khadi hu,NO_SAFE_PLACE_HOMELESSNESS,hinglish,conversational_augmented
मेरी बात सुनिए... अत्यधिक बेचैनी और दहशत महसूस हो रही है मैं सच कह रहा हूं।,FEAR_DISTRESS_PANIC,hi,conversational_augmented
sasural me roz torture kiya ja raha hai kya aap sun rahe ho?,DOMESTIC_FAMILY_VIOLENCE,hinglish,conversational_augmented
I need urgent help... please dispatch police to my location immediately I don't know what to do.,REQUEST_POLICE_EMERGENCY_HELP,en,conversational_augmented
सुनिए... काउंसलर से बात करा दीजिए मानसिक तनाव के लिए मैं सच कह रहा हूं।,REQUEST_COUNSELLING_LEGAL_MEDICAL,hi,conversational_augmented
mai bohot pareshan hu... landlord threw all luggage out on the street send help immediately.,NO_SAFE_PLACE_HOMELESSNESS,hinglish,conversational_augmented
madam... heavy bleeding ho rahi hai ambulance chahiye turant,MEDICAL_EMERGENCY,hinglish,conversational_augmented
police PCR van reach ho gayi hai we are safe,CURRENT_SAFETY_REASSURANCE,hinglish,direct_seed
Officer... the local panchayat has ordered a complete social boycott I am telling the truth.,SOCIAL_COMMUNITY_PRESSURE,en,conversational_augmented
मेरी बात सुनिए... कोई कई दिनों से मेरा पीछा कर रहा है तुरंत मदद चाहिए।,STALKING_FOLLOWING,hi,conversational_augmented
अरे... मेरा इस शहर में कोई नहीं है सबने छोड़ दिया क्या आप सुन रहे हैं?,ISOLATION_NO_SUPPORT,hi,conversational_augmented
hello... advocate ki sahayata chahiye grievance file karne me mai sach bol raha hu.,REQUEST_COUNSELLING_LEGAL_MEDICAL,hinglish,conversational_augmented
the kids are terrified and screaming,FEAR_DISTRESS_PANIC,en,direct_seed
arre... wo log mere sath bhed bhav aur chhuachhoot kar rahe hain,DISCRIMINATION_CASTE_VULNERABILITY,hinglish,conversational_augmented
मैडम... अज्ञात व्यक्ति मेरा पीछा करता है घर तक प्लीज कुछ कीजिए।,STALKING_FOLLOWING,hi,conversational_augmented
मेरे साथ छेड़छाड़ की गई है प्लीज कुछ कीजिए।,SEXUAL_VIOLENCE_HARASSMENT,hi,conversational_augmented
he did not threaten me mai sach bol raha hu.,NEUTRAL_NO_INDICATOR,hinglish,conversational_augmented
hello... landlord threw all luggage out on the street,NO_SAFE_PLACE_HOMELESSNESS,hinglish,conversational_augmented
hello... blakmail karke mental torture de raha hai,COERCION_BLACKMAIL,hinglish,conversational_augmented
Ma'am... danger has passed and I am in a secure shelter please help immediately.,CURRENT_SAFETY_REASSURANCE,en,conversational_augmented
he threatened to leak sensitive personal videos online please help immediately.,COERCION_BLACKMAIL,en,conversational_augmented
jaati soochak shabdon se gali di aur bhedbhav kiya,DISCRIMINATION_CASTE_VULNERABILITY,hinglish,conversational_augmented
Sir... he is blackmailing me with private photographs please send police now.,COERCION_BLACKMAIL,en,conversational_augmented
अत्यधिक बेचैनी और दहशत महसूस हो रही है,FEAR_DISTRESS_PANIC,hi,direct_seed
Please hear me... send police immediately my life is at risk please send police now.,IMMEDIATE_PHYSICAL_DANGER,en,conversational_augmented
community elders are pressurizing us to withdraw the complaint please help immediately.,SOCIAL_COMMUNITY_PRESSURE,en,conversational_augmented
sasural me roz torture kiya ja raha hai,DOMESTIC_FAMILY_VIOLENCE,hinglish,direct_seed
send police immediately my life is at risk,IMMEDIATE_PHYSICAL_DANGER,en,conversational_augmented
sir... meri jan khatre mein hai abhi ke abhi jaldi kuch kijiye.,IMMEDIATE_PHYSICAL_DANGER,hinglish,conversational_augmented
she threatened that she will ruin my life,THREAT_INTIMIDATION,en,direct_seed
अरे... तुरंत एम्बुलेंस भेजिए मरीज की हालत गंभीर है क्या आप सुन रहे हैं?,MEDICAL_EMERGENCY,hi,conversational_augmented
urgent hai... caste discrimination facing in village school and temple,DISCRIMINATION_CASTE_VULNERABILITY,hinglish,conversational_augmented
कृपया ध्यान दीजिए... सामूहिक रूप से हम पर दबाव बनाया जा रहा है तुरंत मदद चाहिए।,SOCIAL_COMMUNITY_PRESSURE,hi,conversational_augmented
mai bohot pareshan hu... koi reason nahi bacha live karne ka mujhe samajh nahi aa raha kya karu.,SELF_HARM_CONCERN,hinglish,conversational_augmented
मेरी बात सुनिए... उसके हाथ में चाकू है बाहर,IMMEDIATE_PHYSICAL_DANGER,hi,conversational_augmented
the victim is a differently-abled person unable to run,CHILD_ELDERLY_DISABILITY_VULNERABILITY,en,conversational_augmented
urgent hai... pata nahi kahan hu landmark nahi dikh raha mujhe samajh nahi aa raha kya karu.,UNCERTAINTY_UNCLEAR_INFO,hinglish,conversational_augmented
सुनिए... मुझे ठीक से याद नहीं आ रहा क्या हुआ था,UNCERTAINTY_UNCLEAR_INFO,hi,conversational_augmented
madam... ghabrahat se saans phool rahi hai please madad karo.,FEAR_DISTRESS_PANIC,hinglish,conversational_augmented
Sir... the situation is terrifying and we are in panic are you listening?,FEAR_DISTRESS_PANIC,en,conversational_augmented
सुनिए... घरेलू हिंसा का शिकार हो रही हूं रोज प्लीज कुछ कीजिए।,DOMESTIC_FAMILY_VIOLENCE,hi,conversational_augmented
he threatened my family with violence,THREAT_INTIMIDATION,en,conversational_augmented
landlord threw all luggage out on the street mai sach bol raha hu.,NO_SAFE_PLACE_HOMELESSNESS,hinglish,conversational_augmented
koi madad karne wala nahi hai bilkul akeli hu kya aap sun rahe ho?,ISOLATION_NO_SUPPORT,hinglish,conversational_augmented
नमस्ते... मोहल्ले के लोग मिलकर धमकी दे रहे हैं जल्दी पुलिस भेजिए।,SOCIAL_COMMUNITY_PRESSURE,hi,conversational_augmented
urgent hai... usne mujhe jann se maarne ki dhamkee di jaldi kuch kijiye.,THREAT_INTIMIDATION,hinglish,conversational_augmented
urgent hai... in-laws dowry ke liye mentally aur physically abuse kar rahe hain jaldi kuch kijiye.,DOMESTIC_FAMILY_VIOLENCE,hinglish,conversational_augmented
Excuse me... my in-laws threatened to burn me alive for dowry please send police now.,DOMESTIC_FAMILY_VIOLENCE,en,conversational_augmented
confused state me hu exact time nahi pata,UNCERTAINTY_UNCLEAR_INFO,hinglish,conversational_augmented
Please listen... I feel so overwhelmed and anxious are you listening?,FEAR_DISTRESS_PANIC,en,conversational_augmented
madam... khatre me hu please send police right now mai sach bol raha hu.,IMMEDIATE_PHYSICAL_DANGER,hinglish,conversational_augmented
Operator: Your grievance number has been logged successfully,NEUTRAL_NO_INDICATOR,en,conversational_augmented
नमस्ते... सुरक्षा दीजिए हमें पुलिस की सख्त जरूरत है तुरंत मदद चाहिए।,REQUEST_POLICE_EMERGENCY_HELP,hi,conversational_augmented
urgent hai... usne galat tarike se touch kiya chedchad ki,SEXUAL_VIOLENCE_HARASSMENT,hinglish,conversational_augmented
I need urgent police security and protection right now please help immediately.,REQUEST_POLICE_EMERGENCY_HELP,en,conversational_augmented
सुनिए... सांस लेने में बहुत तकलीफ हो रही है बेहोश हो रहे हैं मुझे समझ नहीं आ रहा क्या करूं।,MEDICAL_EMERGENCY,hi,conversational_augmented
Help me... a group of village leaders is threatening our household,SOCIAL_COMMUNITY_PRESSURE,en,conversational_augmented
sir... dhamki deke gaya hai abhi thodi der pehle mai sach bol raha hu.,THREAT_INTIMIDATION,hinglish,conversational_augmented
sir... confused state me hu exact time nahi pata kya aap sun rahe ho?,UNCERTAINTY_UNCLEAR_INFO,hinglish,conversational_augmented
need mental health counselling and legal guidance send help immediately.,REQUEST_COUNSELLING_LEGAL_MEDICAL,hinglish,conversational_augmented
Help me... Operator: Your grievance number has been logged successfully are you listening?,NEUTRAL_NO_INDICATOR,en,conversational_augmented
हेल्प कीजिए... काउंसलर से बात करा दीजिए मानसिक तनाव के लिए प्लीज कुछ कीजिए।,REQUEST_COUNSELLING_LEGAL_MEDICAL,hi,conversational_augmented
सर... वो मुझे ब्लैकमेल कर रहा है पैसों के लिए जल्दी पुलिस भेजिए।,COERCION_BLACKMAIL,hi,conversational_augmented
suniye... in-laws dowry ke liye mentally aur physically abuse kar rahe hain mujhe samajh nahi aa raha kya karu.,DOMESTIC_FAMILY_VIOLENCE,hinglish,conversational_augmented
अरे... मैं अपने आप को नुकसान पहुंचा लूंगी जल्दी पुलिस भेजिए।,SELF_HARM_CONCERN,hi,conversational_augmented
hello... disabled person par assault attempt hua hai mujhe samajh nahi aa raha kya karu.,CHILD_ELDERLY_DISABILITY_VULNERABILITY,hinglish,conversational_augmented
arre... koi reason nahi bacha live karne ka,SELF_HARM_CONCERN,hinglish,conversational_augmented
mai bohot pareshan hu... advocate ki sahayata chahiye grievance file karne me mai sach bol raha hu.,REQUEST_COUNSELLING_LEGAL_MEDICAL,hinglish,conversational_augmented
he made vulgar sexual gestures and touched me please help immediately.,SEXUAL_VIOLENCE_HARASSMENT,en,conversational_augmented
सर... बाहर लोग हथियारों के साथ खड़े हैं क्या आप सुन रहे हैं?,IMMEDIATE_PHYSICAL_DANGER,hi,conversational_augmented
Hello... I am seriously injured and bleeding please help immediately.,PHYSICAL_VIOLENCE_INJURY,en,conversational_augmented
सुनिए... ससुराल वाले दहेज के लिए प्रताड़ित कर रहे हैं,DOMESTIC_FAMILY_VIOLENCE,hi,conversational_augmented
mere sath discrimination ho raha hai office me,DISCRIMINATION_CASTE_VULNERABILITY,hinglish,conversational_augmented
woh chala gaya hai ab koi danger nahi hai jaldi kuch kijiye.,CURRENT_SAFETY_REASSURANCE,hinglish,conversational_augmented
sir... usne dhamki nahi di sab theek hai please madad karo.,NEUTRAL_NO_INDICATOR,hinglish,conversational_augmented
अरे... कोई साथ देने वाला नहीं है चारों तरफ से अकेली हूं जल्दी पुलिस भेजिए।,ISOLATION_NO_SUPPORT,hi,conversational_augmented
woh ghar ke bahar khada hai weapon leke,IMMEDIATE_PHYSICAL_DANGER,hinglish,conversational_augmented
the patient is unconscious and unable to breathe,MEDICAL_EMERGENCY,en,conversational_augmented
Sir... someone is trying to break into my house right now,IMMEDIATE_PHYSICAL_DANGER,en,conversational_augmented
suniye... disabled person par assault attempt hua hai jaldi kuch kijiye.,CHILD_ELDERLY_DISABILITY_VULNERABILITY,hinglish,conversational_augmented
I am isolated in this house with zero support please help immediately.,ISOLATION_NO_SUPPORT,en,conversational_augmented
I need urgent help... the victim is a differently-abled person unable to run please send police now.,CHILD_ELDERLY_DISABILITY_VULNERABILITY,en,conversational_augmented
mai bohot pareshan hu... usne mujhe bohot mara hai bleeding ho rahi hai,PHYSICAL_VIOLENCE_INJURY,hinglish,conversational_augmented
mai bohot pareshan hu... husband roz daaru peeke marpeet karta hai mai sach bol raha hu.,DOMESTIC_FAMILY_VIOLENCE,hinglish,conversational_augmented
नमस्ते... मुझे थेरेपिस्ट से काउंसलिंग की जरूरत है मुझे समझ नहीं आ रहा क्या करूं।,REQUEST_COUNSELLING_LEGAL_MEDICAL,hi,conversational_augmented
listen... not sure what happened exactly unclear memory send help immediately.,UNCERTAINTY_UNCLEAR_INFO,hinglish,conversational_augmented
I have nowhere to go and nobody to call for assistance I don't know what to do.,ISOLATION_NO_SUPPORT,en,conversational_augmented
listen... koi sath nahi de raha sabne contact tod diya send help immediately.,ISOLATION_NO_SUPPORT,hinglish,conversational_augmented
homeless ho gaye hain koi shelter nahi hai mujhe samajh nahi aa raha kya karu.,NO_SAFE_PLACE_HOMELESSNESS,hinglish,conversational_augmented
ऑपरेटर: कृपया अपना नाम और फोन नंबर दर्ज कराएं,NEUTRAL_NO_INDICATOR,hi,conversational_augmented
mai bohot pareshan hu... no safe place to sleep tonight stranded on footpath mujhe samajh nahi aa raha kya karu.,NO_SAFE_PLACE_HOMELESSNESS,hinglish,conversational_augmented
help kijiye... sometimes calm sometimes suddenly attacks again please madad karo.,CONTRADICTORY_CHANGING_SITUATION,hinglish,conversational_augmented
मेरे सिर से खून निकल रहा है,PHYSICAL_VIOLENCE_INJURY,hi,direct_seed
panchayat ne social boycott announce kar diya hamara mujhe samajh nahi aa raha kya karu.,SOCIAL_COMMUNITY_PRESSURE,hinglish,conversational_augmented
ab mai safe hu police aa gayi hai mai sach bol raha hu.,CURRENT_SAFETY_REASSURANCE,hinglish,conversational_augmented
he threatened to burn everything down,THREAT_INTIMIDATION,en,direct_seed
madam... coercing me into doing things against my consent,COERCION_BLACKMAIL,hinglish,conversational_augmented
घर के दरवाजे पर लातें मार रहा है,IMMEDIATE_PHYSICAL_DANGER,hi,direct_seed
मेरे साथ भेदभाव कर रहे हैं और नीची जाति बोल रहे हैं प्लीज कुछ कीजिए।,DISCRIMINATION_CASTE_VULNERABILITY,hi,conversational_augmented
I am on the verge of killing myself please do something quickly.,SELF_HARM_CONCERN,en,conversational_augmented
मुझे कानूनी सलाह और वकील की मदद चाहिए तुरंत मदद चाहिए।,REQUEST_COUNSELLING_LEGAL_MEDICAL,hi,conversational_augmented
Hello... I have been thrown out of my house onto the street I don't know what to do.,NO_SAFE_PLACE_HOMELESSNESS,en,conversational_augmented
Officer... he tried to force himself onto me,SEXUAL_VIOLENCE_HARASSMENT,en,conversational_augmented
नमस्ते... बच्चे बहुत सहमे हुए हैं डर से,FEAR_DISTRESS_PANIC,hi,conversational_augmented
मैडम... बहुत भयभीत हूं अपने घर में,FEAR_DISTRESS_PANIC,hi,conversational_augmented
no safe place to sleep tonight stranded on footpath jaldi kuch kijiye.,NO_SAFE_PLACE_HOMELESSNESS,hinglish,conversational_augmented
please send police immediately to my location mai sach bol raha hu.,REQUEST_POLICE_EMERGENCY_HELP,hinglish,conversational_augmented
usne bola ki court gaya toh jaan se haath dho baithega send help immediately.,THREAT_INTIMIDATION,hinglish,conversational_augmented
Help me... I feel completely broken and suicidal,SELF_HARM_CONCERN,en,conversational_augmented
arre... apni jaan le lungi agar aisa hi chalta raha kya aap sun rahe ho?,SELF_HARM_CONCERN,hinglish,conversational_augmented
mai bohot pareshan hu... tracking my daily movements and clicking photos mujhe samajh nahi aa raha kya karu.,STALKING_FOLLOWING,hinglish,conversational_augmented
दहेज न लाने पर घर से निकालने की धमकी दी,DOMESTIC_FAMILY_VIOLENCE,hi,conversational_augmented
मैडम... स्थिति हर पल बदल रही है कुछ समझ नहीं आ रहा,CONTRADICTORY_CHANGING_SITUATION,hi,conversational_augmented
heavy bleeding ho rahi hai ambulance chahiye turant kya aap sun rahe ho?,MEDICAL_EMERGENCY,hinglish,conversational_augmented
मैडम... जातिसूचक गालियां देकर अपमानित किया गया मैं सच कह रहा हूं।,DISCRIMINATION_CASTE_VULNERABILITY,hi,conversational_augmented
नमस्ते... वो मुझे ब्लैकमेल कर रहा है पैसों के लिए मैं सच कह रहा हूं।,COERCION_BLACKMAIL,hi,conversational_augmented
confused state me hu exact time nahi pata,UNCERTAINTY_UNCLEAR_INFO,hinglish,conversational_augmented
हम सिर्फ फिल्म की कहानी पर चर्चा कर रहे थे,NEUTRAL_NO_INDICATOR,hi,direct_seed
सर... लीगल एड और कोर्ट प्रक्रिया की जानकारी चाहिए प्लीज कुछ कीजिए।,REQUEST_COUNSELLING_LEGAL_MEDICAL,hi,conversational_augmented
help kijiye... dhamka raha hai ki chup baitho send help immediately.,THREAT_INTIMIDATION,hinglish,conversational_augmented
arre... mohalla wale milkar harrass kar rahe hain kya aap sun rahe ho?,SOCIAL_COMMUNITY_PRESSURE,hinglish,conversational_augmented
Sir... there is an infant and a pregnant woman in the house please send police now.,CHILD_ELDERLY_DISABILITY_VULNERABILITY,en,conversational_augmented
बहुत उलझन में हूं सही जानकारी नहीं दे पा रही क्या आप सुन रहे हैं?,UNCERTAINTY_UNCLEAR_INFO,hi,conversational_augmented
the patient is unconscious and unable to breathe,MEDICAL_EMERGENCY,en,conversational_augmented
landlord threw all luggage out on the street kya aap sun rahe ho?,NO_SAFE_PLACE_HOMELESSNESS,hinglish,conversational_augmented
नमस्ते... कहा अगर पैसे नहीं दिए तो बदनाम कर दूंगा क्या आप सुन रहे हैं?,COERCION_BLACKMAIL,hi,conversational_augmented
he made severe verbal threats against my safety,THREAT_INTIMIDATION,en,conversational_augmented
Please listen... I am completely alone and have nobody to help me,ISOLATION_NO_SUPPORT,en,conversational_augmented
Ma'am... he threatened retaliation if I report to police,THREAT_INTIMIDATION,en,conversational_augmented
humare sath bhedbhav ho raha hai send help immediately.,DISCRIMINATION_CASTE_VULNERABILITY,hinglish,conversational_augmented
help kijiye... he threatened me but I am safe now mai sach bol raha hu.,CURRENT_SAFETY_REASSURANCE,hinglish,conversational_augmented
please send a PCR emergency van right away I don't know what to do.,REQUEST_POLICE_EMERGENCY_HELP,en,conversational_augmented
प्लीज... पड़ोसियों ने आकर मुझे बचा लिया अब सुरक्षित हूं मुझे समझ नहीं आ रहा क्या करूं।,CURRENT_SAFETY_REASSURANCE,hi,conversational_augmented
मैं बहुत परेशान हूं... डर के मारे कमरे में छिपी हूं मुझे समझ नहीं आ रहा क्या करूं।,FEAR_DISTRESS_PANIC,hi,conversational_augmented
Please listen... there is an infant and a pregnant woman in the house please do something quickly.,CHILD_ELDERLY_DISABILITY_VULNERABILITY,en,conversational_augmented
Sir... the patient is unconscious and unable to breathe I am telling the truth.,MEDICAL_EMERGENCY,en,conversational_augmented
he tried to strangle my neck,PHYSICAL_VIOLENCE_INJURY,en,conversational_augmented
सिर पर गहरी चोट है और उल्टियां हो रही हैं,MEDICAL_EMERGENCY,hi,direct_seed
प्लीज... छुआछूत का व्यवहार कर रहे हैं हमारे साथ,DISCRIMINATION_CASTE_VULNERABILITY,hi,conversational_augmented
Please listen... the situation is volatile and constantly shifting please send police now.,CONTRADICTORY_CHANGING_SITUATION,en,conversational_augmented
Officer... danger is imminent please dispatch emergency unit,IMMEDIATE_PHYSICAL_DANGER,en,conversational_augmented
sir... casteist slurs use karke publically insult kiya,DISCRIMINATION_CASTE_VULNERABILITY,hinglish,conversational_augmented
सुनिए... काउंसलर से बात करा दीजिए मानसिक तनाव के लिए मैं सच कह रहा हूं।,REQUEST_COUNSELLING_LEGAL_MEDICAL,hi,conversational_augmented
कोई सहारा नहीं है बिल्कुल बेसहारा हूं मैं सच कह रहा हूं।,ISOLATION_NO_SUPPORT,hi,conversational_augmented
Excuse me... I am being blackmailed and pressurized constantly I am telling the truth.,COERCION_BLACKMAIL,en,conversational_augmented
he is attacking the security gate right now I am telling the truth.,IMMEDIATE_PHYSICAL_DANGER,en,conversational_augmented
suniye... severe blood loss and head injury need emergency care please madad karo.,MEDICAL_EMERGENCY,hinglish,conversational_augmented
I have reached a safe and secure location are you listening?,CURRENT_SAFETY_REASSURANCE,en,conversational_augmented
completely isolated and stranded without contacts kya aap sun rahe ho?,ISOLATION_NO_SUPPORT,hinglish,conversational_augmented
advocate ki sahayata chahiye grievance file karne me please madad karo.,REQUEST_COUNSELLING_LEGAL_MEDICAL,hinglish,conversational_augmented
I don't want to live anymore I don't know what to do.,SELF_HARM_CONCERN,en,conversational_augmented
listen... reached inside police thana now totally safe,CURRENT_SAFETY_REASSURANCE,hinglish,conversational_augmented
sir... domestic violence ho rahi hai mere sath ghar par mai sach bol raha hu.,DOMESTIC_FAMILY_VIOLENCE,hinglish,conversational_augmented
सर... बहुत भयभीत हूं अपने घर में,FEAR_DISTRESS_PANIC,hi,conversational_augmented
Sir... he physically assaulted me and I am injured,PHYSICAL_VIOLENCE_INJURY,en,conversational_augmented
help kijiye... he threatnd me but I am safe now send help immediately.,CURRENT_SAFETY_REASSURANCE,hinglish,conversational_augmented
I am facing continuous sexual harassment at workplace,SEXUAL_VIOLENCE_HARASSMENT,en,conversational_augmented
I need urgent help... I need urgent police security and protection right now please do something quickly.,REQUEST_POLICE_EMERGENCY_HELP,en,conversational_augmented
I need urgent help... I am in a state of severe panic,FEAR_DISTRESS_PANIC,en,conversational_augmented
मेरी बात सुनिए... अपनी जान दे दूंगी मैं जल्दी पुलिस भेजिए।,SELF_HARM_CONCERN,hi,conversational_augmented
madam... not sure what happened exactly unclear memory,UNCERTAINTY_UNCLEAR_INFO,hinglish,conversational_augmented
Please listen... he sent non-consensual explicit photos I am telling the truth.,SEXUAL_VIOLENCE_HARASSMENT,en,conversational_augmented
marr jana chahti hu sabse tang aake kya aap sun rahe ho?,SELF_HARM_CONCERN,hinglish,conversational_augmented
"Sir... the PCR unit is here with me, I am protected are you listening?",CURRENT_SAFETY_REASSURANCE,en,conversational_augmented
Excuse me... please dispatch police to my location immediately I am telling the truth.,REQUEST_POLICE_EMERGENCY_HELP,en,conversational_augmented
he was not threatening anyone it was a misunderstanding,NEUTRAL_NO_INDICATOR,hinglish,direct_seed
madam... minor child ki safety at high risk right now please madad karo.,CHILD_ELDERLY_DISABILITY_VULNERABILITY,hinglish,conversational_augmented
सर... मेरे साथ शारीरिक जबरदस्ती की गई मुझे समझ नहीं आ रहा क्या करूं।,SEXUAL_VIOLENCE_HARASSMENT,hi,conversational_augmented
he is forcing me to pay large sums of money I am telling the truth.,COERCION_BLACKMAIL,en,conversational_augmented
बचाओ वो अंदर आ गया है,IMMEDIATE_PHYSICAL_DANGER,hi,direct_seed
Ma'am... we were forcibly evicted and have no place to go are you listening?,NO_SAFE_PLACE_HOMELESSNESS,en,conversational_augmented
warning de raha hai ki sabak sikhayega,THREAT_INTIMIDATION,hinglish,direct_seed
he shoved me down the stairs violently,PHYSICAL_VIOLENCE_INJURY,en,direct_seed
deep head laceration with heavy blood loss please do something quickly.,MEDICAL_EMERGENCY,en,conversational_augmented
प्लीज... काउंसलर से बात करा दीजिए मानसिक तनाव के लिए,REQUEST_COUNSELLING_LEGAL_MEDICAL,hi,conversational_augmented
pregnant lady hai ghar pe aur small kids hain,CHILD_ELDERLY_DISABILITY_VULNERABILITY,hinglish,conversational_augmented
a minor child is trapped inside facing grave risk I don't know what to do.,CHILD_ELDERLY_DISABILITY_VULNERABILITY,en,conversational_augmented
please... casteist slurs use karke publically insult kiya mujhe samajh nahi aa raha kya karu.,DISCRIMINATION_CASTE_VULNERABILITY,hinglish,conversational_augmented
नमस्ते... उसने मुझे गलत तरीके से छुआ जल्दी पुलिस भेजिए।,SEXUAL_VIOLENCE_HARASSMENT,hi,conversational_augmented
Excuse me... I am uncertain and confused about what transpired are you listening?,UNCERTAINTY_UNCLEAR_INFO,en,conversational_augmented
सर... अज्ञात व्यक्ति मेरा पीछा करता है घर तक मुझे समझ नहीं आ रहा क्या करूं।,STALKING_FOLLOWING,hi,conversational_augmented
Ma'am... I have been thrown out of my house onto the street please do something quickly.,NO_SAFE_PLACE_HOMELESSNESS,en,conversational_augmented
उसने कहा कि तुझे रास्ते से हटा दूंगा,THREAT_INTIMIDATION,hi,direct_seed
Help me... he threatened to murder me in broad daylight I am telling the truth.,THREAT_INTIMIDATION,en,conversational_augmented
need mental health counselling and legal guidance mujhe samajh nahi aa raha kya karu.,REQUEST_COUNSELLING_LEGAL_MEDICAL,hinglish,conversational_augmented
severe blood loss and head injury need emergency care mai sach bol raha hu.,MEDICAL_EMERGENCY,hinglish,conversational_augmented
he touched me inappropriately against my will,SEXUAL_VIOLENCE_HARASSMENT,en,conversational_augmented
hello... panchayat ne social boycott announce kar diya hamara mai sach bol raha hu.,SOCIAL_COMMUNITY_PRESSURE,hinglish,conversational_augmented
arre... koi sath nahi de raha sabne contact tod diya jaldi kuch kijiye.,ISOLATION_NO_SUPPORT,hinglish,conversational_augmented
नमस्ते... उसने मेरा गला दबाने की कोशिश की मुझे समझ नहीं आ रहा क्या करूं।,PHYSICAL_VIOLENCE_INJURY,hi,conversational_augmented
प्लीज... खून बह रहा है हाथ से बहुत तेज,PHYSICAL_VIOLENCE_INJURY,hi,conversational_augmented
I need urgent help... the victim is a differently-abled person unable to run I am telling the truth.,CHILD_ELDERLY_DISABILITY_VULNERABILITY,en,conversational_augmented
hello... not sure what happened exactly unclear memory jaldi kuch kijiye.,UNCERTAINTY_UNCLEAR_INFO,hinglish,conversational_augmented
experiencing severe chest pain and medical collapse please do something quickly.,MEDICAL_EMERGENCY,en,conversational_augmented
contradictory situation hai outcome uncertain hai send help immediately.,CONTRADICTORY_CHANGING_SITUATION,hinglish,conversational_augmented
arre... apne aap ko hurt karne ka man kar raha hai kya aap sun rahe ho?,SELF_HARM_CONCERN,hinglish,conversational_augmented
Help me... I am stranded on the roadside with nowhere to sleep I am telling the truth.,NO_SAFE_PLACE_HOMELESSNESS,en,conversational_augmented
need immediate polce intervention and escort mai sach bol raha hu.,REQUEST_POLICE_EMERGENCY_HELP,hinglish,conversational_augmented
mai bohot pareshan hu... bahut ghabrahat ho rahi hai panic ho raha hai send help immediately.,FEAR_DISTRESS_PANIC,hinglish,conversational_augmented
I need urgent help... the local panchayat has ordered a complete social boycott,SOCIAL_COMMUNITY_PRESSURE,en,conversational_augmented
mai bohot pareshan hu... mohalla wale milkar harrass kar rahe hain mai sach bol raha hu.,SOCIAL_COMMUNITY_PRESSURE,hinglish,conversational_augmented
madam... mai ab jeena nahi chahta,SELF_HARM_CONCERN,hinglish,conversational_augmented
suniye... tracking my daily movements and clicking photos send help immediately.,STALKING_FOLLOWING,hinglish,conversational_augmented
roz ghar ke bahar khada rehta hai bike leke,STALKING_FOLLOWING,hinglish,direct_seed
sir... cannot bear this emotional pain anymore want to die,SELF_HARM_CONCERN,hinglish,conversational_augmented
I have no safe shelter or roof over my head tonight are you listening?,NO_SAFE_PLACE_HOMELESSNESS,en,conversational_augmented
Help me... we are facing intense community ostracization and pressure please help immediately.,SOCIAL_COMMUNITY_PRESSURE,en,conversational_augmented
help kijiye... SC/ST community se hone ke karan dukan se bhaga diya jaldi kuch kijiye.,DISCRIMINATION_CASTE_VULNERABILITY,hinglish,conversational_augmented
I need urgent help... I need legal guidance and lawyer consultation please do something quickly.,REQUEST_COUNSELLING_LEGAL_MEDICAL,en,conversational_augmented
सर... मैं अपने आप को नुकसान पहुंचा लूंगी मैं सच कह रहा हूं।,SELF_HARM_CONCERN,hi,conversational_augmented
Please listen... I am being stalked by an unknown person continuously are you listening?,STALKING_FOLLOWING,en,conversational_augmented
मैडम... सास और ससुर घर में बंद करके मारते हैं,DOMESTIC_FAMILY_VIOLENCE,hi,conversational_augmented
hello... patient is unconscious please dispatch medical team mujhe samajh nahi aa raha kya karu.,MEDICAL_EMERGENCY,hinglish,conversational_augmented
मेरे साथ छेड़छाड़ की गई है,SEXUAL_VIOLENCE_HARASSMENT,hi,conversational_augmented
मेरी बात सुनिए... अकेले कमरे में बंद हूं कोई रिश्तेदार नहीं है प्लीज कुछ कीजिए।,ISOLATION_NO_SUPPORT,hi,conversational_augmented
I cannot calm down because of fear please help immediately.,FEAR_DISTRESS_PANIC,en,conversational_augmented
I was threatened by an armed individual,THREAT_INTIMIDATION,en,conversational_augmented
listen... completely isolated and stranded without contacts mujhe samajh nahi aa raha kya karu.,ISOLATION_NO_SUPPORT,hinglish,conversational_augmented
heavy bleeding ho rahi hai ambulance chahiye turant please madad karo.,MEDICAL_EMERGENCY,hinglish,conversational_augmented
I have been thrown out of my house onto the street please do something quickly.,NO_SAFE_PLACE_HOMELESSNESS,en,conversational_augmented
help kijiye... ab sab normal hai danger pass ho gaya hai send help immediately.,CURRENT_SAFETY_REASSURANCE,hinglish,conversational_augmented
Ma'am... I am uncertain and confused about what transpired please do something quickly.,UNCERTAINTY_UNCLEAR_INFO,en,conversational_augmented
I am isolated in this house with zero support,ISOLATION_NO_SUPPORT,en,direct_seed
बहुत उलझन में हूं सही जानकारी नहीं दे पा रही मुझे समझ नहीं आ रहा क्या करूं।,UNCERTAINTY_UNCLEAR_INFO,hi,conversational_augmented
urgent hai... patient is unconscious please dispatch medical team mai sach bol raha hu.,MEDICAL_EMERGENCY,hinglish,conversational_augmented
he is forcing me to pay large sums of money,COERCION_BLACKMAIL,en,conversational_augmented
धमकी दे रहा है कि तेरी जिंदगी नरक बना दूंगा,THREAT_INTIMIDATION,hi,direct_seed
I have reached a safe and secure location,CURRENT_SAFETY_REASSURANCE,en,direct_seed
madam... koi madad karne wala nahi hai bilkul akeli hu,ISOLATION_NO_SUPPORT,hinglish,conversational_augmented
peecha karke darwaaze tak aa gaya,STALKING_FOLLOWING,hinglish,conversational_augmented
Sir... my in-laws threatened to burn me alive for dowry,DOMESTIC_FAMILY_VIOLENCE,en,conversational_augmented
प्लीज... धमका कर पैसे मांग रहा है जल्दी पुलिस भेजिए।,THREAT_INTIMIDATION,hi,conversational_augmented
hello... bol raha hai ki dekh lunga bahar nikal,THREAT_INTIMIDATION,hinglish,conversational_augmented
bohot zyada panic situation hai please madad karo.,FEAR_DISTRESS_PANIC,hinglish,conversational_augmented
Officer... deep head laceration with heavy blood loss,MEDICAL_EMERGENCY,en,conversational_augmented
कृपया ध्यान दीजिए... उसने मुझे कोई धमकी नहीं दी क्या आप सुन रहे हैं?,NEUTRAL_NO_INDICATOR,hi,conversational_augmented
मैं बहुत परेशान हूं... कभी वो शांत हो जाता है कभी अचानक हमला कर देता है मैं सच कह रहा हूं।,CONTRADICTORY_CHANGING_SITUATION,hi,conversational_augmented
नमस्ते... खिड़की से घुसने की कोशिश कर रहा है प्लीज कुछ कीजिए।,IMMEDIATE_PHYSICAL_DANGER,hi,conversational_augmented
suniye... jabarjasti karne ki koshish ki usne,SEXUAL_VIOLENCE_HARASSMENT,hinglish,conversational_augmented
Hello... Operator: Please state your district and contact details I am telling the truth.,NEUTRAL_NO_INDICATOR,en,conversational_augmented
Ma'am... initially it seemed resolved but suddenly violence flared up again please do something quickly.,CONTRADICTORY_CHANGING_SITUATION,en,conversational_augmented
listen... inappropriate physical contact kiya forcefully mujhe samajh nahi aa raha kya karu.,SEXUAL_VIOLENCE_HARASSMENT,hinglish,conversational_augmented
homeless ho gaye hain koi shelter nahi hai kya aap sun rahe ho?,NO_SAFE_PLACE_HOMELESSNESS,hinglish,conversational_augmented
प्लीज... अपनी जान दे दूंगी मैं,SELF_HARM_CONCERN,hi,conversational_augmented
प्लीज... बहुत उलझन में हूं सही जानकारी नहीं दे पा रही प्लीज कुछ कीजिए।,UNCERTAINTY_UNCLEAR_INFO,hi,conversational_augmented
सुनिए... निचली जाति का बोलकर मंदिर में जाने से रोका मैं सच कह रहा हूं।,DISCRIMINATION_CASTE_VULNERABILITY,hi,conversational_augmented
मेरी बात सुनिए... उसने मुझे गलत तरीके से छुआ जल्दी पुलिस भेजिए।,SEXUAL_VIOLENCE_HARASSMENT,hi,conversational_augmented
मैं बहुत परेशान हूं... मेरे साथ शारीरिक जबरदस्ती की गई मैं सच कह रहा हूं।,SEXUAL_VIOLENCE_HARASSMENT,hi,conversational_augmented
have no family or friends to support me here send help immediately.,ISOLATION_NO_SUPPORT,hinglish,conversational_augmented
सर... हम केवल समय और तारीख की जानकारी के लिए कॉल किए हैं मैं सच कह रहा हूं।,NEUTRAL_NO_INDICATOR,hi,conversational_augmented
Help me... we were forcibly evicted and have no place to go please help immediately.,NO_SAFE_PLACE_HOMELESSNESS,en,conversational_augmented
hello... pata nahi kahan hu landmark nahi dikh raha send help immediately.,UNCERTAINTY_UNCLEAR_INFO,hinglish,conversational_augmented
I am being extorted and coerced under threat of defamation I don't know what to do.,COERCION_BLACKMAIL,en,conversational_augmented
सुनिए... रहने का कोई ठिकाना नहीं है बेघर हो गई हूं मैं सच कह रहा हूं।,NO_SAFE_PLACE_HOMELESSNESS,hi,conversational_augmented
प्लीज... हमला करके मुझे नीचे गिरा दिया मुझे समझ नहीं आ रहा क्या करूं।,PHYSICAL_VIOLENCE_INJURY,hi,conversational_augmented
mai bohot pareshan hu... darr ki koi baat nahi hai normal hu,NEUTRAL_NO_INDICATOR,hinglish,conversational_augmented
need mental health counselling and legal guidance,REQUEST_COUNSELLING_LEGAL_MEDICAL,hinglish,direct_seed
dispatch 112 emergency police unit right now,REQUEST_POLICE_EMERGENCY_HELP,hinglish,conversational_augmented
madam... no safe place to sleep tonight stranded on footpath kya aap sun rahe ho?,NO_SAFE_PLACE_HOMELESSNESS,hinglish,conversational_augmented
I need urgent help... I am being extorted and coerced under threat of defamation,COERCION_BLACKMAIL,en,conversational_augmented
I am being extorted and coerced under threat of defamation,COERCION_BLACKMAIL,en,conversational_augmented
हमला करके मुझे नीचे गिरा दिया क्या आप सुन रहे हैं?,PHYSICAL_VIOLENCE_INJURY,hi,conversational_augmented
urgent hai... koi sath nahi de raha sabne contact tod diya,ISOLATION_NO_SUPPORT,hinglish,conversational_augmented
I feel so overwhelmed and anxious,FEAR_DISTRESS_PANIC,en,conversational_augmented
he threatened to destroy my home and life please send police now.,THREAT_INTIMIDATION,en,conversational_augmented
chaku se hamla kiya haath cut gaya,PHYSICAL_VIOLENCE_INJURY,hinglish,direct_seed
hello... usne dhamki nahi di sab theek hai kya aap sun rahe ho?,NEUTRAL_NO_INDICATOR,hinglish,conversational_augmented
कृपया ध्यान दीजिए... पता नहीं कौन था और क्या जगह थी,UNCERTAINTY_UNCLEAR_INFO,hi,conversational_augmented
urgent hai... coercing me into doing things against my consent,COERCION_BLACKMAIL,hinglish,conversational_augmented
urgent hai... please send police immediately to my location mai sach bol raha hu.,REQUEST_POLICE_EMERGENCY_HELP,hinglish,conversational_augmented
madam... sometimes calm sometimes suddenly attacks again jaldi kuch kijiye.,CONTRADICTORY_CHANGING_SITUATION,hinglish,conversational_augmented
ससुराल वाले दहेज के लिए प्रताड़ित कर रहे हैं तुरंत मदद चाहिए।,DOMESTIC_FAMILY_VIOLENCE,hi,conversational_augmented
"Please hear me... I need an ambulance immediately, severe bleeding I am telling the truth.",MEDICAL_EMERGENCY,en,conversational_augmented
घर से निकाल दिया गया है सड़क पर बैठी हूं क्या आप सुन रहे हैं?,NO_SAFE_PLACE_HOMELESSNESS,hi,conversational_augmented
mai bohot pareshan hu... warning de raha hai ki sabak sikhayega jaldi kuch kijiye.,THREAT_INTIMIDATION,hinglish,conversational_augmented
Officer... I don't know the exact landmark around me please do something quickly.,UNCERTAINTY_UNCLEAR_INFO,en,conversational_augmented
he grabbed me forcefully and made sexual remarks,SEXUAL_VIOLENCE_HARASSMENT,en,conversational_augmented
help kijiye... chaku se hamla kiya haath cut gaya send help immediately.,PHYSICAL_VIOLENCE_INJURY,hinglish,conversational_augmented
woh chala gaya hai ab koi danger nahi hai,CURRENT_SAFETY_REASSURANCE,hinglish,conversational_augmented
mai bohot pareshan hu... bohot pareshan hu dar lag raha hai send help immediately.,FEAR_DISTRESS_PANIC,hinglish,conversational_augmented
help kijiye... mai yahan bilkul akela hu koi relative nahi hai mai sach bol raha hu.,ISOLATION_NO_SUPPORT,hinglish,conversational_augmented
सर... रहने का कोई ठिकाना नहीं है बेघर हो गई हूं क्या आप सुन रहे हैं?,NO_SAFE_PLACE_HOMELESSNESS,hi,conversational_augmented
"Help me... Hello, welcome to the National Helpline 14566 I don't know what to do.",NEUTRAL_NO_INDICATOR,en,conversational_augmented
सर... बहुत उलझन में हूं सही जानकारी नहीं दे पा रही,UNCERTAINTY_UNCLEAR_INFO,hi,conversational_augmented
a man threatened me with a knife,THREAT_INTIMIDATION,en,direct_seed
entire village mob is pressurizing our family mujhe samajh nahi aa raha kya karu.,SOCIAL_COMMUNITY_PRESSURE,hinglish,conversational_augmented
Please listen... facing severe caste-based discrimination and untouchability I don't know what to do.,DISCRIMINATION_CASTE_VULNERABILITY,en,conversational_augmented
mai bohot pareshan hu... chaku se hamla kiya haath cut gaya send help immediately.,PHYSICAL_VIOLENCE_INJURY,hinglish,conversational_augmented
Hello... I want to hurt myself to stop this pain I am telling the truth.,SELF_HARM_CONCERN,en,conversational_augmented
अरे... मेरी निजी तस्वीरें वायरल करने की धमकी दे रहा है क्या आप सुन रहे हैं?,COERCION_BLACKMAIL,hi,conversational_augmented
सर... सामूहिक रूप से हम पर दबाव बनाया जा रहा है तुरंत मदद चाहिए।,SOCIAL_COMMUNITY_PRESSURE,hi,conversational_augmented
he physically assaulted me and I am injured please help immediately.,PHYSICAL_VIOLENCE_INJURY,en,conversational_augmented
sir... contradictory situation hai outcome uncertain hai mai sach bol raha hu.,CONTRADICTORY_CHANGING_SITUATION,hinglish,conversational_augmented
मैडम... सांस लेने में बहुत तकलीफ हो रही है बेहोश हो रहे हैं प्लीज कुछ कीजिए।,MEDICAL_EMERGENCY,hi,conversational_augmented
सुनिए... मुझे जान से मारने की धमकियां मिल रही हैं मैं सच कह रहा हूं।,THREAT_INTIMIDATION,hi,conversational_augmented
Excuse me... he sent threatening text messages demanding money,THREAT_INTIMIDATION,en,conversational_augmented
help kijiye... confused state me hu exact time nahi pata,UNCERTAINTY_UNCLEAR_INFO,hinglish,conversational_augmented
arre... contradictory situation hai outcome uncertain hai,CONTRADICTORY_CHANGING_SITUATION,hinglish,conversational_augmented
suniye... blackmail kar raha hai ki social media par daal dega,COERCION_BLACKMAIL,hinglish,conversational_augmented
Please hear me... I feel like ending my life right now,SELF_HARM_CONCERN,en,conversational_augmented
Excuse me... we were forcibly evicted and have no place to go I am telling the truth.,NO_SAFE_PLACE_HOMELESSNESS,en,conversational_augmented
he threatened to destroy my home and life,THREAT_INTIMIDATION,en,direct_seed
arre... blakmail karke mental torture de raha hai please madad karo.,COERCION_BLACKMAIL,hinglish,conversational_augmented
Excuse me... I don't know the exact landmark around me,UNCERTAINTY_UNCLEAR_INFO,en,conversational_augmented
Excuse me... a group of village leaders is threatening our household I don't know what to do.,SOCIAL_COMMUNITY_PRESSURE,en,conversational_augmented
मैडम... कोई सहारा नहीं है बिल्कुल बेसहारा हूं प्लीज कुछ कीजिए।,ISOLATION_NO_SUPPORT,hi,conversational_augmented
SC/ST community se hone ke karan dukan se bhaga diya,DISCRIMINATION_CASTE_VULNERABILITY,hinglish,direct_seed
पूरे गांव और पंचायत ने हमारा बहिष्कार कर दिया है मैं सच कह रहा हूं।,SOCIAL_COMMUNITY_PRESSURE,hi,conversational_augmented
मेरी बात सुनिए... कृपया अपनी शिकायत की श्रेणी और जिला बताइए मैं सच कह रहा हूं।,NEUTRAL_NO_INDICATOR,hi,conversational_augmented
रात में सड़क पर खड़ी हूं कोई सुरक्षित जगह नहीं है मैं सच कह रहा हूं।,NO_SAFE_PLACE_HOMELESSNESS,hi,conversational_augmented
please dispatch police to my location immediately please send police now.,REQUEST_POLICE_EMERGENCY_HELP,en,conversational_augmented
I am completely alone and have nobody to help me I don't know what to do.,ISOLATION_NO_SUPPORT,en,conversational_augmented
koi madad karne wala nahi hai bilkul akeli hu jaldi kuch kijiye.,ISOLATION_NO_SUPPORT,hinglish,conversational_augmented
Ma'am... my family members are physically abusing me please help immediately.,DOMESTIC_FAMILY_VIOLENCE,en,conversational_augmented
मैं बहुत डरा हुआ हूं,FEAR_DISTRESS_PANIC,hi,direct_seed
sir... ghar me elderly parents hain jo bedridden hain please madad karo.,CHILD_ELDERLY_DISABILITY_VULNERABILITY,hinglish,conversational_augmented
he is trying to climb through the window I am telling the truth.,IMMEDIATE_PHYSICAL_DANGER,en,conversational_augmented
Sir... deep head laceration with heavy blood loss,MEDICAL_EMERGENCY,en,conversational_augmented
सर... सास और ससुर घर में बंद करके मारते हैं,DOMESTIC_FAMILY_VIOLENCE,hi,conversational_augmented
Hello... I am being discriminated against at work and in public I don't know what to do.,DISCRIMINATION_CASTE_VULNERABILITY,en,conversational_augmented
listen... please send police immediately to my location,REQUEST_POLICE_EMERGENCY_HELP,hinglish,conversational_augmented
Officer... I am uncertain and confused about what transpired,UNCERTAINTY_UNCLEAR_INFO,en,conversational_augmented
Officer... there is an infant and a pregnant woman in the house I am telling the truth.,CHILD_ELDERLY_DISABILITY_VULNERABILITY,en,conversational_augmented
mai bohot pareshan hu... counsellor se baat karni hai stress relief ke liye jaldi kuch kijiye.,REQUEST_COUNSELLING_LEGAL_MEDICAL,hinglish,conversational_augmented
the patient is unconscious and unable to breathe are you listening?,MEDICAL_EMERGENCY,en,conversational_augmented
husband roz daaru peeke marpeet karta hai mujhe samajh nahi aa raha kya karu.,DOMESTIC_FAMILY_VIOLENCE,hinglish,conversational_augmented
खून करने की खुली धमकी दे रहा है,THREAT_INTIMIDATION,hi,direct_seed
Please hear me... he touched me inappropriately against my will are you listening?,SEXUAL_VIOLENCE_HARASSMENT,en,conversational_augmented
हेल्प कीजिए... ब्लैकमेल करके लगातार दबाव बना रहा है क्या आप सुन रहे हैं?,COERCION_BLACKMAIL,hi,conversational_augmented
अरे... किराए के कमरे से जबरन सामान फेंक कर निकाल दिया मैं सच कह रहा हूं।,NO_SAFE_PLACE_HOMELESSNESS,hi,conversational_augmented
मैं बहुत परेशान हूं... ब्लैकमेल करके लगातार दबाव बना रहा है तुरंत मदद चाहिए।,COERCION_BLACKMAIL,hi,conversational_augmented
प्लीज... घरेलू हिंसा का शिकार हो रही हूं रोज प्लीज कुछ कीजिए।,DOMESTIC_FAMILY_VIOLENCE,hi,conversational_augmented
Hello... it was a harmless conversation with no threatening language I am telling the truth.,NEUTRAL_NO_INDICATOR,en,conversational_augmented
experiencing severe chest pain and medical collapse I don't know what to do.,MEDICAL_EMERGENCY,en,conversational_augmented
I don't know the exact landmark around me,UNCERTAINTY_UNCLEAR_INFO,en,conversational_augmented
urgent hai... entire village mob is pressurizing our family jaldi kuch kijiye.,SOCIAL_COMMUNITY_PRESSURE,hinglish,conversational_augmented
urgent hai... counsellor se baat karni hai stress relief ke liye please madad karo.,REQUEST_COUNSELLING_LEGAL_MEDICAL,hinglish,conversational_augmented
mai bohot pareshan hu... need mental health counselling and legal guidance,REQUEST_COUNSELLING_LEGAL_MEDICAL,hinglish,conversational_augmented
मेरे साथ छेड़छाड़ की गई है मुझे समझ नहीं आ रहा क्या करूं।,SEXUAL_VIOLENCE_HARASSMENT,hi,conversational_augmented
Sir... I am stranded on the roadside with nowhere to sleep,NO_SAFE_PLACE_HOMELESSNESS,en,conversational_augmented
मैं बहुत परेशान हूं... रात में सड़क पर खड़ी हूं कोई सुरक्षित जगह नहीं है मुझे समझ नहीं आ रहा क्या करूं।,NO_SAFE_PLACE_HOMELESSNESS,hi,conversational_augmented
खतरा टल चुका है अब कोई डर नहीं है प्लीज कुछ कीजिए।,CURRENT_SAFETY_REASSURANCE,hi,conversational_augmented
I have no safe shelter or roof over my head tonight,NO_SAFE_PLACE_HOMELESSNESS,en,conversational_augmented
सामूहिक रूप से हम पर दबाव बनाया जा रहा है,SOCIAL_COMMUNITY_PRESSURE,hi,direct_seed
I need urgent help... no physical violence or threats occurred please do something quickly.,NEUTRAL_NO_INDICATOR,en,conversational_augmented
I feel like committing suicide please send police now.,SELF_HARM_CONCERN,en,conversational_augmented
help kijiye... severe blood loss and head injury need emergency care,MEDICAL_EMERGENCY,hinglish,conversational_augmented
unstable and fluctuating circumstances right now are you listening?,CONTRADICTORY_CHANGING_SITUATION,en,conversational_augmented
body pe bohot injuries hain marpeet hui hai,PHYSICAL_VIOLENCE_INJURY,hinglish,conversational_augmented
हेल्प कीजिए... अत्यधिक बेचैनी और दहशत महसूस हो रही है,FEAR_DISTRESS_PANIC,hi,conversational_augmented
usne dhamki di ki kidnap kar lega jaldi kuch kijiye.,THREAT_INTIMIDATION,hinglish,conversational_augmented
Please listen... I have no safe shelter or roof over my head tonight please do something quickly.,NO_SAFE_PLACE_HOMELESSNESS,en,conversational_augmented
Ma'am... a group of village leaders is threatening our household are you listening?,SOCIAL_COMMUNITY_PRESSURE,en,conversational_augmented
सुनिए... घर में छोटा बच्चा और गर्भवती महिला है जल्दी पुलिस भेजिए।,CHILD_ELDERLY_DISABILITY_VULNERABILITY,hi,conversational_augmented
facing continuous discrimination and harassment based on my caste are you listening?,DISCRIMINATION_CASTE_VULNERABILITY,en,conversational_augmented
ससुराल वाले दहेज के लिए प्रताड़ित कर रहे हैं प्लीज कुछ कीजिए।,DOMESTIC_FAMILY_VIOLENCE,hi,conversational_augmented
disabled person par assault attempt hua hai please madad karo.,CHILD_ELDERLY_DISABILITY_VULNERABILITY,hinglish,conversational_augmented
Officer... I cannot clearly recall the exact details or location please send police now.,UNCERTAINTY_UNCLEAR_INFO,en,conversational_augmented
someone threatened me jaldi kuch kijiye.,THREAT_INTIMIDATION,hinglish,conversational_augmented
help kijiye... pata nahi kahan hu landmark nahi dikh raha,UNCERTAINTY_UNCLEAR_INFO,hinglish,conversational_augmented
अरे... बुजुर्ग माता-पिता हैं जो चलने में असमर्थ हैं तुरंत मदद चाहिए।,CHILD_ELDERLY_DISABILITY_VULNERABILITY,hi,conversational_augmented
I am facing continuous sexual harassment at workplace I am telling the truth.,SEXUAL_VIOLENCE_HARASSMENT,en,conversational_augmented
अरे... अकेले कमरे में बंद हूं कोई रिश्तेदार नहीं है तुरंत मदद चाहिए।,ISOLATION_NO_SUPPORT,hi,conversational_augmented
Help me... I have been thrown out of my house onto the street I don't know what to do.,NO_SAFE_PLACE_HOMELESSNESS,en,conversational_augmented
अरे... भेदभाव कर रहे हैं और अपमानजनक शब्द बोल रहे हैं मुझे समझ नहीं आ रहा क्या करूं।,DISCRIMINATION_CASTE_VULNERABILITY,hi,conversational_augmented
usne mujhe koi dhamki nahi di hai please madad karo.,NEUTRAL_NO_INDICATOR,hinglish,conversational_augmented
सर... शारीरिक रूप से प्रताड़ित किया गया है मुझे समझ नहीं आ रहा क्या करूं।,PHYSICAL_VIOLENCE_INJURY,hi,conversational_augmented
Please hear me... I have been thrown out of my house onto the street please do something quickly.,NO_SAFE_PLACE_HOMELESSNESS,en,conversational_augmented
हम सिर्फ फिल्म की कहानी पर चर्चा कर रहे थे जल्दी पुलिस भेजिए।,NEUTRAL_NO_INDICATOR,hi,conversational_augmented
Please hear me... I am hiding under the bed he is inside the house are you listening?,IMMEDIATE_PHYSICAL_DANGER,en,conversational_augmented
Hello... he is attempting to force his way inside I don't know what to do.,IMMEDIATE_PHYSICAL_DANGER,en,conversational_augmented
suniye... usne private photos leak karne ki blackmailing shuru kar di send help immediately.,COERCION_BLACKMAIL,hinglish,conversational_augmented
Sir... I feel completely helpless and scared please send police now.,FEAR_DISTRESS_PANIC,en,conversational_augmented
Sir... the situation is volatile and constantly shifting,CONTRADICTORY_CHANGING_SITUATION,en,conversational_augmented
listen... legal advice and free legal aid lawyer chahiye,REQUEST_COUNSELLING_LEGAL_MEDICAL,hinglish,conversational_augmented
तुरंत एम्बुलेंस भेजिए मरीज की हालत गंभीर है मैं सच कह रहा हूं।,MEDICAL_EMERGENCY,hi,conversational_augmented
कृपया ध्यान दीजिए... मोहल्ले के लोग मिलकर धमकी दे रहे हैं मैं सच कह रहा हूं।,SOCIAL_COMMUNITY_PRESSURE,hi,conversational_augmented
डर लग रहा है कोई मुझे बचाओ प्लीज कुछ कीजिए।,FEAR_DISTRESS_PANIC,hi,conversational_augmented
we were forcibly evicted and have no place to go,NO_SAFE_PLACE_HOMELESSNESS,en,conversational_augmented
कभी वो शांत हो जाता है कभी अचानक हमला कर देता है,CONTRADICTORY_CHANGING_SITUATION,hi,direct_seed
I am on the verge of killing myself please help immediately.,SELF_HARM_CONCERN,en,conversational_augmented
Excuse me... we were forcibly evicted and have no place to go I don't know what to do.,NO_SAFE_PLACE_HOMELESSNESS,en,conversational_augmented
mai bohot pareshan hu... ghar se nikal diya hai road par khadi hu,NO_SAFE_PLACE_HOMELESSNESS,hinglish,conversational_augmented
please... disabled person par assault attempt hua hai kya aap sun rahe ho?,CHILD_ELDERLY_DISABILITY_VULNERABILITY,hinglish,conversational_augmented
कृपया ध्यान दीजिए... मेरे सिर से खून निकल रहा है,PHYSICAL_VIOLENCE_INJURY,hi,conversational_augmented
Please hear me... I am on the verge of killing myself I don't know what to do.,SELF_HARM_CONCERN,en,conversational_augmented
घर से निकाल दिया गया है सड़क पर बैठी हूं क्या आप सुन रहे हैं?,NO_SAFE_PLACE_HOMELESSNESS,hi,conversational_augmented
I was sexually harassed on my way home,SEXUAL_VIOLENCE_HARASSMENT,en,conversational_augmented
मैडम... कहा अगर पैसे नहीं दिए तो बदनाम कर दूंगा क्या आप सुन रहे हैं?,COERCION_BLACKMAIL,hi,conversational_augmented
help kijiye... panchayat ne social boycott announce kar diya hamara mujhe samajh nahi aa raha kya karu.,SOCIAL_COMMUNITY_PRESSURE,hinglish,conversational_augmented
husband roz daaru peeke marpeet karta hai jaldi kuch kijiye.,DOMESTIC_FAMILY_VIOLENCE,hinglish,conversational_augmented
कृपया ध्यान दीजिए... धमका कर पैसे मांग रहा है जल्दी पुलिस भेजिए।,THREAT_INTIMIDATION,hi,conversational_augmented
Hello... I am being extorted and coerced under threat of defamation,COERCION_BLACKMAIL,en,conversational_augmented
मैडम... काउंसलर से बात करा दीजिए मानसिक तनाव के लिए प्लीज कुछ कीजिए।,REQUEST_COUNSELLING_LEGAL_MEDICAL,hi,conversational_augmented
मैडम... दरवाजे के ठीक बाहर खड़ा है वो जल्दी पुलिस भेजिए।,IMMEDIATE_PHYSICAL_DANGER,hi,conversational_augmented
"Help me... everything is under control now, I am safe I am telling the truth.",CURRENT_SAFETY_REASSURANCE,en,conversational_augmented
"Please listen... I need an ambulance immediately, severe bleeding",MEDICAL_EMERGENCY,en,conversational_augmented
urgent hai... unpredictable behaviour hai situation continuously changing,CONTRADICTORY_CHANGING_SITUATION,hinglish,conversational_augmented
जबरदस्ती करने की कोशिश की उसने,SEXUAL_VIOLENCE_HARASSMENT,hi,direct_seed
madam... community pressure banaya ja raha hai case wapas lene kya aap sun rahe ho?,SOCIAL_COMMUNITY_PRESSURE,hinglish,conversational_augmented
please... domestic violence ho rahi hai mere sath ghar par jaldi kuch kijiye.,DOMESTIC_FAMILY_VIOLENCE,hinglish,conversational_augmented
ghar se nikal diya hai road par khadi hu,NO_SAFE_PLACE_HOMELESSNESS,hinglish,direct_seed
Officer... we are facing intense community ostracization and pressure please help immediately.,SOCIAL_COMMUNITY_PRESSURE,en,conversational_augmented
उसने मुझे बुरी तरह पीटा है,PHYSICAL_VIOLENCE_INJURY,hi,conversational_augmented
हेल्प कीजिए... तुरंत पुलिस भेजिए यहां बहुत जरूरी है मैं सच कह रहा हूं।,REQUEST_POLICE_EMERGENCY_HELP,hi,conversational_augmented
I was punched and kicked repeatedly,PHYSICAL_VIOLENCE_INJURY,en,direct_seed
he is attacking the security gate right now please help immediately.,IMMEDIATE_PHYSICAL_DANGER,en,conversational_augmented
someone threatened me,THREAT_INTIMIDATION,en,direct_seed
we are facing intense community ostracization and pressure,SOCIAL_COMMUNITY_PRESSURE,en,conversational_augmented
suniye... koi sath nahi de raha sabne contact tod diya kya aap sun rahe ho?,ISOLATION_NO_SUPPORT,hinglish,conversational_augmented
ab sab normal hai danger pass ho gaya hai,CURRENT_SAFETY_REASSURANCE,hinglish,conversational_augmented
he grabbed me forcefully and made sexual remarks I am telling the truth.,SEXUAL_VIOLENCE_HARASSMENT,en,conversational_augmented
landlord threw all luggage out on the street,NO_SAFE_PLACE_HOMELESSNESS,hinglish,conversational_augmented
arre... not sure what happened exactly unclear memory,UNCERTAINTY_UNCLEAR_INFO,hinglish,conversational_augmented
I cannot clearly recall the exact details or location I am telling the truth.,UNCERTAINTY_UNCLEAR_INFO,en,conversational_augmented
पति ने कमरे में बंद करके पीटा तुरंत मदद चाहिए।,DOMESTIC_FAMILY_VIOLENCE,hi,conversational_augmented
नमस्ते... दहशत का माहौल है यहां,FEAR_DISTRESS_PANIC,hi,conversational_augmented
please dispatch police to my location immediately please send police now.,REQUEST_POLICE_EMERGENCY_HELP,en,conversational_augmented
कृपया ध्यान दीजिए... छाती में तेज दर्द है और बहुत ज्यादा खून बह रहा है क्या आप सुन रहे हैं?,MEDICAL_EMERGENCY,hi,conversational_augmented
खौफ में जी रहे हैं हम,FEAR_DISTRESS_PANIC,hi,direct_seed
I am having thoughts of self harm,SELF_HARM_CONCERN,en,direct_seed
arre... landlord threw all luggage out on the street,NO_SAFE_PLACE_HOMELESSNESS,hinglish,conversational_augmented
sir... ghabrahat se saans phool rahi hai,FEAR_DISTRESS_PANIC,hinglish,conversational_augmented
प्लीज... मैं यहां बिल्कुल अकेली हूं कोई मदद करने वाला नहीं,ISOLATION_NO_SUPPORT,hi,conversational_augmented
मैं बहुत परेशान हूं... ब्लैकमेल करके लगातार दबाव बना रहा है क्या आप सुन रहे हैं?,COERCION_BLACKMAIL,hi,conversational_augmented
उसने कत्ल करने की धमकी दी है,THREAT_INTIMIDATION,hi,direct_seed
सुनिए... सामूहिक रूप से हम पर दबाव बनाया जा रहा है क्या आप सुन रहे हैं?,SOCIAL_COMMUNITY_PRESSURE,hi,conversational_augmented
I am calling purely for information regarding office hours I don't know what to do.,NEUTRAL_NO_INDICATOR,en,conversational_augmented
unstable and fluctuating circumstances right now I am telling the truth.,CONTRADICTORY_CHANGING_SITUATION,en,conversational_augmented
I need urgent help... I cannot clearly recall the exact details or location I don't know what to do.,UNCERTAINTY_UNCLEAR_INFO,en,conversational_augmented
अरे... स्टॉकिंग कर रहा है लगातार नजर रख रहा है तुरंत मदद चाहिए।,STALKING_FOLLOWING,hi,conversational_augmented
I am receiving direct death threats,THREAT_INTIMIDATION,en,direct_seed
please send a PCR emergency van right away,REQUEST_POLICE_EMERGENCY_HELP,en,conversational_augmented
Sir... he shoved me down the stairs violently please help immediately.,PHYSICAL_VIOLENCE_INJURY,en,conversational_augmented
Help me... there was no threat made whatsoever please send police now.,NEUTRAL_NO_INDICATOR,en,conversational_augmented
अरे... रात में सड़क पर खड़ी हूं कोई सुरक्षित जगह नहीं है मैं सच कह रहा हूं।,NO_SAFE_PLACE_HOMELESSNESS,hi,conversational_augmented
please... khoon beh raha hai ambulance chahiye send help immediately.,PHYSICAL_VIOLENCE_INJURY,hinglish,conversational_augmented
घर से निकाल दिया गया है सड़क पर बैठी हूं मैं सच कह रहा हूं।,NO_SAFE_PLACE_HOMELESSNESS,hi,conversational_augmented
advocate ki sahayata chahiye grievance file karne me,REQUEST_COUNSELLING_LEGAL_MEDICAL,hinglish,conversational_augmented
mai bohot pareshan hu... unpredictable behaviour hai situation continuously changing send help immediately.,CONTRADICTORY_CHANGING_SITUATION,hinglish,conversational_augmented
मैडम... मैं यहां बिल्कुल अकेली हूं कोई मदद करने वाला नहीं तुरंत मदद चाहिए।,ISOLATION_NO_SUPPORT,hi,conversational_augmented
हेल्प कीजिए... उसने फोन करके बोला कि तुझे देख लूंगा मैं सच कह रहा हूं।,THREAT_INTIMIDATION,hi,conversational_augmented
I need urgent help... initially it seemed resolved but suddenly violence flared up again I am telling the truth.,CONTRADICTORY_CHANGING_SITUATION,en,conversational_augmented
हेल्प कीजिए... मोहल्ले के लोग मिलकर धमकी दे रहे हैं,SOCIAL_COMMUNITY_PRESSURE,hi,conversational_augmented
he is standing right outside my door with a knife,IMMEDIATE_PHYSICAL_DANGER,hinglish,direct_seed
Officer... I am isolated in this house with zero support please send police now.,ISOLATION_NO_SUPPORT,en,conversational_augmented
प्लीज... अब इस दर्द को और नहीं सह सकती प्लीज कुछ कीजिए।,SELF_HARM_CONCERN,hi,conversational_augmented
locked in the room he is breaking the door,IMMEDIATE_PHYSICAL_DANGER,hinglish,conversational_augmented
abhi safe location par pahuch gaya hu please madad karo.,CURRENT_SAFETY_REASSURANCE,hinglish,conversational_augmented
Hello... experiencing severe chest pain and medical collapse,MEDICAL_EMERGENCY,en,conversational_augmented
प्लीज... रास्ते में रोक कर गलत तरीके से हाथ पकड़ा प्लीज कुछ कीजिए।,SEXUAL_VIOLENCE_HARASSMENT,hi,conversational_augmented
सर... मैं बहुत डरी हुई हूं जल्दी पुलिस भेजिए।,FEAR_DISTRESS_PANIC,hi,conversational_augmented
सुनिए... अश्लील बातें और फोटो भेज रहा है प्लीज कुछ कीजिए।,SEXUAL_VIOLENCE_HARASSMENT,hi,conversational_augmented
Sir... I have reached a safe and secure location I am telling the truth.,CURRENT_SAFETY_REASSURANCE,en,conversational_augmented
he is forcing me to pay large sums of money please do something quickly.,COERCION_BLACKMAIL,en,conversational_augmented
sir... husband locked me in the room without food mai sach bol raha hu.,DOMESTIC_FAMILY_VIOLENCE,hinglish,conversational_augmented
the patient is unconscious and unable to breathe please help immediately.,MEDICAL_EMERGENCY,en,conversational_augmented
Ma'am... he made vulgar sexual gestures and touched me please help immediately.,SEXUAL_VIOLENCE_HARASSMENT,en,conversational_augmented
Please listen... she threatened that she will ruin my life please send police now.,THREAT_INTIMIDATION,en,conversational_augmented
sir... entire village mob is pressurizing our family mai sach bol raha hu.,SOCIAL_COMMUNITY_PRESSURE,hinglish,conversational_augmented
सर... उसने मुझे बुरी तरह पीटा है प्लीज कुछ कीजिए।,PHYSICAL_VIOLENCE_INJURY,hi,conversational_augmented
Please listen... I have no safe shelter or roof over my head tonight please help immediately.,NO_SAFE_PLACE_HOMELESSNESS,en,conversational_augmented
help kijiye... koi danger nahi hai general inquiry kar raha hu kya aap sun rahe ho?,NEUTRAL_NO_INDICATOR,hinglish,conversational_augmented
mai bohot pareshan hu... minor child ki safety at high risk right now send help immediately.,CHILD_ELDERLY_DISABILITY_VULNERABILITY,hinglish,conversational_augmented
my in-laws are torturing me over dowry demands please do something quickly.,DOMESTIC_FAMILY_VIOLENCE,en,conversational_augmented
hello... khatam kar dene ki dhmki di usne kya aap sun rahe ho?,THREAT_INTIMIDATION,hinglish,conversational_augmented
मेरी बात सुनिए... मुक्के और लातों से मारपीट की गई प्लीज कुछ कीजिए।,PHYSICAL_VIOLENCE_INJURY,hi,conversational_augmented
मैडम... उसने मुझे डंडे से मारा और घायल कर दिया प्लीज कुछ कीजिए।,PHYSICAL_VIOLENCE_INJURY,hi,conversational_augmented
urgent hai... dhamki de raha hai ghar jala dunga,THREAT_INTIMIDATION,hinglish,conversational_augmented
hello... koi madad karne wala nahi hai bilkul akeli hu jaldi kuch kijiye.,ISOLATION_NO_SUPPORT,hinglish,conversational_augmented
कृपया ध्यान दीजिए... दरवाजे के ठीक बाहर खड़ा है वो,IMMEDIATE_PHYSICAL_DANGER,hi,conversational_augmented
अरे... घर से निकाल दिया गया है सड़क पर बैठी हूं प्लीज कुछ कीजिए।,NO_SAFE_PLACE_HOMELESSNESS,hi,conversational_augmented
I am a victim of severe domestic violence at home,DOMESTIC_FAMILY_VIOLENCE,en,direct_seed
चाकू से वार करके घायल कर दिया मुझे समझ नहीं आ रहा क्या करूं।,PHYSICAL_VIOLENCE_INJURY,hi,conversational_augmented
legal advice and free legal aid lawyer chahiye send help immediately.,REQUEST_COUNSELLING_LEGAL_MEDICAL,hinglish,conversational_augmented
मेरी बात सुनिए... तुरंत एम्बुलेंस भेजिए मरीज की हालत गंभीर है मुझे समझ नहीं आ रहा क्या करूं।,MEDICAL_EMERGENCY,hi,conversational_augmented
Help me... he is blackmailing me with private photographs I don't know what to do.,COERCION_BLACKMAIL,en,conversational_augmented
मैडम... रात में सड़क पर खड़ी हूं कोई सुरक्षित जगह नहीं है क्या आप सुन रहे हैं?,NO_SAFE_PLACE_HOMELESSNESS,hi,conversational_augmented
"Ma'am... everything is under control now, I am safe please do something quickly.",CURRENT_SAFETY_REASSURANCE,en,conversational_augmented
यह एक जागरूकता कार्यक्रम का नाटक था प्लीज कुछ कीजिए।,NEUTRAL_NO_INDICATOR,hi,conversational_augmented
suniye... ab mai safe hu police aa gayi hai mujhe samajh nahi aa raha kya karu.,CURRENT_SAFETY_REASSURANCE,hinglish,conversational_augmented
mai bohot pareshan hu... forced himself on me without consent,SEXUAL_VIOLENCE_HARASSMENT,hinglish,conversational_augmented
I cannot clearly recall the exact details or location,UNCERTAINTY_UNCLEAR_INFO,en,conversational_augmented
mai bohot pareshan hu... legal advice and free legal aid lawyer chahiye send help immediately.,REQUEST_COUNSELLING_LEGAL_MEDICAL,hinglish,conversational_augmented
I was punched and kicked repeatedly,PHYSICAL_VIOLENCE_INJURY,en,conversational_augmented
सर... काउंसलर से बात करा दीजिए मानसिक तनाव के लिए मैं सच कह रहा हूं।,REQUEST_COUNSELLING_LEGAL_MEDICAL,hi,conversational_augmented
severe blood loss and head injury need emergency care,MEDICAL_EMERGENCY,hinglish,conversational_augmented
pehle laga situation normal ho gayi par fir se violent ho gaya,CONTRADICTORY_CHANGING_SITUATION,hinglish,conversational_augmented
suniye... unpredictable behaviour hai situation continuously changing,CONTRADICTORY_CHANGING_SITUATION,hinglish,conversational_augmented
I am hiding under the bed he is inside the house,IMMEDIATE_PHYSICAL_DANGER,en,direct_seed
मैडम... स्टॉकिंग कर रहा है लगातार नजर रख रहा है मुझे समझ नहीं आ रहा क्या करूं।,STALKING_FOLLOWING,hi,conversational_augmented
I have nowhere to go and nobody to call for assistance I don't know what to do.,ISOLATION_NO_SUPPORT,en,conversational_augmented
रहने का कोई ठिकाना नहीं है बेघर हो गई हूं क्या आप सुन रहे हैं?,NO_SAFE_PLACE_HOMELESSNESS,hi,conversational_augmented
मैं बहुत परेशान हूं... हमला करके मुझे नीचे गिरा दिया प्लीज कुछ कीजिए।,PHYSICAL_VIOLENCE_INJURY,hi,conversational_augmented
हेल्प कीजिए... रहने का कोई ठिकाना नहीं है बेघर हो गई हूं,NO_SAFE_PLACE_HOMELESSNESS,hi,conversational_augmented
I feel like committing suicide please send police now.,SELF_HARM_CONCERN,en,conversational_augmented
Excuse me... community elders are pressurizing us to withdraw the complaint,SOCIAL_COMMUNITY_PRESSURE,en,conversational_augmented
marr jana chahti hu sabse tang aake send help immediately.,SELF_HARM_CONCERN,hinglish,conversational_augmented
Please listen... alert the local police station for immediate response,REQUEST_POLICE_EMERGENCY_HELP,en,conversational_augmented
Excuse me... please dispatch police to my location immediately I don't know what to do.,REQUEST_POLICE_EMERGENCY_HELP,en,conversational_augmented
मुझे थेरेपिस्ट से काउंसलिंग की जरूरत है,REQUEST_COUNSELLING_LEGAL_MEDICAL,hi,direct_seed
नमस्ते... घरेलू हिंसा का शिकार हो रही हूं रोज,DOMESTIC_FAMILY_VIOLENCE,hi,conversational_augmented
help kijiye... sometimes calm sometimes suddenly attacks again kya aap sun rahe ho?,CONTRADICTORY_CHANGING_SITUATION,hinglish,conversational_augmented
"मैडम... नमस्ते, राष्ट्रीय हेल्पलाइन 14566 में आपका स्वागत है",NEUTRAL_NO_INDICATOR,hi,conversational_augmented
usne mujhe jaan se maarne ki dhamki di,THREAT_INTIMIDATION,hinglish,direct_seed
मैं बहुत परेशान हूं... पति रोज शराब पीकर मारपीट करता है प्लीज कुछ कीजिए।,DOMESTIC_FAMILY_VIOLENCE,hi,conversational_augmented
मैडम... मैं यहां बिल्कुल अकेली हूं कोई मदद करने वाला नहीं,ISOLATION_NO_SUPPORT,hi,conversational_augmented
"I need urgent help... I am not in danger, just asking about the registration process please send police now.",NEUTRAL_NO_INDICATOR,en,conversational_augmented
help kijiye... gala dabane ki koshish ki usne mujhe samajh nahi aa raha kya karu.,PHYSICAL_VIOLENCE_INJURY,hinglish,conversational_augmented
बुजुर्ग माता-पिता हैं जो चलने में असमर्थ हैं,CHILD_ELDERLY_DISABILITY_VULNERABILITY,hi,conversational_augmented
मैडम... पति रोज शराब पीकर मारपीट करता है,DOMESTIC_FAMILY_VIOLENCE,hi,conversational_augmented
he threatened retaliation if I report to police,THREAT_INTIMIDATION,en,direct_seed
रोज मेरे कॉलेज के बाहर खड़ा रहता है,STALKING_FOLLOWING,hi,conversational_augmented
नमस्ते... स्थिति हर पल बदल रही है कुछ समझ नहीं आ रहा,CONTRADICTORY_CHANGING_SITUATION,hi,conversational_augmented
danger is imminent please dispatch emergency unit please send police now.,IMMEDIATE_PHYSICAL_DANGER,en,conversational_augmented
Sir... the attacker has left and there is no danger now please do something quickly.,CURRENT_SAFETY_REASSURANCE,en,conversational_augmented
मैं बहुत परेशान हूं... पड़ोसियों ने आकर मुझे बचा लिया अब सुरक्षित हूं क्या आप सुन रहे हैं?,CURRENT_SAFETY_REASSURANCE,hi,conversational_augmented
he made vulgar sexual gestures and touched me,SEXUAL_VIOLENCE_HARASSMENT,en,direct_seed
apne aap ko hurt karne ka man kar raha hai mai sach bol raha hu.,SELF_HARM_CONCERN,hinglish,conversational_augmented
Ma'am... there was no threat made whatsoever please help immediately.,NEUTRAL_NO_INDICATOR,en,conversational_augmented
"everything is under control now, I am safe",CURRENT_SAFETY_REASSURANCE,en,direct_seed
मेरी बात सुनिए... मुझे ठीक से याद नहीं आ रहा क्या हुआ था मैं सच कह रहा हूं।,UNCERTAINTY_UNCLEAR_INFO,hi,conversational_augmented
Sir... a strange man follows me from the bus stop to my house I am telling the truth.,STALKING_FOLLOWING,en,conversational_augmented
I feel completely broken and suicidal,SELF_HARM_CONCERN,en,conversational_augmented
दहेज न लाने पर घर से निकालने की धमकी दी क्या आप सुन रहे हैं?,DOMESTIC_FAMILY_VIOLENCE,hi,conversational_augmented
मैडम... मेरे साथ शारीरिक जबरदस्ती की गई मैं सच कह रहा हूं।,SEXUAL_VIOLENCE_HARASSMENT,hi,conversational_augmented
pcr van bhejo jaldi address par,REQUEST_POLICE_EMERGENCY_HELP,hinglish,conversational_augmented
unhone mere saath bhedbhav kiya jaati ke aadhar par,DISCRIMINATION_CASTE_VULNERABILITY,hinglish,conversational_augmented
I am being discriminated against at work and in public,DISCRIMINATION_CASTE_VULNERABILITY,en,direct_seed
no safe place to sleep tonight stranded on footpath,NO_SAFE_PLACE_HOMELESSNESS,hinglish,conversational_augmented
मैं बहुत परेशान हूं... सिर पर गहरी चोट है और उल्टियां हो रही हैं प्लीज कुछ कीजिए।,MEDICAL_EMERGENCY,hi,conversational_augmented
Please listen... I am on the verge of killing myself,SELF_HARM_CONCERN,en,conversational_augmented
कृपया ध्यान दीजिए... उसने मेरा गला दबाने की कोशिश की जल्दी पुलिस भेजिए।,PHYSICAL_VIOLENCE_INJURY,hi,conversational_augmented
help kijiye... homeless ho gaye hain koi shelter nahi hai kya aap sun rahe ho?,NO_SAFE_PLACE_HOMELESSNESS,hinglish,conversational_augmented
in-laws dowry ke liye mentally aur physically abuse kar rahe hain,DOMESTIC_FAMILY_VIOLENCE,hinglish,conversational_augmented
I am in a state of severe panic I am telling the truth.,FEAR_DISTRESS_PANIC,en,conversational_augmented
मेरी जान खतरे में है अभी मुझे समझ नहीं आ रहा क्या करूं।,IMMEDIATE_PHYSICAL_DANGER,hi,conversational_augmented
I need urgent help... initially it seemed resolved but suddenly violence flared up again please help immediately.,CONTRADICTORY_CHANGING_SITUATION,en,conversational_augmented
help kijiye... please send police immediately to my location please madad karo.,REQUEST_POLICE_EMERGENCY_HELP,hinglish,conversational_augmented
Please hear me... I would like to speak to a psychological counselor please send police now.,REQUEST_COUNSELLING_LEGAL_MEDICAL,en,conversational_augmented
मोहल्ले के लोग मिलकर धमकी दे रहे हैं,SOCIAL_COMMUNITY_PRESSURE,hi,direct_seed
सर... शारीरिक रूप से प्रताड़ित किया गया है क्या आप सुन रहे हैं?,PHYSICAL_VIOLENCE_INJURY,hi,conversational_augmented
reached inside police thana now totally safe,CURRENT_SAFETY_REASSURANCE,hinglish,direct_seed
listen... usne mujhe koi dhamki nahi di hai,NEUTRAL_NO_INDICATOR,hinglish,conversational_augmented
mai bohot pareshan hu... tracking my daily movements and clicking photos,STALKING_FOLLOWING,hinglish,conversational_augmented
रो-रो कर बुरा हाल है बहुत डर है प्लीज कुछ कीजिए।,FEAR_DISTRESS_PANIC,hi,conversational_augmented
बचाओ वो अंदर आ गया है प्लीज कुछ कीजिए।,IMMEDIATE_PHYSICAL_DANGER,hi,conversational_augmented
नमस्ते... पारिवारिक प्रताड़ना असहनीय हो गई है क्या आप सुन रहे हैं?,DOMESTIC_FAMILY_VIOLENCE,hi,conversational_augmented
नमस्ते... कभी वो शांत हो जाता है कभी अचानक हमला कर देता है मैं सच कह रहा हूं।,CONTRADICTORY_CHANGING_SITUATION,hi,conversational_augmented
help kijiye... forcing me to give money through blackmail,COERCION_BLACKMAIL,hinglish,conversational_augmented
सुनिए... पति ने कमरे में बंद करके पीटा जल्दी पुलिस भेजिए।,DOMESTIC_FAMILY_VIOLENCE,hi,conversational_augmented
Officer... requesting immediate emergency police dispatch,REQUEST_POLICE_EMERGENCY_HELP,en,conversational_augmented
usne mujhe bohot mara hai bleeding ho rahi hai,PHYSICAL_VIOLENCE_INJURY,hinglish,direct_seed
उसके हाथ में चाकू है बाहर,IMMEDIATE_PHYSICAL_DANGER,hi,conversational_augmented
disabled person par assault attempt hua hai,CHILD_ELDERLY_DISABILITY_VULNERABILITY,hinglish,conversational_augmented
"I am not in danger, just asking about the registration process",NEUTRAL_NO_INDICATOR,en,direct_seed
मेरी बात सुनिए... छाती में तेज दर्द है और बहुत ज्यादा खून बह रहा है जल्दी पुलिस भेजिए।,MEDICAL_EMERGENCY,hi,conversational_augmented
Help me... this was just a classroom awareness demonstration,NEUTRAL_NO_INDICATOR,en,conversational_augmented
कोई कई दिनों से मेरा पीछा कर रहा है मुझे समझ नहीं आ रहा क्या करूं।,STALKING_FOLLOWING,hi,conversational_augmented
marr jana chahti hu sabse tang aake mujhe samajh nahi aa raha kya karu.,SELF_HARM_CONCERN,hinglish,conversational_augmented
suniye... mohalla wale milkar harrass kar rahe hain send help immediately.,SOCIAL_COMMUNITY_PRESSURE,hinglish,conversational_augmented
Ma'am... there is an infant and a pregnant woman in the house please send police now.,CHILD_ELDERLY_DISABILITY_VULNERABILITY,en,conversational_augmented
मैं बहुत परेशान हूं... मुझे कानूनी सलाह और वकील की मदद चाहिए,REQUEST_COUNSELLING_LEGAL_MEDICAL,hi,conversational_augmented
Sir... there is an infant and a pregnant woman in the house,CHILD_ELDERLY_DISABILITY_VULNERABILITY,en,conversational_augmented
homeless ho gaye hain koi shelter nahi hai,NO_SAFE_PLACE_HOMELESSNESS,hinglish,direct_seed
"the PCR unit is here with me, I am protected",CURRENT_SAFETY_REASSURANCE,en,direct_seed
I am trapped in an abusive marriage with constant violence are you listening?,DOMESTIC_FAMILY_VIOLENCE,en,conversational_augmented
अकेले कमरे में बंद हूं कोई रिश्तेदार नहीं है,ISOLATION_NO_SUPPORT,hi,conversational_augmented
mai bohot pareshan hu... coercing me into doing things against my consent please madad karo.,COERCION_BLACKMAIL,hinglish,conversational_augmented
सुनिए... पहले लगा कि सब ठीक है लेकिन अचानक फिर झगड़ा शुरू हो गया तुरंत मदद चाहिए।,CONTRADICTORY_CHANGING_SITUATION,hi,conversational_augmented
urgent hai... he has broken the latch of the gate,IMMEDIATE_PHYSICAL_DANGER,hinglish,conversational_augmented
arre... ek ladka roz mera peecha karta hai office se ghar,STALKING_FOLLOWING,hinglish,conversational_augmented
Please hear me... I am calling purely for information regarding office hours,NEUTRAL_NO_INDICATOR,en,conversational_augmented
kehta hai tera murder kar dunga please madad karo.,THREAT_INTIMIDATION,hinglish,conversational_augmented
मेरी बात सुनिए... पड़ोसियों ने आकर मुझे बचा लिया अब सुरक्षित हूं क्या आप सुन रहे हैं?,CURRENT_SAFETY_REASSURANCE,hi,conversational_augmented
he threatened to leak sensitive personal videos online I am telling the truth.,COERCION_BLACKMAIL,en,conversational_augmented
pregnant lady hai ghar pe aur small kids hain,CHILD_ELDERLY_DISABILITY_VULNERABILITY,hinglish,conversational_augmented
कृपया ध्यान दीजिए... घर के दरवाजे पर लातें मार रहा है जल्दी पुलिस भेजिए।,IMMEDIATE_PHYSICAL_DANGER,hi,conversational_augmented
suniye... ghar se nikal diya hai road par khadi hu mujhe samajh nahi aa raha kya karu.,NO_SAFE_PLACE_HOMELESSNESS,hinglish,conversational_augmented
धमकी दे रहा है कि पूरे परिवार को खत्म कर देगा,THREAT_INTIMIDATION,hi,conversational_augmented
bohot zyada panic situation hai kya aap sun rahe ho?,FEAR_DISTRESS_PANIC,hinglish,conversational_augmented
मेरे साथ छेड़छाड़ की गई है तुरंत मदद चाहिए।,SEXUAL_VIOLENCE_HARASSMENT,hi,conversational_augmented
Sir... we were discussing a scene from a thriller movie please help immediately.,NEUTRAL_NO_INDICATOR,en,conversational_augmented
Please listen... I am extremely frightened for my life are you listening?,FEAR_DISTRESS_PANIC,en,conversational_augmented
Help me... I have no safe shelter or roof over my head tonight I am telling the truth.,NO_SAFE_PLACE_HOMELESSNESS,en,conversational_augmented
Officer... my in-laws are torturing me over dowry demands I don't know what to do.,DOMESTIC_FAMILY_VIOLENCE,en,conversational_augmented
please... mohalla wale milkar harrass kar rahe hain mai sach bol raha hu.,SOCIAL_COMMUNITY_PRESSURE,hinglish,conversational_augmented
Help me... I am crying and shaking in terror are you listening?,FEAR_DISTRESS_PANIC,en,conversational_augmented
Ma'am... there is an armed man outside my apartment are you listening?,IMMEDIATE_PHYSICAL_DANGER,en,conversational_augmented
please... pregnant lady hai ghar pe aur small kids hain mai sach bol raha hu.,CHILD_ELDERLY_DISABILITY_VULNERABILITY,hinglish,conversational_augmented
urgent hai... gandi batein karke harass kar raha hai send help immediately.,SEXUAL_VIOLENCE_HARASSMENT,hinglish,conversational_augmented
sir... not sure what happened exactly unclear memory mujhe samajh nahi aa raha kya karu.,UNCERTAINTY_UNCLEAR_INFO,hinglish,conversational_augmented
Officer... I am hiding under the bed he is inside the house please do something quickly.,IMMEDIATE_PHYSICAL_DANGER,en,conversational_augmented
मैं अपने आप को नुकसान पहुंचा लूंगी,SELF_HARM_CONCERN,hi,conversational_augmented
अरे... रहने का कोई ठिकाना नहीं है बेघर हो गई हूं मुझे समझ नहीं आ रहा क्या करूं।,NO_SAFE_PLACE_HOMELESSNESS,hi,conversational_augmented
Help me... I am facing continuous sexual harassment at workplace please help immediately.,SEXUAL_VIOLENCE_HARASSMENT,en,conversational_augmented
someone threatened me send help immediately.,THREAT_INTIMIDATION,hinglish,conversational_augmented
अरे... निचली जाति का बोलकर मंदिर में जाने से रोका,DISCRIMINATION_CASTE_VULNERABILITY,hi,conversational_augmented
सब कुछ खत्म कर लेना चाहता हूं,SELF_HARM_CONCERN,hi,conversational_augmented
I need legal guidance and lawyer consultation please send police now.,REQUEST_COUNSELLING_LEGAL_MEDICAL,en,conversational_augmented
arre... usne dhamki nahi di sab theek hai kya aap sun rahe ho?,NEUTRAL_NO_INDICATOR,hinglish,conversational_augmented
panchayat ne social boycott announce kar diya hamara,SOCIAL_COMMUNITY_PRESSURE,hinglish,direct_seed
suniye... darr ke maare haath kaanp rahe hain mujhe samajh nahi aa raha kya karu.,FEAR_DISTRESS_PANIC,hinglish,conversational_augmented
Sir... I am extremely frightened for my life,FEAR_DISTRESS_PANIC,en,conversational_augmented
हेल्प कीजिए... सांस लेने में बहुत तकलीफ हो रही है बेहोश हो रहे हैं क्या आप सुन रहे हैं?,MEDICAL_EMERGENCY,hi,conversational_augmented
help kijiye... koi danger nahi hai general inquiry kar raha hu mujhe samajh nahi aa raha kya karu.,NEUTRAL_NO_INDICATOR,hinglish,conversational_augmented
help kijiye... mere sath discrimination ho raha hai office me please madad karo.,DISCRIMINATION_CASTE_VULNERABILITY,hinglish,conversational_augmented
Sir... they are describing and discriminating against me unfairly I don't know what to do.,DISCRIMINATION_CASTE_VULNERABILITY,en,conversational_augmented
अरे... बचाओ वो अंदर आ गया है,IMMEDIATE_PHYSICAL_DANGER,hi,conversational_augmented
the attacker has left and there is no danger now,CURRENT_SAFETY_REASSURANCE,en,direct_seed
नमस्ते... उसने मेरा गला दबाने की कोशिश की मैं सच कह रहा हूं।,PHYSICAL_VIOLENCE_INJURY,hi,conversational_augmented
मैडम... स्थिति हर पल बदल रही है कुछ समझ नहीं आ रहा मैं सच कह रहा हूं।,CONTRADICTORY_CHANGING_SITUATION,hi,conversational_augmented
सर... कोई कई दिनों से मेरा पीछा कर रहा है मुझे समझ नहीं आ रहा क्या करूं।,STALKING_FOLLOWING,hi,conversational_augmented
hello... no safe place to sleep tonight stranded on footpath,NO_SAFE_PLACE_HOMELESSNESS,hinglish,conversational_augmented
roz ghar ke bahar khada rehta hai bike leke jaldi kuch kijiye.,STALKING_FOLLOWING,hinglish,conversational_augmented
सुनिए... मुक्के और लातों से मारपीट की गई मैं सच कह रहा हूं।,PHYSICAL_VIOLENCE_INJURY,hi,conversational_augmented
he tried to force himself onto me,SEXUAL_VIOLENCE_HARASSMENT,en,conversational_augmented
urgent hai... police protection chahiye urgent basis pe,REQUEST_POLICE_EMERGENCY_HELP,hinglish,conversational_augmented
hello... he is standing right outside my door with a knife please madad karo.,IMMEDIATE_PHYSICAL_DANGER,hinglish,conversational_augmented
"namaste, NHAA helpline me aapka swagat hai",NEUTRAL_NO_INDICATOR,hinglish,conversational_augmented
I was threatened by an armed individual,THREAT_INTIMIDATION,en,direct_seed
हेल्प कीजिए... मैं यहां बिल्कुल अकेली हूं कोई मदद करने वाला नहीं मुझे समझ नहीं आ रहा क्या करूं।,ISOLATION_NO_SUPPORT,hi,conversational_augmented
सुनिए... ब्लैकमेल करके लगातार दबाव बना रहा है,COERCION_BLACKMAIL,hi,conversational_augmented
मुक्के और लातों से मारपीट की गई,PHYSICAL_VIOLENCE_INJURY,hi,direct_seed
hello... severe blood loss and head injury need emergency care send help immediately.,MEDICAL_EMERGENCY,hinglish,conversational_augmented
help kijiye... usne galat tarike se touch kiya chedchad ki kya aap sun rahe ho?,SEXUAL_VIOLENCE_HARASSMENT,hinglish,conversational_augmented
I would like to speak to a psychological counselor please do something quickly.,REQUEST_COUNSELLING_LEGAL_MEDICAL,en,conversational_augmented
koi madad karne wala nahi hai bilkul akeli hu mujhe samajh nahi aa raha kya karu.,ISOLATION_NO_SUPPORT,hinglish,conversational_augmented
urgent hai... sometimes calm sometimes suddenly attacks again send help immediately.,CONTRADICTORY_CHANGING_SITUATION,hinglish,conversational_augmented
Sir... my husband beats me violently every day are you listening?,DOMESTIC_FAMILY_VIOLENCE,en,conversational_augmented
he grabbed me forcefully and made sexual remarks,SEXUAL_VIOLENCE_HARASSMENT,en,direct_seed
रहने का कोई ठिकाना नहीं है बेघर हो गई हूं,NO_SAFE_PLACE_HOMELESSNESS,hi,conversational_augmented
सुनिए... मुझे बहुत डर लग रहा है,FEAR_DISTRESS_PANIC,hi,conversational_augmented
mai yahan bilkul akela hu koi relative nahi hai mujhe samajh nahi aa raha kya karu.,ISOLATION_NO_SUPPORT,hinglish,conversational_augmented
Hello... a minor child is trapped inside facing grave risk please help immediately.,CHILD_ELDERLY_DISABILITY_VULNERABILITY,en,conversational_augmented
मैं बहुत परेशान हूं... सामूहिक रूप से हम पर दबाव बनाया जा रहा है,SOCIAL_COMMUNITY_PRESSURE,hi,conversational_augmented
Please listen... my in-laws are torturing me over dowry demands please help immediately.,DOMESTIC_FAMILY_VIOLENCE,en,conversational_augmented
मेरी बात सुनिए... जातिगत भेदभाव और छुआछूत का शिकार बनाया गया मैं सच कह रहा हूं।,DISCRIMINATION_CASTE_VULNERABILITY,hi,conversational_augmented
Excuse me... need therapy and mental health support session I don't know what to do.,REQUEST_COUNSELLING_LEGAL_MEDICAL,en,conversational_augmented
I am in a state of severe panic,FEAR_DISTRESS_PANIC,en,direct_seed
सर... वो कह रहा है कि बाहर निकलते ही हमला करेगा,THREAT_INTIMIDATION,hi,conversational_augmented
suniye... openly dhamki de raha hai maar peet karne ki,THREAT_INTIMIDATION,hinglish,conversational_augmented
the situation is volatile and constantly shifting,CONTRADICTORY_CHANGING_SITUATION,en,conversational_augmented
we are facing intense community ostracization and pressure I am telling the truth.,SOCIAL_COMMUNITY_PRESSURE,en,conversational_augmented
usne mujhe koi dhamki nahi di hai please madad karo.,NEUTRAL_NO_INDICATOR,hinglish,conversational_augmented
marpeet karke fractured my arm kya aap sun rahe ho?,PHYSICAL_VIOLENCE_INJURY,hinglish,conversational_augmented
सर... काउंसलर से बात करा दीजिए मानसिक तनाव के लिए मैं सच कह रहा हूं।,REQUEST_COUNSELLING_LEGAL_MEDICAL,hi,conversational_augmented
thinking of harming myself severely,SELF_HARM_CONCERN,hinglish,direct_seed
mai bohot pareshan hu... ab sab normal hai danger pass ho gaya hai,CURRENT_SAFETY_REASSURANCE,hinglish,conversational_augmented
हेल्प कीजिए... यह एक जागरूकता कार्यक्रम का नाटक था मैं सच कह रहा हूं।,NEUTRAL_NO_INDICATOR,hi,conversational_augmented
112 की टीम को तुरंत मेरे पते पर भेजिए जल्दी पुलिस भेजिए।,REQUEST_POLICE_EMERGENCY_HELP,hi,conversational_augmented
"Excuse me... the PCR unit is here with me, I am protected please help immediately.",CURRENT_SAFETY_REASSURANCE,en,conversational_augmented
कृपया ध्यान दीजिए... सिर पर गहरी चोट है और उल्टियां हो रही हैं,MEDICAL_EMERGENCY,hi,conversational_augmented
hello... neech jaati bolkar insult aur discriminate kar rahe,DISCRIMINATION_CASTE_VULNERABILITY,hinglish,conversational_augmented
unpredictable behaviour hai situation continuously changing mujhe samajh nahi aa raha kya karu.,CONTRADICTORY_CHANGING_SITUATION,hinglish,conversational_augmented
I need urgent help... a group of village leaders is threatening our household I don't know what to do.,SOCIAL_COMMUNITY_PRESSURE,en,conversational_augmented
marr jana chahti hu sabse tang aake,SELF_HARM_CONCERN,hinglish,conversational_augmented
Hello... I want to hurt myself to stop this pain please help immediately.,SELF_HARM_CONCERN,en,conversational_augmented
please... he follows me everywhere I go kya aap sun rahe ho?,STALKING_FOLLOWING,hinglish,conversational_augmented
Officer... the local panchayat has ordered a complete social boycott I don't know what to do.,SOCIAL_COMMUNITY_PRESSURE,en,conversational_augmented
Officer... I am being stalked by an unknown person continuously please help immediately.,STALKING_FOLLOWING,en,conversational_augmented
suniye... feeling terrified and helpless jaldi kuch kijiye.,FEAR_DISTRESS_PANIC,hinglish,conversational_augmented
confused state me hu exact time nahi pata,UNCERTAINTY_UNCLEAR_INFO,hinglish,conversational_augmented
सर... तुरंत सुरक्षा भेजो वो हमला कर देगा क्या आप सुन रहे हैं?,IMMEDIATE_PHYSICAL_DANGER,hi,conversational_augmented
please... police PCR van reach ho gayi hai we are safe,CURRENT_SAFETY_REASSURANCE,hinglish,conversational_augmented
वो मुझे ब्लैकमेल कर रहा है पैसों के लिए,COERCION_BLACKMAIL,hi,direct_seed
suniye... patient is unconscious please dispatch medical team,MEDICAL_EMERGENCY,hinglish,conversational_augmented
help kijiye... sir pe chot lagi hai khoon nikal raha hai jaldi kuch kijiye.,PHYSICAL_VIOLENCE_INJURY,hinglish,conversational_augmented
प्लीज... मुक्के और लातों से मारपीट की गई,PHYSICAL_VIOLENCE_INJURY,hi,conversational_augmented
मुझे थेरेपिस्ट से काउंसलिंग की जरूरत है मैं सच कह रहा हूं।,REQUEST_COUNSELLING_LEGAL_MEDICAL,hi,conversational_augmented
प्लीज... मेट्रो स्टेशन से घर तक फॉलो कर रहा है,STALKING_FOLLOWING,hi,conversational_augmented
प्लीज... घर में छोटा बच्चा और गर्भवती महिला है प्लीज कुछ कीजिए।,CHILD_ELDERLY_DISABILITY_VULNERABILITY,hi,conversational_augmented
सर... शरीर पर बहुत चोटें आई हैं मैं सच कह रहा हूं।,PHYSICAL_VIOLENCE_INJURY,hi,conversational_augmented
caste discrimination facing in village school and temple,DISCRIMINATION_CASTE_VULNERABILITY,hinglish,conversational_augmented
he is attempting to force his way inside I am telling the truth.,IMMEDIATE_PHYSICAL_DANGER,en,conversational_augmented
hello... koi sath nahi de raha sabne contact tod diya jaldi kuch kijiye.,ISOLATION_NO_SUPPORT,hinglish,conversational_augmented
मुक्के और लातों से मारपीट की गई प्लीज कुछ कीजिए।,PHYSICAL_VIOLENCE_INJURY,hi,conversational_augmented
Officer... he is standing outside my door holding a weapon are you listening?,IMMEDIATE_PHYSICAL_DANGER,en,conversational_augmented
hello... khatre me hu please send police right now jaldi kuch kijiye.,IMMEDIATE_PHYSICAL_DANGER,hinglish,conversational_augmented
arre... inappropriate physical contact kiya forcefully jaldi kuch kijiye.,SEXUAL_VIOLENCE_HARASSMENT,hinglish,conversational_augmented
they subject us to discrimination and untouchability practices please send police now.,DISCRIMINATION_CASTE_VULNERABILITY,en,conversational_augmented
I need urgent help... I am stranded and all alone in this situation please send police now.,ISOLATION_NO_SUPPORT,en,conversational_augmented
Officer... experiencing severe chest pain and medical collapse please send police now.,MEDICAL_EMERGENCY,en,conversational_augmented
I need urgent help... I was punched and kicked repeatedly,PHYSICAL_VIOLENCE_INJURY,en,conversational_augmented
Officer... he threatened me but I am safe now,CURRENT_SAFETY_REASSURANCE,en,conversational_augmented
कोई सहारा नहीं है बिल्कुल बेसहारा हूं,ISOLATION_NO_SUPPORT,hi,conversational_augmented
किराए के कमरे से जबरन सामान फेंक कर निकाल दिया,NO_SAFE_PLACE_HOMELESSNESS,hi,conversational_augmented
urgent hai... heavy bleeding ho rahi hai ambulance chahiye turant jaldi kuch kijiye.,MEDICAL_EMERGENCY,hinglish,conversational_augmented
Please listen... I am stranded on the roadside with nowhere to sleep are you listening?,NO_SAFE_PLACE_HOMELESSNESS,en,conversational_augmented
Officer... I have no reason to stay alive,SELF_HARM_CONCERN,en,conversational_augmented
listen... contradictory situation hai outcome uncertain hai,CONTRADICTORY_CHANGING_SITUATION,hinglish,conversational_augmented
अरे... he threatened me but I am safe now जल्दी पुलिस भेजिए।,CURRENT_SAFETY_REASSURANCE,hi,conversational_augmented
I need urgent help... I am being blackmailed and pressurized constantly please do something quickly.,COERCION_BLACKMAIL,en,conversational_augmented
I need legal guidance and lawyer consultation,REQUEST_COUNSELLING_LEGAL_MEDICAL,en,direct_seed
urgent hai... landlord threw all luggage out on the street,NO_SAFE_PLACE_HOMELESSNESS,hinglish,conversational_augmented
arre... contradictory situation hai outcome uncertain hai please madad karo.,CONTRADICTORY_CHANGING_SITUATION,hinglish,conversational_augmented
मेरे सिर से खून निकल रहा है तुरंत मदद चाहिए।,PHYSICAL_VIOLENCE_INJURY,hi,conversational_augmented
Ma'am... I am uncertain and confused about what transpired please do something quickly.,UNCERTAINTY_UNCLEAR_INFO,en,conversational_augmented
he said he will finish me off are you listening?,THREAT_INTIMIDATION,en,conversational_augmented
Excuse me... he is trying to climb through the window please help immediately.,IMMEDIATE_PHYSICAL_DANGER,en,conversational_augmented
suniye... have no family or friends to support me here send help immediately.,ISOLATION_NO_SUPPORT,hinglish,conversational_augmented
not sure what happened exactly unclear memory jaldi kuch kijiye.,UNCERTAINTY_UNCLEAR_INFO,hinglish,conversational_augmented
sir... and describe kar rahe the mere saath discriminate kar rahe the kya aap sun rahe ho?,DISCRIMINATION_CASTE_VULNERABILITY,hinglish,conversational_augmented
Hello... the person fluctuates unpredictably between calm and rage are you listening?,CONTRADICTORY_CHANGING_SITUATION,en,conversational_augmented
"Please hear me... everything is under control now, I am safe",CURRENT_SAFETY_REASSURANCE,en,conversational_augmented
नमस्ते... सामूहिक रूप से हम पर दबाव बनाया जा रहा है,SOCIAL_COMMUNITY_PRESSURE,hi,conversational_augmented
हेल्प कीजिए... नाबालिग बच्ची की सुरक्षा को लेकर बहुत चिंता है क्या आप सुन रहे हैं?,CHILD_ELDERLY_DISABILITY_VULNERABILITY,hi,conversational_augmented
Please listen... I am having thoughts of self harm,SELF_HARM_CONCERN,en,conversational_augmented
arre... andar aane ki koshish kar raha hai jaldi aao please madad karo.,IMMEDIATE_PHYSICAL_DANGER,hinglish,conversational_augmented
usne bola ki court gaya toh jaan se haath dho baithega,THREAT_INTIMIDATION,hinglish,direct_seed
Please listen... the person fluctuates unpredictably between calm and rage please do something quickly.,CONTRADICTORY_CHANGING_SITUATION,en,conversational_augmented
अरे... कोई डरने की बात नहीं है,NEUTRAL_NO_INDICATOR,hi,conversational_augmented
suniye... dhamki de raha hai ghar jala dunga please madad karo.,THREAT_INTIMIDATION,hinglish,conversational_augmented
caste discrimination facing in village school and temple please madad karo.,DISCRIMINATION_CASTE_VULNERABILITY,hinglish,conversational_augmented
hello... landlord threw all luggage out on the street mai sach bol raha hu.,NO_SAFE_PLACE_HOMELESSNESS,hinglish,conversational_augmented
वो हथियार लेकर बाहर खड़ा है,IMMEDIATE_PHYSICAL_DANGER,hi,conversational_augmented
madam... we were just joking around no real threat jaldi kuch kijiye.,NEUTRAL_NO_INDICATOR,hinglish,conversational_augmented
sir... panchayat ne social boycott announce kar diya hamara mai sach bol raha hu.,SOCIAL_COMMUNITY_PRESSURE,hinglish,conversational_augmented
requesting legal aid assistance for filing case I don't know what to do.,REQUEST_COUNSELLING_LEGAL_MEDICAL,en,conversational_augmented
a minor child is trapped inside facing grave risk,CHILD_ELDERLY_DISABILITY_VULNERABILITY,en,direct_seed
Ma'am... we were denied access to the public well due to our caste,DISCRIMINATION_CASTE_VULNERABILITY,en,conversational_augmented
madam... not sure what happened exactly unclear memory send help immediately.,UNCERTAINTY_UNCLEAR_INFO,hinglish,conversational_augmented
सामूहिक रूप से हम पर दबाव बनाया जा रहा है प्लीज कुछ कीजिए।,SOCIAL_COMMUNITY_PRESSURE,hi,conversational_augmented
Ma'am... no physical violence or threats occurred,NEUTRAL_NO_INDICATOR,en,conversational_augmented
मेरी बात सुनिए... छाती में तेज दर्द है और बहुत ज्यादा खून बह रहा है क्या आप सुन रहे हैं?,MEDICAL_EMERGENCY,hi,conversational_augmented
Sir... the patient is unconscious and unable to breathe,MEDICAL_EMERGENCY,en,conversational_augmented
want to end my life bohot pareshan hu mujhe samajh nahi aa raha kya karu.,SELF_HARM_CONCERN,hinglish,conversational_augmented
mai bohot pareshan hu... reached inside police thana now totally safe,CURRENT_SAFETY_REASSURANCE,hinglish,conversational_augmented
I need urgent help... there is an infant and a pregnant woman in the house,CHILD_ELDERLY_DISABILITY_VULNERABILITY,en,conversational_augmented
सुनिए... ससुराल वाले दहेज के लिए प्रताड़ित कर रहे हैं,DOMESTIC_FAMILY_VIOLENCE,hi,conversational_augmented
arre... bol raha hai ki dekh lunga bahar nikal,THREAT_INTIMIDATION,hinglish,conversational_augmented
I am stranded on the roadside with nowhere to sleep,NO_SAFE_PLACE_HOMELESSNESS,en,direct_seed
हेल्प कीजिए... मेरे साथ भेदभाव कर रहे हैं और नीची जाति बोल रहे हैं तुरंत मदद चाहिए।,DISCRIMINATION_CASTE_VULNERABILITY,hi,conversational_augmented
नमस्ते... शरीर पर बहुत चोटें आई हैं,PHYSICAL_VIOLENCE_INJURY,hi,conversational_augmented
Please hear me... my elderly parents are bedridden and cannot escape please do something quickly.,CHILD_ELDERLY_DISABILITY_VULNERABILITY,en,conversational_augmented
we were denied access to the public well due to our caste please help immediately.,DISCRIMINATION_CASTE_VULNERABILITY,en,conversational_augmented
Ma'am... initially it seemed resolved but suddenly violence flared up again please do something quickly.,CONTRADICTORY_CHANGING_SITUATION,en,conversational_augmented
प्लीज... अकेले कमरे में बंद हूं कोई रिश्तेदार नहीं है मैं सच कह रहा हूं।,ISOLATION_NO_SUPPORT,hi,conversational_augmented
I am a victim of severe domestic violence at home please send police now.,DOMESTIC_FAMILY_VIOLENCE,en,conversational_augmented
madam... disabled person par assault attempt hua hai jaldi kuch kijiye.,CHILD_ELDERLY_DISABILITY_VULNERABILITY,hinglish,conversational_augmented
घर में छोटा बच्चा और गर्भवती महिला है प्लीज कुछ कीजिए।,CHILD_ELDERLY_DISABILITY_VULNERABILITY,hi,conversational_augmented
मेरे साथ शारीरिक जबरदस्ती की गई,SEXUAL_VIOLENCE_HARASSMENT,hi,direct_seed
urgent hai... community pressure banaya ja raha hai case wapas lene,SOCIAL_COMMUNITY_PRESSURE,hinglish,conversational_augmented
he threatened to destroy my home and life,THREAT_INTIMIDATION,en,conversational_augmented
"Ma'am... I am completely safe now, police have arrived I don't know what to do.",CURRENT_SAFETY_REASSURANCE,en,conversational_augmented
urgent hai... bachhe dar ke maare ro rahe hain kya aap sun rahe ho?,FEAR_DISTRESS_PANIC,hinglish,conversational_augmented
madam... landlord threw all luggage out on the street please madad karo.,NO_SAFE_PLACE_HOMELESSNESS,hinglish,conversational_augmented
ek ladka roz mera peecha karta hai office se ghar mujhe samajh nahi aa raha kya karu.,STALKING_FOLLOWING,hinglish,conversational_augmented
hello... humare sath bhedbhav ho raha hai,DISCRIMINATION_CASTE_VULNERABILITY,hinglish,conversational_augmented
बचाओ वो अंदर आ गया है,IMMEDIATE_PHYSICAL_DANGER,hi,conversational_augmented
मैडम... ब्लैकमेल करके लगातार दबाव बना रहा है जल्दी पुलिस भेजिए।,COERCION_BLACKMAIL,hi,conversational_augmented
the information is hazy and I cannot be sure,UNCERTAINTY_UNCLEAR_INFO,en,direct_seed
Please hear me... I was threatened by an armed individual please send police now.,THREAT_INTIMIDATION,en,conversational_augmented
कृपया ध्यान दीजिए... मैं यहां बिल्कुल अकेली हूं कोई मदद करने वाला नहीं मैं सच कह रहा हूं।,ISOLATION_NO_SUPPORT,hi,conversational_augmented
सास और ससुर घर में बंद करके मारते हैं मैं सच कह रहा हूं।,DOMESTIC_FAMILY_VIOLENCE,hi,conversational_augmented
Officer... requesting legal aid assistance for filing case are you listening?,REQUEST_COUNSELLING_LEGAL_MEDICAL,en,conversational_augmented
suniye... he is standing right outside my door with a knife kya aap sun rahe ho?,IMMEDIATE_PHYSICAL_DANGER,hinglish,conversational_augmented
have no family or friends to support me here please madad karo.,ISOLATION_NO_SUPPORT,hinglish,conversational_augmented
arre... pata nahi kahan hu landmark nahi dikh raha,UNCERTAINTY_UNCLEAR_INFO,hinglish,conversational_augmented
सर... छुआछूत का व्यवहार कर रहे हैं हमारे साथ मैं सच कह रहा हूं।,DISCRIMINATION_CASTE_VULNERABILITY,hi,conversational_augmented
सुनिए... उसने मुझे धमकी दी है जल्दी पुलिस भेजिए।,THREAT_INTIMIDATION,hi,conversational_augmented
दरवाजे के ठीक बाहर खड़ा है वो,IMMEDIATE_PHYSICAL_DANGER,hi,direct_seed
हेल्प कीजिए... जान बचाने के लिए कमरे में बंद हूं मुझे समझ नहीं आ रहा क्या करूं।,IMMEDIATE_PHYSICAL_DANGER,hi,conversational_augmented
Please hear me... he waits outside my workplace every evening watching me are you listening?,STALKING_FOLLOWING,en,conversational_augmented
Ma'am... a minor child is trapped inside facing grave risk please send police now.,CHILD_ELDERLY_DISABILITY_VULNERABILITY,en,conversational_augmented
neech jaati bolkar insult aur discriminate kar rahe please madad karo.,DISCRIMINATION_CASTE_VULNERABILITY,hinglish,conversational_augmented
Hello... there is an infant and a pregnant woman in the house I don't know what to do.,CHILD_ELDERLY_DISABILITY_VULNERABILITY,en,conversational_augmented
Ma'am... alert the local police station for immediate response,REQUEST_POLICE_EMERGENCY_HELP,en,conversational_augmented
Ma'am... I am terrified and panicking,FEAR_DISTRESS_PANIC,en,conversational_augmented
sir... mujhe exact location yaad nahi aa rahi confuse hu,UNCERTAINTY_UNCLEAR_INFO,hinglish,conversational_augmented
मेरी निजी तस्वीरें वायरल करने की धमकी दे रहा है,COERCION_BLACKMAIL,hi,conversational_augmented
Excuse me... I am hiding under the bed he is inside the house I am telling the truth.,IMMEDIATE_PHYSICAL_DANGER,en,conversational_augmented
दिव्यांग व्यक्ति पर हमला किया गया है,CHILD_ELDERLY_DISABILITY_VULNERABILITY,hi,conversational_augmented
जातिसूचक गालियां देकर अपमानित किया गया,DISCRIMINATION_CASTE_VULNERABILITY,hi,conversational_augmented
Help me... he is blackmailing me with private photographs,COERCION_BLACKMAIL,en,conversational_augmented
मेरा इस शहर में कोई नहीं है सबने छोड़ दिया,ISOLATION_NO_SUPPORT,hi,direct_seed
madam... panchayat ne social boycott announce kar diya hamara mujhe samajh nahi aa raha kya karu.,SOCIAL_COMMUNITY_PRESSURE,hinglish,conversational_augmented
listen... dhamki deke gaya hai abhi thodi der pehle,THREAT_INTIMIDATION,hinglish,conversational_augmented
gandi batein karke harass kar raha hai mai sach bol raha hu.,SEXUAL_VIOLENCE_HARASSMENT,hinglish,conversational_augmented
hello... describe kar rahe the mere saath discrimi,DISCRIMINATION_CASTE_VULNERABILITY,hinglish,conversational_augmented
I have no safe shelter or roof over my head tonight,NO_SAFE_PLACE_HOMELESSNESS,en,conversational_augmented
अरे... यह एक जागरूकता कार्यक्रम का नाटक था क्या आप सुन रहे हैं?,NEUTRAL_NO_INDICATOR,hi,conversational_augmented
madam... gandi batein karke harass kar raha hai,SEXUAL_VIOLENCE_HARASSMENT,hinglish,conversational_augmented
प्लीज... वार्निंग दी है कि बहुत पछताओगे,THREAT_INTIMIDATION,hi,conversational_augmented
I am extremely frightened for my life are you listening?,FEAR_DISTRESS_PANIC,en,conversational_augmented
Please hear me... I am trapped in the bathroom and he is inside I don't know what to do.,IMMEDIATE_PHYSICAL_DANGER,en,conversational_augmented
hello... coercing me into doing things against my consent,COERCION_BLACKMAIL,hinglish,conversational_augmented
Sir... I cannot clearly recall the exact details or location,UNCERTAINTY_UNCLEAR_INFO,en,conversational_augmented
help kijiye... forcing me to give money through blackmail send help immediately.,COERCION_BLACKMAIL,hinglish,conversational_augmented
सुनिए... वो मुझे ब्लैकमेल कर रहा है पैसों के लिए,COERCION_BLACKMAIL,hi,conversational_augmented
Please listen... I am facing continuous sexual harassment at workplace please send police now.,SEXUAL_VIOLENCE_HARASSMENT,en,conversational_augmented
the situation is volatile and constantly shifting I don't know what to do.,CONTRADICTORY_CHANGING_SITUATION,en,conversational_augmented
Sir... there is an infant and a pregnant woman in the house,CHILD_ELDERLY_DISABILITY_VULNERABILITY,en,conversational_augmented
अकेले कमरे में बंद हूं कोई रिश्तेदार नहीं है मुझे समझ नहीं आ रहा क्या करूं।,ISOLATION_NO_SUPPORT,hi,conversational_augmented
help kijiye... patient is unconscious please dispatch medical team jaldi kuch kijiye.,MEDICAL_EMERGENCY,hinglish,conversational_augmented
listen... mai bohot zyada scared hu,FEAR_DISTRESS_PANIC,hinglish,conversational_augmented
Help me... he threatened me but I am safe now I don't know what to do.,CURRENT_SAFETY_REASSURANCE,en,conversational_augmented
there is an armed man outside my apartment,IMMEDIATE_PHYSICAL_DANGER,en,direct_seed
please... ek ladka roz mera peecha karta hai office se ghar,STALKING_FOLLOWING,hinglish,conversational_augmented
blackmail kar raha hai ki social media par daal dega mai sach bol raha hu.,COERCION_BLACKMAIL,hinglish,conversational_augmented
I have no family or friends in this city to turn to,ISOLATION_NO_SUPPORT,en,conversational_augmented
Hello... my spouse locked me inside without water and hit me,DOMESTIC_FAMILY_VIOLENCE,en,conversational_augmented
suniye... need mental health counselling and legal guidance,REQUEST_COUNSELLING_LEGAL_MEDICAL,hinglish,conversational_augmented
हेल्प कीजिए... मेरा इस शहर में कोई नहीं है सबने छोड़ दिया प्लीज कुछ कीजिए।,ISOLATION_NO_SUPPORT,hi,conversational_augmented
hello... contradictory situation hai outcome uncertain hai kya aap sun rahe ho?,CONTRADICTORY_CHANGING_SITUATION,hinglish,conversational_augmented
pata nahi kahan hu landmark nahi dikh raha please madad karo.,UNCERTAINTY_UNCLEAR_INFO,hinglish,conversational_augmented
sir... wo log mere sath bhed bhav aur chhuachhoot kar rahe hain kya aap sun rahe ho?,DISCRIMINATION_CASTE_VULNERABILITY,hinglish,conversational_augmented
Officer... he touched me inappropriately against my will are you listening?,SEXUAL_VIOLENCE_HARASSMENT,en,conversational_augmented
I am stranded and all alone in this situation,ISOLATION_NO_SUPPORT,en,conversational_augmented
Ma'am... the information is hazy and I cannot be sure,UNCERTAINTY_UNCLEAR_INFO,en,conversational_augmented
he thretened to kill me and my family kya aap sun rahe ho?,THREAT_INTIMIDATION,hinglish,conversational_augmented
Please listen... I feel like ending my life right now are you listening?,SELF_HARM_CONCERN,en,conversational_augmented
अरे... जातिसूचक गालियां देकर अपमानित किया गया,DISCRIMINATION_CASTE_VULNERABILITY,hi,conversational_augmented
Please hear me... experiencing severe chest pain and medical collapse,MEDICAL_EMERGENCY,en,conversational_augmented
मैं बहुत परेशान हूं... पुलिस आ गई है अब स्थिति नियंत्रण में है,CURRENT_SAFETY_REASSURANCE,hi,conversational_augmented
he explicitly threatened to harm my children,THREAT_INTIMIDATION,en,direct_seed
the situation is terrifying and we are in panic,FEAR_DISTRESS_PANIC,en,direct_seed
feeling completely hopeless wanting to quit life,SELF_HARM_CONCERN,hinglish,direct_seed
suniye... police protection chahiye urgent basis pe,REQUEST_POLICE_EMERGENCY_HELP,hinglish,conversational_augmented
प्लीज... घर में छोटा बच्चा और गर्भवती महिला है तुरंत मदद चाहिए।,CHILD_ELDERLY_DISABILITY_VULNERABILITY,hi,conversational_augmented
urgent hai... no safe place to sleep tonight stranded on footpath send help immediately.,NO_SAFE_PLACE_HOMELESSNESS,hinglish,conversational_augmented
urgent hai... please send police immediately to my location jaldi kuch kijiye.,REQUEST_POLICE_EMERGENCY_HELP,hinglish,conversational_augmented
woh chala gaya hai ab koi danger nahi hai mujhe samajh nahi aa raha kya karu.,CURRENT_SAFETY_REASSURANCE,hinglish,conversational_augmented
डर के मारे कमरे में छिपी हूं,FEAR_DISTRESS_PANIC,hi,direct_seed
sir... phone pe continuously threatening calls aa rahe hain,THREAT_INTIMIDATION,hinglish,conversational_augmented
उसने बंदूक तान कर जान से मारने की बात कही,THREAT_INTIMIDATION,hi,direct_seed
usne galat tarike se touch kiya chedchad ki mujhe samajh nahi aa raha kya karu.,SEXUAL_VIOLENCE_HARASSMENT,hinglish,conversational_augmented
please... husband roz daaru peeke marpeet karta hai mujhe samajh nahi aa raha kya karu.,DOMESTIC_FAMILY_VIOLENCE,hinglish,conversational_augmented
Hello... I am facing continuous sexual harassment at workplace,SEXUAL_VIOLENCE_HARASSMENT,en,conversational_augmented
मेरी बात सुनिए... मुझे कानूनी सलाह और वकील की मदद चाहिए मुझे समझ नहीं आ रहा क्या करूं।,REQUEST_COUNSELLING_LEGAL_MEDICAL,hi,conversational_augmented
help kijiye... feeling like committing suicide please help,SELF_HARM_CONCERN,hinglish,conversational_augmented
डर के मारे चीख निकल रही है,FEAR_DISTRESS_PANIC,hi,conversational_augmented
I feel like ending my life right now are you listening?,SELF_HARM_CONCERN,en,conversational_augmented
please send a PCR emergency van right away please do something quickly.,REQUEST_POLICE_EMERGENCY_HELP,en,conversational_augmented
gala dabane ki koshish ki usne,PHYSICAL_VIOLENCE_INJURY,hinglish,direct_seed
hello... facing continuous spousal abuse and physical cruelty jaldi kuch kijiye.,DOMESTIC_FAMILY_VIOLENCE,hinglish,conversational_augmented
I need urgent help... I cannot calm down because of fear I don't know what to do.,FEAR_DISTRESS_PANIC,en,conversational_augmented
Please listen... alert the local police station for immediate response please do something quickly.,REQUEST_POLICE_EMERGENCY_HELP,en,conversational_augmented
सर... यह एक जागरूकता कार्यक्रम का नाटक था,NEUTRAL_NO_INDICATOR,hi,conversational_augmented
पता नहीं कौन था और क्या जगह थी,UNCERTAINTY_UNCLEAR_INFO,hi,conversational_augmented
I need urgent help... my husband beats me violently every day I am telling the truth.,DOMESTIC_FAMILY_VIOLENCE,en,conversational_augmented
I am bleeding heavily from my head I don't know what to do.,PHYSICAL_VIOLENCE_INJURY,en,conversational_augmented
madam... neech jaati bolkar insult aur discriminate kar rahe,DISCRIMINATION_CASTE_VULNERABILITY,hinglish,conversational_augmented
उसने बंदूक तान कर जान से मारने की बात कही,THREAT_INTIMIDATION,hi,conversational_augmented
sir... heavy bleeding ho rahi hai ambulance chahiye turant kya aap sun rahe ho?,MEDICAL_EMERGENCY,hinglish,conversational_augmented
suniye... sometimes calm sometimes suddenly attacks again,CONTRADICTORY_CHANGING_SITUATION,hinglish,conversational_augmented
मैडम... विरोधाभासी बातें हो रही हैं यहां माहौल अस्थिर है क्या आप सुन रहे हैं?,CONTRADICTORY_CHANGING_SITUATION,hi,conversational_augmented
अरे... आत्महत्या करने का ख्याल आ रहा है जल्दी पुलिस भेजिए।,SELF_HARM_CONCERN,hi,conversational_augmented
कोई कई दिनों से मेरा पीछा कर रहा है,STALKING_FOLLOWING,hi,conversational_augmented
Excuse me... my family members are physically abusing me please send police now.,DOMESTIC_FAMILY_VIOLENCE,en,conversational_augmented
madam... ab mai safe hu police aa gayi hai send help immediately.,CURRENT_SAFETY_REASSURANCE,hinglish,conversational_augmented
we were just joking around no real threat,NEUTRAL_NO_INDICATOR,hinglish,direct_seed
I need urgent help... I am stranded on the roadside with nowhere to sleep,NO_SAFE_PLACE_HOMELESSNESS,en,conversational_augmented
अरे... दहेज न लाने पर घर से निकालने की धमकी दी मैं सच कह रहा हूं।,DOMESTIC_FAMILY_VIOLENCE,hi,conversational_augmented
Excuse me... my husband beats me violently every day,DOMESTIC_FAMILY_VIOLENCE,en,conversational_augmented
Hello... I have no reason to stay alive are you listening?,SELF_HARM_CONCERN,en,conversational_augmented
नमस्ते... मेट्रो स्टेशन से घर तक फॉलो कर रहा है मैं सच कह रहा हूं।,STALKING_FOLLOWING,hi,conversational_augmented
Sir... I don't know the exact landmark around me,UNCERTAINTY_UNCLEAR_INFO,en,conversational_augmented
Officer... he keeps watching my house and tracking my schedule,STALKING_FOLLOWING,en,conversational_augmented
pcr van bhejo jaldi address par,REQUEST_POLICE_EMERGENCY_HELP,hinglish,conversational_augmented
Excuse me... he is standing outside my door holding a weapon please send police now.,IMMEDIATE_PHYSICAL_DANGER,en,conversational_augmented
मैं बहुत परेशान हूं... डर के मारे चीख निकल रही है,FEAR_DISTRESS_PANIC,hi,conversational_augmented
Excuse me... requesting immediate emergency police dispatch please do something quickly.,REQUEST_POLICE_EMERGENCY_HELP,en,conversational_augmented
जातिगत भेदभाव और छुआछूत का शिकार बनाया गया तुरंत मदद चाहिए।,DISCRIMINATION_CASTE_VULNERABILITY,hi,conversational_augmented
suniye... contradictory situation hai outcome uncertain hai,CONTRADICTORY_CHANGING_SITUATION,hinglish,conversational_augmented
कन्फ्यूज हूं शायद कल या परसों की बात है,UNCERTAINTY_UNCLEAR_INFO,hi,conversational_augmented
suniye... landlord threw all luggage out on the street kya aap sun rahe ho?,NO_SAFE_PLACE_HOMELESSNESS,hinglish,conversational_augmented
Ma'am... I am isolated in this house with zero support,ISOLATION_NO_SUPPORT,en,conversational_augmented
hello... apne aap ko hurt karne ka man kar raha hai please madad karo.,SELF_HARM_CONCERN,hinglish,conversational_augmented
Please hear me... initially it seemed resolved but suddenly violence flared up again I am telling the truth.,CONTRADICTORY_CHANGING_SITUATION,en,conversational_augmented
there is no hope left for me I want to die please do something quickly.,SELF_HARM_CONCERN,en,conversational_augmented
arre... chest pain aur breathing difficulty ho rahi hai mujhe samajh nahi aa raha kya karu.,MEDICAL_EMERGENCY,hinglish,conversational_augmented
I need urgent help... I am being extorted and coerced under threat of defamation please help immediately.,COERCION_BLACKMAIL,en,conversational_augmented
arre... blakmail karke mental torture de raha hai mujhe samajh nahi aa raha kya karu.,COERCION_BLACKMAIL,hinglish,conversational_augmented
I am living in constant fear,FEAR_DISTRESS_PANIC,en,direct_seed
I am seriously injured and bleeding I don't know what to do.,PHYSICAL_VIOLENCE_INJURY,en,conversational_augmented
"Please listen... everything is under control now, I am safe please send police now.",CURRENT_SAFETY_REASSURANCE,en,conversational_augmented
he threatened me but I am safe now please help immediately.,CURRENT_SAFETY_REASSURANCE,en,conversational_augmented
I don't know the exact landmark around me,UNCERTAINTY_UNCLEAR_INFO,en,direct_seed
help kijiye... humare sath bhedbhav ho raha hai jaldi kuch kijiye.,DISCRIMINATION_CASTE_VULNERABILITY,hinglish,conversational_augmented
arre... need immediate police intervention and escort send help immediately.,REQUEST_POLICE_EMERGENCY_HELP,hinglish,conversational_augmented
listen... roz ghar ke bahar khada rehta hai bike leke send help immediately.,STALKING_FOLLOWING,hinglish,conversational_augmented
मैडम... पड़ोसियों ने आकर मुझे बचा लिया अब सुरक्षित हूं,CURRENT_SAFETY_REASSURANCE,hi,conversational_augmented
please... chest pain aur breathing difficulty ho rahi hai,MEDICAL_EMERGENCY,hinglish,conversational_augmented
help kijiye... homeless ho gaye hain koi shelter nahi hai,NO_SAFE_PLACE_HOMELESSNESS,hinglish,conversational_augmented
अरे... पुलिस आ गई है अब स्थिति नियंत्रण में है,CURRENT_SAFETY_REASSURANCE,hi,conversational_augmented
I am bleeding heavily from my head,PHYSICAL_VIOLENCE_INJURY,en,direct_seed
alert the local police station for immediate response,REQUEST_POLICE_EMERGENCY_HELP,en,conversational_augmented
मेरी बात सुनिए... स्टॉकिंग कर रहा है लगातार नजर रख रहा है,STALKING_FOLLOWING,hi,conversational_augmented
Please hear me... I am being blackmailed and pressurized constantly are you listening?,COERCION_BLACKMAIL,en,conversational_augmented
Excuse me... she threatened that she will ruin my life are you listening?,THREAT_INTIMIDATION,en,conversational_augmented
urgent hai... koi reason nahi bacha live karne ka,SELF_HARM_CONCERN,hinglish,conversational_augmented
I need urgent help... we were forcibly evicted and have no place to go please send police now.,NO_SAFE_PLACE_HOMELESSNESS,en,conversational_augmented
my spouse locked me inside without water and hit me please send police now.,DOMESTIC_FAMILY_VIOLENCE,en,conversational_augmented
counsellor se baat karni hai stress relief ke liye please madad karo.,REQUEST_COUNSELLING_LEGAL_MEDICAL,hinglish,conversational_augmented
Excuse me... initially it seemed resolved but suddenly violence flared up again,CONTRADICTORY_CHANGING_SITUATION,en,conversational_augmented
पूरे गांव और पंचायत ने हमारा बहिष्कार कर दिया है,SOCIAL_COMMUNITY_PRESSURE,hi,conversational_augmented
मेरी बात सुनिए... लीगल एड और कोर्ट प्रक्रिया की जानकारी चाहिए मुझे समझ नहीं आ रहा क्या करूं।,REQUEST_COUNSELLING_LEGAL_MEDICAL,hi,conversational_augmented
मैडम... घरेलू हिंसा का शिकार हो रही हूं रोज,DOMESTIC_FAMILY_VIOLENCE,hi,conversational_augmented
Please listen... I am uncertain and confused about what transpired are you listening?,UNCERTAINTY_UNCLEAR_INFO,en,conversational_augmented
arre... please send police immediately to my location,REQUEST_POLICE_EMERGENCY_HELP,hinglish,conversational_augmented
suniye... pregnant lady hai ghar pe aur small kids hain mai sach bol raha hu.,CHILD_ELDERLY_DISABILITY_VULNERABILITY,hinglish,conversational_augmented
Sir... he waits outside my workplace every evening watching me please help immediately.,STALKING_FOLLOWING,en,conversational_augmented
अज्ञात व्यक्ति मेरा पीछा करता है घर तक तुरंत मदद चाहिए।,STALKING_FOLLOWING,hi,conversational_augmented
मोहल्ले के लोग मिलकर धमकी दे रहे हैं,SOCIAL_COMMUNITY_PRESSURE,hi,conversational_augmented
madam... ek ladka roz mera peecha karta hai office se ghar mujhe samajh nahi aa raha kya karu.,STALKING_FOLLOWING,hinglish,conversational_augmented
मेरी बात सुनिए... हर जगह मेरा पीछा करके वीडियो बनाता है जल्दी पुलिस भेजिए।,STALKING_FOLLOWING,hi,conversational_augmented
Hello... I have nowhere to go and nobody to call for assistance please help immediately.,ISOLATION_NO_SUPPORT,en,conversational_augmented
Please hear me... I was sexually harassed on my way home please do something quickly.,SEXUAL_VIOLENCE_HARASSMENT,en,conversational_augmented
मैं बहुत परेशान हूं... मोहल्ले के लोग मिलकर धमकी दे रहे हैं,SOCIAL_COMMUNITY_PRESSURE,hi,conversational_augmented
हेल्प कीजिए... विरोधाभासी बातें हो रही हैं यहां माहौल अस्थिर है,CONTRADICTORY_CHANGING_SITUATION,hi,conversational_augmented
अरे... पता नहीं कौन था और क्या जगह थी तुरंत मदद चाहिए।,UNCERTAINTY_UNCLEAR_INFO,hi,conversational_augmented
hello... not sure what happened exactly unclear memory mujhe samajh nahi aa raha kya karu.,UNCERTAINTY_UNCLEAR_INFO,hinglish,conversational_augmented
मैडम... मेरा इस शहर में कोई नहीं है सबने छोड़ दिया,ISOLATION_NO_SUPPORT,hi,conversational_augmented
अरे... तुरंत एम्बुलेंस भेजिए मरीज की हालत गंभीर है मुझे समझ नहीं आ रहा क्या करूं।,MEDICAL_EMERGENCY,hi,conversational_augmented
सांस लेने में बहुत तकलीफ हो रही है बेहोश हो रहे हैं प्लीज कुछ कीजिए।,MEDICAL_EMERGENCY,hi,conversational_augmented
घर से निकाल दिया गया है सड़क पर बैठी हूं,NO_SAFE_PLACE_HOMELESSNESS,hi,direct_seed
Please hear me... facing continuous discrimination and harassment based on my caste please do something quickly.,DISCRIMINATION_CASTE_VULNERABILITY,en,conversational_augmented
he is attempting to force his way inside please send police now.,IMMEDIATE_PHYSICAL_DANGER,en,conversational_augmented
Help me... need therapy and mental health support session,REQUEST_COUNSELLING_LEGAL_MEDICAL,en,conversational_augmented
I am on the verge of killing myself I am telling the truth.,SELF_HARM_CONCERN,en,conversational_augmented
Ma'am... I cannot calm down because of fear please send police now.,FEAR_DISTRESS_PANIC,en,conversational_augmented
मैं बहुत परेशान हूं... धमकी दी है कि घर में आग लगा देगा मुझे समझ नहीं आ रहा क्या करूं।,THREAT_INTIMIDATION,hi,conversational_augmented
coercing me into doing things against my consent,COERCION_BLACKMAIL,hinglish,conversational_augmented
requesting immediate emergency police dispatch I don't know what to do.,REQUEST_POLICE_EMERGENCY_HELP,en,conversational_augmented
mai bohot pareshan hu... usne private photos leak karne ki blackmailing shuru kar di,COERCION_BLACKMAIL,hinglish,conversational_augmented
sasural me roz torture kiya ja raha hai kya aap sun rahe ho?,DOMESTIC_FAMILY_VIOLENCE,hinglish,conversational_augmented
he did not threaten me kya aap sun rahe ho?,NEUTRAL_NO_INDICATOR,hinglish,conversational_augmented
Please hear me... I am seriously injured and bleeding,PHYSICAL_VIOLENCE_INJURY,en,conversational_augmented
Officer... experiencing severe chest pain and medical collapse,MEDICAL_EMERGENCY,en,conversational_augmented
नमस्ते... मुझे पुलिस सुरक्षा की तुरंत आवश्यकता है मुझे समझ नहीं आ रहा क्या करूं।,REQUEST_POLICE_EMERGENCY_HELP,hi,conversational_augmented
forcing me to give money through blackmail,COERCION_BLACKMAIL,hinglish,conversational_augmented
Please hear me... it was a harmless conversation with no threatening language,NEUTRAL_NO_INDICATOR,en,conversational_augmented
facing continuous discrimination and harassment based on my caste,DISCRIMINATION_CASTE_VULNERABILITY,en,conversational_augmented
please... usne bola agar pulis bulayi toh zinda nahi chodega,THREAT_INTIMIDATION,hinglish,conversational_augmented
arre... forced himself on me without consent,SEXUAL_VIOLENCE_HARASSMENT,hinglish,conversational_augmented
arre... usne private photos leak karne ki blackmailing shuru kar di,COERCION_BLACKMAIL,hinglish,conversational_augmented
he keeps watching my house and tracking my schedule are you listening?,STALKING_FOLLOWING,en,conversational_augmented
bohot pareshan hu dar lag raha hai mujhe samajh nahi aa raha kya karu.,FEAR_DISTRESS_PANIC,hinglish,conversational_augmented
Please listen... I am being stalked by an unknown person continuously please help immediately.,STALKING_FOLLOWING,en,conversational_augmented
सर... दलित होने के कारण कुएं से पानी नहीं भरने दिया,DISCRIMINATION_CASTE_VULNERABILITY,hi,conversational_augmented
सुनिए... मुझे पुलिस सुरक्षा की तुरंत आवश्यकता है मैं सच कह रहा हूं।,REQUEST_POLICE_EMERGENCY_HELP,hi,conversational_augmented
my hands are trembling with fear,FEAR_DISTRESS_PANIC,en,conversational_augmented
please send a PCR emergency van right away I don't know what to do.,REQUEST_POLICE_EMERGENCY_HELP,en,conversational_augmented
मेरी बात सुनिए... कहता है अगर शिकायत की तो ज़िंदा नहीं छोड़ेगा मुझे समझ नहीं आ रहा क्या करूं।,THREAT_INTIMIDATION,hi,conversational_augmented
Hello... we are facing intense community ostracization and pressure,SOCIAL_COMMUNITY_PRESSURE,en,conversational_augmented
chest pain aur breathing difficulty ho rahi hai mai sach bol raha hu.,MEDICAL_EMERGENCY,hinglish,conversational_augmented
arre... he has broken the latch of the gate,IMMEDIATE_PHYSICAL_DANGER,hinglish,conversational_augmented
Please listen... requesting immediate emergency police dispatch please do something quickly.,REQUEST_POLICE_EMERGENCY_HELP,en,conversational_augmented
Hello... I am being discriminated against at work and in public,DISCRIMINATION_CASTE_VULNERABILITY,en,conversational_augmented
he did not threaten me,NEUTRAL_NO_INDICATOR,en,direct_seed
मेरे साथ शारीरिक जबरदस्ती की गई तुरंत मदद चाहिए।,SEXUAL_VIOLENCE_HARASSMENT,hi,conversational_augmented
धमकी दे रहा है कि तेरी जिंदगी नरक बना दूंगा मुझे समझ नहीं आ रहा क्या करूं।,THREAT_INTIMIDATION,hi,conversational_augmented
usne galat tarike se touch kiya chedchad ki mai sach bol raha hu.,SEXUAL_VIOLENCE_HARASSMENT,hinglish,conversational_augmented
नमस्ते... सांस लेने में बहुत तकलीफ हो रही है बेहोश हो रहे हैं,MEDICAL_EMERGENCY,hi,conversational_augmented
प्लीज... विरोधाभासी बातें हो रही हैं यहां माहौल अस्थिर है जल्दी पुलिस भेजिए।,CONTRADICTORY_CHANGING_SITUATION,hi,conversational_augmented
मैडम... मेरा इस शहर में कोई नहीं है सबने छोड़ दिया क्या आप सुन रहे हैं?,ISOLATION_NO_SUPPORT,hi,conversational_augmented
I am being stalked by an unknown person continuously,STALKING_FOLLOWING,en,conversational_augmented
Officer... I am trapped in an abusive marriage with constant violence please send police now.,DOMESTIC_FAMILY_VIOLENCE,en,conversational_augmented
मुझे थेरेपिस्ट से काउंसलिंग की जरूरत है,REQUEST_COUNSELLING_LEGAL_MEDICAL,hi,conversational_augmented
मैडम... पहले लगा कि सब ठीक है लेकिन अचानक फिर झगड़ा शुरू हो गया मुझे समझ नहीं आ रहा क्या करूं।,CONTRADICTORY_CHANGING_SITUATION,hi,conversational_augmented
arre... no safe place to sleep tonight stranded on footpath send help immediately.,NO_SAFE_PLACE_HOMELESSNESS,hinglish,conversational_augmented
दरवाजा तोड़ने की कोशिश कर रहा है कोई मुझे समझ नहीं आ रहा क्या करूं।,IMMEDIATE_PHYSICAL_DANGER,hi,conversational_augmented
"I need an ambulance immediately, severe bleeding are you listening?",MEDICAL_EMERGENCY,en,conversational_augmented
Ma'am... he threatened me but I am safe now please help immediately.,CURRENT_SAFETY_REASSURANCE,en,conversational_augmented
Please hear me... I don't know the exact landmark around me I am telling the truth.,UNCERTAINTY_UNCLEAR_INFO,en,conversational_augmented
mai bohot pareshan hu... ghar se nikal diya hai road par khadi hu please madad karo.,NO_SAFE_PLACE_HOMELESSNESS,hinglish,conversational_augmented
hello... chaku se hamla kiya haath cut gaya,PHYSICAL_VIOLENCE_INJURY,hinglish,conversational_augmented
mai bohot pareshan hu... inappropriate physical contact kiya forcefully mujhe samajh nahi aa raha kya karu.,SEXUAL_VIOLENCE_HARASSMENT,hinglish,conversational_augmented
Hello... I am bleeding heavily from my head,PHYSICAL_VIOLENCE_INJURY,en,conversational_augmented
I have no reason to stay alive,SELF_HARM_CONCERN,en,direct_seed
mai bohot pareshan hu... he is banging on my window violently please madad karo.,IMMEDIATE_PHYSICAL_DANGER,hinglish,conversational_augmented
he tried to force himself onto me,SEXUAL_VIOLENCE_HARASSMENT,en,conversational_augmented
usne mujhe bohot mara hai bleeding ho rahi hai kya aap sun rahe ho?,PHYSICAL_VIOLENCE_INJURY,hinglish,conversational_augmented
community elders are pressurizing us to withdraw the complaint are you listening?,SOCIAL_COMMUNITY_PRESSURE,en,conversational_augmented
confused state me hu exact time nahi pata send help immediately.,UNCERTAINTY_UNCLEAR_INFO,hinglish,conversational_augmented
Officer... I am isolated in this house with zero support,ISOLATION_NO_SUPPORT,en,conversational_augmented
hello... entire village mob is pressurizing our family please madad karo.,SOCIAL_COMMUNITY_PRESSURE,hinglish,conversational_augmented
arre... usne private photos leak karne ki blackmailing shuru kar di mujhe samajh nahi aa raha kya karu.,COERCION_BLACKMAIL,hinglish,conversational_augmented
need therapy and mental health support session please send police now.,REQUEST_COUNSELLING_LEGAL_MEDICAL,en,conversational_augmented
मैं बहुत परेशान हूं... लीगल एड और कोर्ट प्रक्रिया की जानकारी चाहिए मुझे समझ नहीं आ रहा क्या करूं।,REQUEST_COUNSELLING_LEGAL_MEDICAL,hi,conversational_augmented
Hello... he threatened my family with violence,THREAT_INTIMIDATION,en,conversational_augmented
shaking with fear right now jaldi kuch kijiye.,FEAR_DISTRESS_PANIC,hinglish,conversational_augmented
he followed my vehicle for over five kilometers are you listening?,STALKING_FOLLOWING,en,conversational_augmented
suniye... entire village mob is pressurizing our family send help immediately.,SOCIAL_COMMUNITY_PRESSURE,hinglish,conversational_augmented
madam... roz ghar ke bahar khada rehta hai bike leke please madad karo.,STALKING_FOLLOWING,hinglish,conversational_augmented
mai bohot pareshan hu... coercing me into doing things against my consent mai sach bol raha hu.,COERCION_BLACKMAIL,hinglish,conversational_augmented
Please listen... unstable and fluctuating circumstances right now please send police now.,CONTRADICTORY_CHANGING_SITUATION,en,conversational_augmented
Hello... need therapy and mental health support session please help immediately.,REQUEST_COUNSELLING_LEGAL_MEDICAL,en,conversational_augmented
apne aap ko hurt karne ka man kar raha hai,SELF_HARM_CONCERN,hinglish,direct_seed
please send a PCR emergency van right away,REQUEST_POLICE_EMERGENCY_HELP,en,conversational_augmented
मेरी बात सुनिए... मजबूर कर रहा है गैरकानूनी काम करने के लिए,COERCION_BLACKMAIL,hi,conversational_augmented
"नमस्ते, राष्ट्रीय हेल्पलाइन 14566 में आपका स्वागत है",NEUTRAL_NO_INDICATOR,hi,direct_seed
suniye... police PCR van reach ho gayi hai we are safe,CURRENT_SAFETY_REASSURANCE,hinglish,conversational_augmented
I need urgent help... he waits outside my workplace every evening watching me are you listening?,STALKING_FOLLOWING,en,conversational_augmented
मोहल्ले के लोग मिलकर धमकी दे रहे हैं क्या आप सुन रहे हैं?,SOCIAL_COMMUNITY_PRESSURE,hi,conversational_augmented
Please listen... he attempted to sexually assault me,SEXUAL_VIOLENCE_HARASSMENT,en,conversational_augmented
I need urgent help... the local panchayat has ordered a complete social boycott I am telling the truth.,SOCIAL_COMMUNITY_PRESSURE,en,conversational_augmented
Excuse me... alert the local police station for immediate response please send police now.,REQUEST_POLICE_EMERGENCY_HELP,en,conversational_augmented
प्लीज... रात में सड़क पर खड़ी हूं कोई सुरक्षित जगह नहीं है जल्दी पुलिस भेजिए।,NO_SAFE_PLACE_HOMELESSNESS,hi,conversational_augmented
बच्चे बहुत सहमे हुए हैं डर से तुरंत मदद चाहिए।,FEAR_DISTRESS_PANIC,hi,conversational_augmented
he threatened me but I am safe now I don't know what to do.,CURRENT_SAFETY_REASSURANCE,en,conversational_augmented
urgent hai... counsellor se baat karni hai stress relief ke liye send help immediately.,REQUEST_COUNSELLING_LEGAL_MEDICAL,hinglish,conversational_augmented
पूरे गांव और पंचायत ने हमारा बहिष्कार कर दिया है,SOCIAL_COMMUNITY_PRESSURE,hi,direct_seed
disabled person par assault attempt hua hai,CHILD_ELDERLY_DISABILITY_VULNERABILITY,hinglish,conversational_augmented
Help me... I need legal guidance and lawyer consultation please help immediately.,REQUEST_COUNSELLING_LEGAL_MEDICAL,en,conversational_augmented
मोहल्ले के लोग मिलकर धमकी दे रहे हैं,SOCIAL_COMMUNITY_PRESSURE,hi,conversational_augmented
मेरी बात सुनिए... छाती में तेज दर्द है और बहुत ज्यादा खून बह रहा है,MEDICAL_EMERGENCY,hi,conversational_augmented
हेल्प कीजिए... पहले लगा कि सब ठीक है लेकिन अचानक फिर झगड़ा शुरू हो गया मैं सच कह रहा हूं।,CONTRADICTORY_CHANGING_SITUATION,hi,conversational_augmented
listen... mujhe exact location yaad nahi aa rahi confuse hu mai sach bol raha hu.,UNCERTAINTY_UNCLEAR_INFO,hinglish,conversational_augmented
he threatened me but I am safe now please send police now.,CURRENT_SAFETY_REASSURANCE,en,conversational_augmented
he did not threaten me are you listening?,NEUTRAL_NO_INDICATOR,en,conversational_augmented
mai bohot pareshan hu... sometimes calm sometimes suddenly attacks again please madad karo.,CONTRADICTORY_CHANGING_SITUATION,hinglish,conversational_augmented
मैडम... शरीर पर बहुत चोटें आई हैं,PHYSICAL_VIOLENCE_INJURY,hi,conversational_augmented
Help me... I cannot continue living like this please send police now.,SELF_HARM_CONCERN,en,conversational_augmented
उसने मुझे डंडे से मारा और घायल कर दिया,PHYSICAL_VIOLENCE_INJURY,hi,direct_seed
मेरी बात सुनिए... जान बचाने के लिए कमरे में बंद हूं मुझे समझ नहीं आ रहा क्या करूं।,IMMEDIATE_PHYSICAL_DANGER,hi,conversational_augmented
hello... disabled person par assault attempt hua hai kya aap sun rahe ho?,CHILD_ELDERLY_DISABILITY_VULNERABILITY,hinglish,conversational_augmented
सुनिए... उसने मुझे डंडे से मारा और घायल कर दिया मुझे समझ नहीं आ रहा क्या करूं।,PHYSICAL_VIOLENCE_INJURY,hi,conversational_augmented
he waits outside my workplace every evening watching me,STALKING_FOLLOWING,en,conversational_augmented
मैं बहुत परेशान हूं... बुजुर्ग माता-पिता हैं जो चलने में असमर्थ हैं प्लीज कुछ कीजिए।,CHILD_ELDERLY_DISABILITY_VULNERABILITY,hi,conversational_augmented
help kijiye... sir pe chot lagi hai khoon nikal raha hai,PHYSICAL_VIOLENCE_INJURY,hinglish,conversational_augmented
सुनिए... मुझे ठीक से याद नहीं आ रहा क्या हुआ था,UNCERTAINTY_UNCLEAR_INFO,hi,conversational_augmented
mai bohot pareshan hu... have no family or friends to support me here jaldi kuch kijiye.,ISOLATION_NO_SUPPORT,hinglish,conversational_augmented
urgent hai... dhamki de raha hai ghar jala dunga please madad karo.,THREAT_INTIMIDATION,hinglish,conversational_augmented
Ma'am... I have been thrown out of my house onto the street please help immediately.,NO_SAFE_PLACE_HOMELESSNESS,en,conversational_augmented
Officer... community elders are pressurizing us to withdraw the complaint please send police now.,SOCIAL_COMMUNITY_PRESSURE,en,conversational_augmented
हम सिर्फ फिल्म की कहानी पर चर्चा कर रहे थे प्लीज कुछ कीजिए।,NEUTRAL_NO_INDICATOR,hi,conversational_augmented
hello... bahar khada hai gaaliyan de raha hai,IMMEDIATE_PHYSICAL_DANGER,hinglish,conversational_augmented
Please listen... he touched me inappropriately against my will please help immediately.,SEXUAL_VIOLENCE_HARASSMENT,en,conversational_augmented
I cannot continue living like this please send police now.,SELF_HARM_CONCERN,en,conversational_augmented
requesting immediate emergency police dispatch please do something quickly.,REQUEST_POLICE_EMERGENCY_HELP,en,conversational_augmented
सिर पर गहरी चोट है और उल्टियां हो रही हैं,MEDICAL_EMERGENCY,hi,conversational_augmented
"Please hear me... I need an ambulance immediately, severe bleeding I don't know what to do.",MEDICAL_EMERGENCY,en,conversational_augmented
arre... SC/ST community se hone ke karan dukan se bhaga diya mai sach bol raha hu.,DISCRIMINATION_CASTE_VULNERABILITY,hinglish,conversational_augmented
बहुत उलझन में हूं सही जानकारी नहीं दे पा रही,UNCERTAINTY_UNCLEAR_INFO,hi,direct_seed
deep head laceration with heavy blood loss,MEDICAL_EMERGENCY,en,conversational_augmented
अरे... मैं बहुत टूट चुकी हूं मर जाना चाहती हूं क्या आप सुन रहे हैं?,SELF_HARM_CONCERN,hi,conversational_augmented
धमकी भरे मैसेज भेज रहा है मुझे समझ नहीं आ रहा क्या करूं।,THREAT_INTIMIDATION,hi,conversational_augmented
arre... reached inside police thana now totally safe,CURRENT_SAFETY_REASSURANCE,hinglish,conversational_augmented
someone threatened me,THREAT_INTIMIDATION,hinglish,direct_seed
हाथ पैर कांप रहे हैं घबराहट से,FEAR_DISTRESS_PANIC,hi,direct_seed
भेदभाव कर रहे हैं और अपमानजनक शब्द बोल रहे हैं,DISCRIMINATION_CASTE_VULNERABILITY,hi,conversational_augmented
Hello... I would like to speak to a psychological counselor,REQUEST_COUNSELLING_LEGAL_MEDICAL,en,conversational_augmented
woh chala gaya hai ab koi danger nahi hai kya aap sun rahe ho?,CURRENT_SAFETY_REASSURANCE,hinglish,conversational_augmented
help kijiye... confused state me hu exact time nahi pata mai sach bol raha hu.,UNCERTAINTY_UNCLEAR_INFO,hinglish,conversational_augmented
सिर पर गहरी चोट है और उल्टियां हो रही हैं,MEDICAL_EMERGENCY,hi,conversational_augmented
Please hear me... no physical violence or threats occurred,NEUTRAL_NO_INDICATOR,en,conversational_augmented
Officer... I am trapped in the bathroom and he is inside please do something quickly.,IMMEDIATE_PHYSICAL_DANGER,en,conversational_augmented
मेरी बात सुनिए... बचाओ वो अंदर आ गया है,IMMEDIATE_PHYSICAL_DANGER,hi,conversational_augmented
मेरी बात सुनिए... कोई साथ देने वाला नहीं है चारों तरफ से अकेली हूं क्या आप सुन रहे हैं?,ISOLATION_NO_SUPPORT,hi,conversational_augmented
उसने मुझे गलत तरीके से छुआ मुझे समझ नहीं आ रहा क्या करूं।,SEXUAL_VIOLENCE_HARASSMENT,hi,conversational_augmented
Please hear me... he is violently kicking my front door I am telling the truth.,IMMEDIATE_PHYSICAL_DANGER,en,conversational_augmented
प्लीज... मुझे जीने की कोई उम्मीद नहीं दिख रही,SELF_HARM_CONCERN,hi,conversational_augmented
मैं बहुत परेशान हूं... उसने फोन करके बोला कि तुझे देख लूंगा जल्दी पुलिस भेजिए।,THREAT_INTIMIDATION,hi,conversational_augmented
छुआछूत का व्यवहार कर रहे हैं हमारे साथ,DISCRIMINATION_CASTE_VULNERABILITY,hi,conversational_augmented
मैं बहुत परेशान हूं... घबराहट के कारण कुछ समझ नहीं आ रहा मैं सच कह रहा हूं।,FEAR_DISTRESS_PANIC,hi,conversational_augmented
urgent hai... forcing me to give money through blackmail,COERCION_BLACKMAIL,hinglish,conversational_augmented
मेरी बात सुनिए... आत्महत्या करने का ख्याल आ रहा है,SELF_HARM_CONCERN,hi,conversational_augmented
जातिगत भेदभाव और छुआछूत का शिकार बनाया गया,DISCRIMINATION_CASTE_VULNERABILITY,hi,direct_seed
Help me... I am uncertain and confused about what transpired,UNCERTAINTY_UNCLEAR_INFO,en,conversational_augmented
सांस लेने में बहुत तकलीफ हो रही है बेहोश हो रहे हैं मुझे समझ नहीं आ रहा क्या करूं।,MEDICAL_EMERGENCY,hi,conversational_augmented
sir... chest pain aur breathing difficulty ho rahi hai kya aap sun rahe ho?,MEDICAL_EMERGENCY,hinglish,conversational_augmented
ऑपरेटर: कृपया अपना नाम और फोन नंबर दर्ज कराएं,NEUTRAL_NO_INDICATOR,hi,direct_seed
किराए के कमरे से जबरन सामान फेंक कर निकाल दिया मैं सच कह रहा हूं।,NO_SAFE_PLACE_HOMELESSNESS,hi,conversational_augmented
I need urgent help... he grabbed me forcefully and made sexual remarks,SEXUAL_VIOLENCE_HARASSMENT,en,conversational_augmented
Please listen... I am completely alone and have nobody to help me I am telling the truth.,ISOLATION_NO_SUPPORT,en,conversational_augmented
मैडम... शारीरिक रूप से प्रताड़ित किया गया है मैं सच कह रहा हूं।,PHYSICAL_VIOLENCE_INJURY,hi,conversational_augmented
अरे... रास्ते में रोक कर गलत तरीके से हाथ पकड़ा,SEXUAL_VIOLENCE_HARASSMENT,hi,conversational_augmented
not sure what happened exactly unclear memory send help immediately.,UNCERTAINTY_UNCLEAR_INFO,hinglish,conversational_augmented
mai bohot pareshan hu... gandi batein karke harass kar raha hai mujhe samajh nahi aa raha kya karu.,SEXUAL_VIOLENCE_HARASSMENT,hinglish,conversational_augmented
हेल्प कीजिए... उसने मुझे बुरी तरह पीटा है,PHYSICAL_VIOLENCE_INJURY,hi,conversational_augmented
हेल्प कीजिए... दिव्यांग व्यक्ति पर हमला किया गया है प्लीज कुछ कीजिए।,CHILD_ELDERLY_DISABILITY_VULNERABILITY,hi,conversational_augmented
please... kehta hai tera murder kar dunga,THREAT_INTIMIDATION,hinglish,conversational_augmented
I need urgent help... I feel unsafe and petrified in my room please help immediately.,FEAR_DISTRESS_PANIC,en,conversational_augmented
Help me... my husband beats me violently every day I am telling the truth.,DOMESTIC_FAMILY_VIOLENCE,en,conversational_augmented
suniye... community pressure banaya ja raha hai case wapas lene,SOCIAL_COMMUNITY_PRESSURE,hinglish,conversational_augmented
blackmail kar raha hai ki social media par daal dega,COERCION_BLACKMAIL,hinglish,direct_seed
जातिगत भेदभाव और छुआछूत का शिकार बनाया गया मुझे समझ नहीं आ रहा क्या करूं।,DISCRIMINATION_CASTE_VULNERABILITY,hi,conversational_augmented
Sir... I feel like committing suicide please do something quickly.,SELF_HARM_CONCERN,en,conversational_augmented
bohot zyada panic situation hai,FEAR_DISTRESS_PANIC,hinglish,conversational_augmented
मैडम... मेरा इस शहर में कोई नहीं है सबने छोड़ दिया,ISOLATION_NO_SUPPORT,hi,conversational_augmented
मैं बहुत परेशान हूं... ब्लैकमेल करके लगातार दबाव बना रहा है,COERCION_BLACKMAIL,hi,conversational_augmented
need mental health counselling and legal guidance mujhe samajh nahi aa raha kya karu.,REQUEST_COUNSELLING_LEGAL_MEDICAL,hinglish,conversational_augmented
Please hear me... he made vulgar sexual gestures and touched me please help immediately.,SEXUAL_VIOLENCE_HARASSMENT,en,conversational_augmented
Sir... please dispatch police to my location immediately are you listening?,REQUEST_POLICE_EMERGENCY_HELP,en,conversational_augmented
suniye... unhone mere saath bhedbhav kiya jaati ke aadhar par jaldi kuch kijiye.,DISCRIMINATION_CASTE_VULNERABILITY,hinglish,conversational_augmented
Please listen... there is an infant and a pregnant woman in the house,CHILD_ELDERLY_DISABILITY_VULNERABILITY,en,conversational_augmented
अरे... रोज मेरे कॉलेज के बाहर खड़ा रहता है प्लीज कुछ कीजिए।,STALKING_FOLLOWING,hi,conversational_augmented
मैडम... सामूहिक रूप से हम पर दबाव बनाया जा रहा है,SOCIAL_COMMUNITY_PRESSURE,hi,conversational_augmented
a strange man follows me from the bus stop to my house,STALKING_FOLLOWING,en,direct_seed
Ma'am... I feel like committing suicide are you listening?,SELF_HARM_CONCERN,en,conversational_augmented
sir... not sure what happened exactly unclear memory mujhe samajh nahi aa raha kya karu.,UNCERTAINTY_UNCLEAR_INFO,hinglish,conversational_augmented
धमकी भरे मैसेज भेज रहा है,THREAT_INTIMIDATION,hi,direct_seed
Hello... she did not threaten anyone,NEUTRAL_NO_INDICATOR,en,conversational_augmented
madam... obscene photos and messages bhej raha hai mai sach bol raha hu.,SEXUAL_VIOLENCE_HARASSMENT,hinglish,conversational_augmented
please... sasural me roz torture kiya ja raha hai jaldi kuch kijiye.,DOMESTIC_FAMILY_VIOLENCE,hinglish,conversational_augmented
Sir... he is blackmailing me with private photographs please do something quickly.,COERCION_BLACKMAIL,en,conversational_augmented
suniye... usne private photos leak karne ki blackmailing shuru kar di kya aap sun rahe ho?,COERCION_BLACKMAIL,hinglish,conversational_augmented
we were forcibly evicted and have no place to go please help immediately.,NO_SAFE_PLACE_HOMELESSNESS,en,conversational_augmented
urgent hai... kripya apna address aur grievance details share karein please madad karo.,NEUTRAL_NO_INDICATOR,hinglish,conversational_augmented
नमस्ते... कन्फ्यूज हूं शायद कल या परसों की बात है,UNCERTAINTY_UNCLEAR_INFO,hi,conversational_augmented
we were just joking around no real threat,NEUTRAL_NO_INDICATOR,hinglish,conversational_augmented
arre... unpredictable behaviour hai situation continuously changing jaldi kuch kijiye.,CONTRADICTORY_CHANGING_SITUATION,hinglish,conversational_augmented
patient is unconscious please dispatch medical team mujhe samajh nahi aa raha kya karu.,MEDICAL_EMERGENCY,hinglish,conversational_augmented
sir... entire village mob is pressurizing our family mujhe samajh nahi aa raha kya karu.,SOCIAL_COMMUNITY_PRESSURE,hinglish,conversational_augmented
दिव्यांग व्यक्ति पर हमला किया गया है मुझे समझ नहीं आ रहा क्या करूं।,CHILD_ELDERLY_DISABILITY_VULNERABILITY,hi,conversational_augmented
कहा अगर पैसे नहीं दिए तो बदनाम कर दूंगा मुझे समझ नहीं आ रहा क्या करूं।,COERCION_BLACKMAIL,hi,conversational_augmented
ब्लैकमेल करके लगातार दबाव बना रहा है,COERCION_BLACKMAIL,hi,conversational_augmented
madam... warning de raha hai ki sabak sikhayega,THREAT_INTIMIDATION,hinglish,conversational_augmented
marpeet karke fractured my arm,PHYSICAL_VIOLENCE_INJURY,hinglish,direct_seed
मुझे थेरेपिस्ट से काउंसलिंग की जरूरत है तुरंत मदद चाहिए।,REQUEST_COUNSELLING_LEGAL_MEDICAL,hi,conversational_augmented
Officer... I don't know the exact landmark around me please help immediately.,UNCERTAINTY_UNCLEAR_INFO,en,conversational_augmented
हेल्प कीजिए... मुझे कोई खतरा नहीं है मैं सिर्फ सामान्य पूछताछ कर रहा हूं क्या आप सुन रहे हैं?,NEUTRAL_NO_INDICATOR,hi,conversational_augmented
urgent hai... counsellor se baat karni hai stress relief ke liye mai sach bol raha hu.,REQUEST_COUNSELLING_LEGAL_MEDICAL,hinglish,conversational_augmented
सर... बुजुर्ग माता-पिता हैं जो चलने में असमर्थ हैं प्लीज कुछ कीजिए।,CHILD_ELDERLY_DISABILITY_VULNERABILITY,hi,conversational_augmented
experiencing severe chest pain and medical collapse I don't know what to do.,MEDICAL_EMERGENCY,en,conversational_augmented
a minor child is trapped inside facing grave risk,CHILD_ELDERLY_DISABILITY_VULNERABILITY,en,conversational_augmented
बुजुर्ग माता-पिता हैं जो चलने में असमर्थ हैं क्या आप सुन रहे हैं?,CHILD_ELDERLY_DISABILITY_VULNERABILITY,hi,conversational_augmented
please send a PCR emergency van right away I am telling the truth.,REQUEST_POLICE_EMERGENCY_HELP,en,conversational_augmented
कोई सहारा नहीं है बिल्कुल बेसहारा हूं जल्दी पुलिस भेजिए।,ISOLATION_NO_SUPPORT,hi,conversational_augmented
Officer... they used derogatory casteist slurs against me publicly,DISCRIMINATION_CASTE_VULNERABILITY,en,conversational_augmented
प्लीज... मुझे थेरेपिस्ट से काउंसलिंग की जरूरत है,REQUEST_COUNSELLING_LEGAL_MEDICAL,hi,conversational_augmented
मैं बहुत परेशान हूं... कोई सहारा नहीं है बिल्कुल बेसहारा हूं,ISOLATION_NO_SUPPORT,hi,conversational_augmented
the situation is terrifying and we are in panic,FEAR_DISTRESS_PANIC,en,conversational_augmented
सुनिए... स्थिति हर पल बदल रही है कुछ समझ नहीं आ रहा प्लीज कुछ कीजिए।,CONTRADICTORY_CHANGING_SITUATION,hi,conversational_augmented
urgent hai... roz ghar ke bahar khada rehta hai bike leke,STALKING_FOLLOWING,hinglish,conversational_augmented
police PCR van reach ho gayi hai we are safe kya aap sun rahe ho?,CURRENT_SAFETY_REASSURANCE,hinglish,conversational_augmented
I need urgent help... I am completely alone and have nobody to help me,ISOLATION_NO_SUPPORT,en,conversational_augmented
he beat me up with a metal rod,PHYSICAL_VIOLENCE_INJURY,en,direct_seed
I am completely alone and have nobody to help me please do something quickly.,ISOLATION_NO_SUPPORT,en,conversational_augmented
khatam kar dene ki dhamki di usne,THREAT_INTIMIDATION,hinglish,direct_seed
Officer... he never threatened me or my family at any point are you listening?,NEUTRAL_NO_INDICATOR,en,conversational_augmented
कन्फ्यूज हूं शायद कल या परसों की बात है जल्दी पुलिस भेजिए।,UNCERTAINTY_UNCLEAR_INFO,hi,conversational_augmented
छाती में तेज दर्द है और बहुत ज्यादा खून बह रहा है प्लीज कुछ कीजिए।,MEDICAL_EMERGENCY,hi,conversational_augmented
सर... मुझे कोई खतरा नहीं है मैं सिर्फ सामान्य पूछताछ कर रहा हूं तुरंत मदद चाहिए।,NEUTRAL_NO_INDICATOR,hi,conversational_augmented
Help me... I am crying and shaking in terror please do something quickly.,FEAR_DISTRESS_PANIC,en,conversational_augmented
हेल्प कीजिए... जातिगत भेदभाव और छुआछूत का शिकार बनाया गया,DISCRIMINATION_CASTE_VULNERABILITY,hi,conversational_augmented
मेरी बात सुनिए... मजबूर कर रहा है गैरकानूनी काम करने के लिए तुरंत मदद चाहिए।,COERCION_BLACKMAIL,hi,conversational_augmented
मेरी बात सुनिए... रोज मेरे कॉलेज के बाहर खड़ा रहता है,STALKING_FOLLOWING,hi,conversational_augmented
urgent hai... ab sab normal hai danger pass ho gaya hai kya aap sun rahe ho?,CURRENT_SAFETY_REASSURANCE,hinglish,conversational_augmented
listen... locked in the room he is breaking the door jaldi kuch kijiye.,IMMEDIATE_PHYSICAL_DANGER,hinglish,conversational_augmented
मेरी बात सुनिए... मुझे जीने की कोई उम्मीद नहीं दिख रही,SELF_HARM_CONCERN,hi,conversational_augmented
कृपया ध्यान दीजिए... मुझे ठीक से याद नहीं आ रहा क्या हुआ था क्या आप सुन रहे हैं?,UNCERTAINTY_UNCLEAR_INFO,hi,conversational_augmented
Help me... this was just a classroom awareness demonstration I am telling the truth.,NEUTRAL_NO_INDICATOR,en,conversational_augmented
वो मुझे ब्लैकमेल कर रहा है पैसों के लिए प्लीज कुछ कीजिए।,COERCION_BLACKMAIL,hi,conversational_augmented
सर... घर में छोटा बच्चा और गर्भवती महिला है,CHILD_ELDERLY_DISABILITY_VULNERABILITY,hi,conversational_augmented
प्लीज... पति रोज शराब पीकर मारपीट करता है,DOMESTIC_FAMILY_VIOLENCE,hi,conversational_augmented
sometimes calm sometimes suddenly attacks again,CONTRADICTORY_CHANGING_SITUATION,hinglish,direct_seed
सुरक्षा दीजिए हमें पुलिस की सख्त जरूरत है तुरंत मदद चाहिए।,REQUEST_POLICE_EMERGENCY_HELP,hi,conversational_augmented
sir... police PCR van reach ho gayi hai we are safe mujhe samajh nahi aa raha kya karu.,CURRENT_SAFETY_REASSURANCE,hinglish,conversational_augmented
hello... husband roz daaru peeke marpeet karta hai,DOMESTIC_FAMILY_VIOLENCE,hinglish,conversational_augmented
madam... bahut ghabrahat ho rahi hai panic ho raha hai mai sach bol raha hu.,FEAR_DISTRESS_PANIC,hinglish,conversational_augmented
स्थिति हर पल बदल रही है कुछ समझ नहीं आ रहा तुरंत मदद चाहिए।,CONTRADICTORY_CHANGING_SITUATION,hi,conversational_augmented
urgent hai... he is standing right outside my door with a knife send help immediately.,IMMEDIATE_PHYSICAL_DANGER,hinglish,conversational_augmented
severe blood loss and head injury need emergency care,MEDICAL_EMERGENCY,hinglish,conversational_augmented
Help me... someone is banging on my door threatening to break in please do something quickly.,IMMEDIATE_PHYSICAL_DANGER,en,conversational_augmented
नमस्ते... मैं अपने आप को नुकसान पहुंचा लूंगी क्या आप सुन रहे हैं?,SELF_HARM_CONCERN,hi,conversational_augmented
Please listen... a group of village leaders is threatening our household are you listening?,SOCIAL_COMMUNITY_PRESSURE,en,conversational_augmented
Hello... initially it seemed resolved but suddenly violence flared up again please help immediately.,CONTRADICTORY_CHANGING_SITUATION,en,conversational_augmented
Excuse me... facing continuous discrimination and harassment based on my caste,DISCRIMINATION_CASTE_VULNERABILITY,en,conversational_augmented
हर जगह मेरा पीछा करके वीडियो बनाता है क्या आप सुन रहे हैं?,STALKING_FOLLOWING,hi,conversational_augmented
मोहल्ले के लोग मिलकर धमकी दे रहे हैं प्लीज कुछ कीजिए।,SOCIAL_COMMUNITY_PRESSURE,hi,conversational_augmented
chest pain aur breathing difficulty ho rahi hai send help immediately.,MEDICAL_EMERGENCY,hinglish,conversational_augmented
Please hear me... I am dreading what might happen next,FEAR_DISTRESS_PANIC,en,conversational_augmented
कृपया ध्यान दीजिए... गंदी हरकतें और अश्लील इशारे कर रहा है जल्दी पुलिस भेजिए।,SEXUAL_VIOLENCE_HARASSMENT,hi,conversational_augmented
mai bohot pareshan hu... khoon beh raha hai ambulance chahiye,PHYSICAL_VIOLENCE_INJURY,hinglish,conversational_augmented
I feel completely broken and suicidal,SELF_HARM_CONCERN,en,direct_seed
mai ab jeena nahi chahta mai sach bol raha hu.,SELF_HARM_CONCERN,hinglish,conversational_augmented
डर के मारे चीख निकल रही है तुरंत मदद चाहिए।,FEAR_DISTRESS_PANIC,hi,conversational_augmented
Excuse me... he is blackmailing me with private photographs please help immediately.,COERCION_BLACKMAIL,en,conversational_augmented
he keeps watching my house and tracking my schedule,STALKING_FOLLOWING,en,direct_seed
I need urgent help... a group of village leaders is threatening our household,SOCIAL_COMMUNITY_PRESSURE,en,conversational_augmented
Ma'am... he is forcing me to pay large sums of money,COERCION_BLACKMAIL,en,conversational_augmented
हेल्प कीजिए... उसने मुझे कोई धमकी नहीं दी मैं सच कह रहा हूं।,NEUTRAL_NO_INDICATOR,hi,conversational_augmented
Please hear me... he is blackmailing me with private photographs,COERCION_BLACKMAIL,en,conversational_augmented
सर... मुझे कानूनी सलाह और वकील की मदद चाहिए,REQUEST_COUNSELLING_LEGAL_MEDICAL,hi,conversational_augmented
Sir... facing continuous discrimination and harassment based on my caste please send police now.,DISCRIMINATION_CASTE_VULNERABILITY,en,conversational_augmented
हेल्प कीजिए... अभी मैं सेफ जगह पर पहुंच गई हूं,CURRENT_SAFETY_REASSURANCE,hi,conversational_augmented
हेल्प कीजिए... मजबूर कर रहा है गैरकानूनी काम करने के लिए प्लीज कुछ कीजिए।,COERCION_BLACKMAIL,hi,conversational_augmented
मैं बहुत परेशान हूं... मुझे कानूनी सलाह और वकील की मदद चाहिए मुझे समझ नहीं आ रहा क्या करूं।,REQUEST_COUNSELLING_LEGAL_MEDICAL,hi,conversational_augmented
Hello... requesting immediate emergency police dispatch,REQUEST_POLICE_EMERGENCY_HELP,en,conversational_augmented
प्लीज... दलित होने के कारण कुएं से पानी नहीं भरने दिया मैं सच कह रहा हूं।,DISCRIMINATION_CASTE_VULNERABILITY,hi,conversational_augmented
सर... स्टॉकिंग कर रहा है लगातार नजर रख रहा है तुरंत मदद चाहिए।,STALKING_FOLLOWING,hi,conversational_augmented
"Help me... I am at the police station right now, completely safe I don't know what to do.",CURRENT_SAFETY_REASSURANCE,en,conversational_augmented
मेरी बात सुनिए... दिव्यांग व्यक्ति पर हमला किया गया है क्या आप सुन रहे हैं?,CHILD_ELDERLY_DISABILITY_VULNERABILITY,hi,conversational_augmented
please dispatch police to my location immediately I don't know what to do.,REQUEST_POLICE_EMERGENCY_HELP,en,conversational_augmented
Ma'am... a strange man follows me from the bus stop to my house please send police now.,STALKING_FOLLOWING,en,conversational_augmented
Sir... I am being discriminated against at work and in public are you listening?,DISCRIMINATION_CASTE_VULNERABILITY,en,conversational_augmented
Ma'am... facing continuous discrimination and harassment based on my caste please help immediately.,DISCRIMINATION_CASTE_VULNERABILITY,en,conversational_augmented
सुनिए... जबरदस्ती करने की कोशिश की उसने मुझे समझ नहीं आ रहा क्या करूं।,SEXUAL_VIOLENCE_HARASSMENT,hi,conversational_augmented
suniye... coercing me into doing things against my consent kya aap sun rahe ho?,COERCION_BLACKMAIL,hinglish,conversational_augmented
सर... घरेलू हिंसा का शिकार हो रही हूं रोज मुझे समझ नहीं आ रहा क्या करूं।,DOMESTIC_FAMILY_VIOLENCE,hi,conversational_augmented
स्थिति हर पल बदल रही है कुछ समझ नहीं आ रहा,CONTRADICTORY_CHANGING_SITUATION,hi,direct_seed
Please listen... danger has passed and I am in a secure shelter,CURRENT_SAFETY_REASSURANCE,en,conversational_augmented
Excuse me... a minor child is trapped inside facing grave risk,CHILD_ELDERLY_DISABILITY_VULNERABILITY,en,conversational_augmented
suniye... completely isolated and stranded without contacts kya aap sun rahe ho?,ISOLATION_NO_SUPPORT,hinglish,conversational_augmented
not sure what happened exactly unclear memory mujhe samajh nahi aa raha kya karu.,UNCERTAINTY_UNCLEAR_INFO,hinglish,conversational_augmented
Sir... the information is hazy and I cannot be sure I am telling the truth.,UNCERTAINTY_UNCLEAR_INFO,en,conversational_augmented
koi sath nahi de raha sabne contact tod diya,ISOLATION_NO_SUPPORT,hinglish,conversational_augmented
locked in the room he is breaking the door,IMMEDIATE_PHYSICAL_DANGER,hinglish,direct_seed
खून बह रहा है हाथ से बहुत तेज,PHYSICAL_VIOLENCE_INJURY,hi,direct_seed
मुझे पुलिस सुरक्षा की तुरंत आवश्यकता है,REQUEST_POLICE_EMERGENCY_HELP,hi,conversational_augmented
help kijiye... not sure what happened exactly unclear memory,UNCERTAINTY_UNCLEAR_INFO,hinglish,conversational_augmented
Ma'am... we were denied access to the public well due to our caste,DISCRIMINATION_CASTE_VULNERABILITY,en,conversational_augmented
सर... वार्निंग दी है कि बहुत पछताओगे मुझे समझ नहीं आ रहा क्या करूं।,THREAT_INTIMIDATION,hi,conversational_augmented
urgent hai... dispatch 112 emergency police unit right now please madad karo.,REQUEST_POLICE_EMERGENCY_HELP,hinglish,conversational_augmented
listen... advocate ki sahayata chahiye grievance file karne me,REQUEST_COUNSELLING_LEGAL_MEDICAL,hinglish,conversational_augmented
Hello... unstable and fluctuating circumstances right now,CONTRADICTORY_CHANGING_SITUATION,en,conversational_augmented
सुनिए... कन्फ्यूज हूं शायद कल या परसों की बात है मैं सच कह रहा हूं।,UNCERTAINTY_UNCLEAR_INFO,hi,conversational_augmented
Please hear me... I would like to speak to a psychological counselor please do something quickly.,REQUEST_COUNSELLING_LEGAL_MEDICAL,en,conversational_augmented
arre... ab sab normal hai danger pass ho gaya hai please madad karo.,CURRENT_SAFETY_REASSURANCE,hinglish,conversational_augmented
urgent hai... he follows me everywhere I go send help immediately.,STALKING_FOLLOWING,hinglish,conversational_augmented
Ma'am... I feel completely broken and suicidal please help immediately.,SELF_HARM_CONCERN,en,conversational_augmented
Sir... I have reached a safe and secure location please help immediately.,CURRENT_SAFETY_REASSURANCE,en,conversational_augmented
बहुत घबराहट हो रही है सांस नहीं ली जा रही,FEAR_DISTRESS_PANIC,hi,direct_seed
सर... छाती में तेज दर्द है और बहुत ज्यादा खून बह रहा है मुझे समझ नहीं आ रहा क्या करूं।,MEDICAL_EMERGENCY,hi,conversational_augmented
कृपया ध्यान दीजिए... रात में सड़क पर खड़ी हूं कोई सुरक्षित जगह नहीं है,NO_SAFE_PLACE_HOMELESSNESS,hi,conversational_augmented
madam... mai bohot zyada scared hu mai sach bol raha hu.,FEAR_DISTRESS_PANIC,hinglish,conversational_augmented
casteist slurs use karke publically insult kiya send help immediately.,DISCRIMINATION_CASTE_VULNERABILITY,hinglish,conversational_augmented
pregnant lady hai ghar pe aur small kids hain send help immediately.,CHILD_ELDERLY_DISABILITY_VULNERABILITY,hinglish,conversational_augmented
मेरी बात सुनिए... तुरंत पुलिस भेजिए यहां बहुत जरूरी है मुझे समझ नहीं आ रहा क्या करूं।,REQUEST_POLICE_EMERGENCY_HELP,hi,conversational_augmented
Hello... he threatened to murder me in broad daylight I am telling the truth.,THREAT_INTIMIDATION,en,conversational_augmented
I have nowhere to go and nobody to call for assistance,ISOLATION_NO_SUPPORT,en,conversational_augmented
listen... not sure what happened exactly unclear memory send help immediately.,UNCERTAINTY_UNCLEAR_INFO,hinglish,conversational_augmented
he grabbed me forcefully and made sexual remarks I don't know what to do.,SEXUAL_VIOLENCE_HARASSMENT,en,conversational_augmented
मुझे जान से मारने की धमकियां मिल रही हैं जल्दी पुलिस भेजिए।,THREAT_INTIMIDATION,hi,conversational_augmented
blakmail karke mental torture de raha hai,COERCION_BLACKMAIL,hinglish,direct_seed
सर... घर में छोटा बच्चा और गर्भवती महिला है,CHILD_ELDERLY_DISABILITY_VULNERABILITY,hi,conversational_augmented
madam... bandook leke ghoom raha hai compound mein send help immediately.,IMMEDIATE_PHYSICAL_DANGER,hinglish,conversational_augmented
mai bohot pareshan hu... cannot bear this emotional pain anymore want to die jaldi kuch kijiye.,SELF_HARM_CONCERN,hinglish,conversational_augmented
Please listen... he waits outside my workplace every evening watching me,STALKING_FOLLOWING,en,conversational_augmented
मैं बहुत परेशान हूं... मुक्के और लातों से मारपीट की गई तुरंत मदद चाहिए।,PHYSICAL_VIOLENCE_INJURY,hi,conversational_augmented
नमस्ते... सांस लेने में बहुत तकलीफ हो रही है बेहोश हो रहे हैं,MEDICAL_EMERGENCY,hi,conversational_augmented
the person fluctuates unpredictably between calm and rage I don't know what to do.,CONTRADICTORY_CHANGING_SITUATION,en,conversational_augmented
urgent hai... have no family or friends to support me here,ISOLATION_NO_SUPPORT,hinglish,conversational_augmented
सर... पूरे गांव और पंचायत ने हमारा बहिष्कार कर दिया है,SOCIAL_COMMUNITY_PRESSURE,hi,conversational_augmented
suniye... chaku se hamla kiya haath cut gaya mujhe samajh nahi aa raha kya karu.,PHYSICAL_VIOLENCE_INJURY,hinglish,conversational_augmented
arre... usne dhamki di ki kidnap kar lega kya aap sun rahe ho?,THREAT_INTIMIDATION,hinglish,conversational_augmented
he is blackmailing me with private photographs,COERCION_BLACKMAIL,en,direct_seed
Help me... the information is hazy and I cannot be sure are you listening?,UNCERTAINTY_UNCLEAR_INFO,en,conversational_augmented
दरवाजे के ठीक बाहर खड़ा है वो क्या आप सुन रहे हैं?,IMMEDIATE_PHYSICAL_DANGER,hi,conversational_augmented
danger has passed and I am in a secure shelter,CURRENT_SAFETY_REASSURANCE,en,conversational_augmented
मेरी बात सुनिए... मुझे पुलिस सुरक्षा की तुरंत आवश्यकता है क्या आप सुन रहे हैं?,REQUEST_POLICE_EMERGENCY_HELP,hi,conversational_augmented
अरे... मेरी निजी तस्वीरें वायरल करने की धमकी दे रहा है तुरंत मदद चाहिए।,COERCION_BLACKMAIL,hi,conversational_augmented
Ma'am... he keeps watching my house and tracking my schedule please send police now.,STALKING_FOLLOWING,en,conversational_augmented
मैडम... बहुत भयभीत हूं अपने घर में तुरंत मदद चाहिए।,FEAR_DISTRESS_PANIC,hi,conversational_augmented
Excuse me... I need legal guidance and lawyer consultation are you listening?,REQUEST_COUNSELLING_LEGAL_MEDICAL,en,conversational_augmented
arre... inappropriate physical contact kiya forcefully send help immediately.,SEXUAL_VIOLENCE_HARASSMENT,hinglish,conversational_augmented
नमस्ते... समाज में बदनाम करने की साजिश हो रही है मुझे समझ नहीं आ रहा क्या करूं।,SOCIAL_COMMUNITY_PRESSURE,hi,conversational_augmented
Officer... he made severe verbal threats against my safety,THREAT_INTIMIDATION,en,conversational_augmented
listen... pregnant lady hai ghar pe aur small kids hain kya aap sun rahe ho?,CHILD_ELDERLY_DISABILITY_VULNERABILITY,hinglish,conversational_augmented
"I need an ambulance immediately, severe bleeding please send police now.",MEDICAL_EMERGENCY,en,conversational_augmented
पति रोज शराब पीकर मारपीट करता है,DOMESTIC_FAMILY_VIOLENCE,hi,conversational_augmented
I need urgent help... my in-laws threatened to burn me alive for dowry I am telling the truth.,DOMESTIC_FAMILY_VIOLENCE,en,conversational_augmented
listen... marr jana chahti hu sabse tang aake mujhe samajh nahi aa raha kya karu.,SELF_HARM_CONCERN,hinglish,conversational_augmented
please... minor child ki safety at high risk right now kya aap sun rahe ho?,CHILD_ELDERLY_DISABILITY_VULNERABILITY,hinglish,conversational_augmented
बहुत उलझन में हूं सही जानकारी नहीं दे पा रही क्या आप सुन रहे हैं?,UNCERTAINTY_UNCLEAR_INFO,hi,conversational_augmented
he physically assaulted me and I am injured,PHYSICAL_VIOLENCE_INJURY,en,direct_seed
suniye... mohalla wale milkar harrass kar rahe hain jaldi kuch kijiye.,SOCIAL_COMMUNITY_PRESSURE,hinglish,conversational_augmented
सुनिए... मुझे ठीक से याद नहीं आ रहा क्या हुआ था जल्दी पुलिस भेजिए।,UNCERTAINTY_UNCLEAR_INFO,hi,conversational_augmented
सुनिए... मैं सिर्फ योजना के बारे में जानकारी लेना चाहता हूं तुरंत मदद चाहिए।,NEUTRAL_NO_INDICATOR,hi,conversational_augmented
listen... thinking of harming myself severely,SELF_HARM_CONCERN,hinglish,conversational_augmented
Excuse me... I am a victim of severe domestic violence at home,DOMESTIC_FAMILY_VIOLENCE,en,conversational_augmented
कोई मेरे घर के बाहर खड़ा है,IMMEDIATE_PHYSICAL_DANGER,hi,direct_seed
I have nowhere to go and nobody to call for assistance,ISOLATION_NO_SUPPORT,en,direct_seed
madam... situation bahut dangerous hai bachao kya aap sun rahe ho?,IMMEDIATE_PHYSICAL_DANGER,hinglish,conversational_augmented
hello... dahshat ho rahi hai yahan par send help immediately.,FEAR_DISTRESS_PANIC,hinglish,conversational_augmented
अरे... कहता है अगर शिकायत की तो ज़िंदा नहीं छोड़ेगा क्या आप सुन रहे हैं?,THREAT_INTIMIDATION,hi,conversational_augmented
नाबालिग बच्ची की सुरक्षा को लेकर बहुत चिंता है,CHILD_ELDERLY_DISABILITY_VULNERABILITY,hi,direct_seed
listen... bahar khada hai gaaliyan de raha hai please madad karo.,IMMEDIATE_PHYSICAL_DANGER,hinglish,conversational_augmented
मेरी बात सुनिए... मुझे कानूनी सलाह और वकील की मदद चाहिए मैं सच कह रहा हूं।,REQUEST_COUNSELLING_LEGAL_MEDICAL,hi,conversational_augmented
suniye... ghar se nikal diya hai road par khadi hu jaldi kuch kijiye.,NO_SAFE_PLACE_HOMELESSNESS,hinglish,conversational_augmented
reached inside police thana now totally safe please madad karo.,CURRENT_SAFETY_REASSURANCE,hinglish,conversational_augmented
Sir... I have multiple bruises and cuts on my body please send police now.,PHYSICAL_VIOLENCE_INJURY,en,conversational_augmented
hello... confused state me hu exact time nahi pata,UNCERTAINTY_UNCLEAR_INFO,hinglish,conversational_augmented
छुआछूत का व्यवहार कर रहे हैं हमारे साथ,DISCRIMINATION_CASTE_VULNERABILITY,hi,direct_seed
he followed my vehicle for over five kilometers,STALKING_FOLLOWING,en,direct_seed
chaku se hamla kiya haath cut gaya,PHYSICAL_VIOLENCE_INJURY,hinglish,conversational_augmented
दिव्यांग व्यक्ति पर हमला किया गया है तुरंत मदद चाहिए।,CHILD_ELDERLY_DISABILITY_VULNERABILITY,hi,conversational_augmented
बहुत भयभीत हूं अपने घर में,FEAR_DISTRESS_PANIC,hi,direct_seed
मेरी बात सुनिए... पति ने कमरे में बंद करके पीटा,DOMESTIC_FAMILY_VIOLENCE,hi,conversational_augmented
सिर पर गहरी चोट है और उल्टियां हो रही हैं प्लीज कुछ कीजिए।,MEDICAL_EMERGENCY,hi,conversational_augmented
please... situation control me hai tension ki baat nahi hai,CURRENT_SAFETY_REASSURANCE,hinglish,conversational_augmented
Help me... they subject us to discrimination and untouchability practices are you listening?,DISCRIMINATION_CASTE_VULNERABILITY,en,conversational_augmented
पड़ोसियों ने आकर मुझे बचा लिया अब सुरक्षित हूं,CURRENT_SAFETY_REASSURANCE,hi,direct_seed
कृपया ध्यान दीजिए... कोई कई दिनों से मेरा पीछा कर रहा है,STALKING_FOLLOWING,hi,conversational_augmented
sir... sasural wale roz taane dete hain aur maarte hain mai sach bol raha hu.,DOMESTIC_FAMILY_VIOLENCE,hinglish,conversational_augmented
listen... advocate ki sahayata chahiye grievance file karne me mai sach bol raha hu.,REQUEST_COUNSELLING_LEGAL_MEDICAL,hinglish,conversational_augmented
सिर पर गहरी चोट है और उल्टियां हो रही हैं क्या आप सुन रहे हैं?,MEDICAL_EMERGENCY,hi,conversational_augmented
I was threatened by an armed individual I am telling the truth.,THREAT_INTIMIDATION,en,conversational_augmented
Officer... there is no hope left for me I want to die,SELF_HARM_CONCERN,en,conversational_augmented
help kijiye... pcr van bhejo jaldi address par jaldi kuch kijiye.,REQUEST_POLICE_EMERGENCY_HELP,hinglish,conversational_augmented
dispatch 112 emergency police unit right now please madad karo.,REQUEST_POLICE_EMERGENCY_HELP,hinglish,conversational_augmented
completely isolated and stranded without contacts send help immediately.,ISOLATION_NO_SUPPORT,hinglish,conversational_augmented
listen... ghar me elderly parents hain jo bedridden hain,CHILD_ELDERLY_DISABILITY_VULNERABILITY,hinglish,conversational_augmented
सुनिए... मेट्रो स्टेशन से घर तक फॉलो कर रहा है प्लीज कुछ कीजिए।,STALKING_FOLLOWING,hi,conversational_augmented
suniye... counsellor se baat karni hai stress relief ke liye jaldi kuch kijiye.,REQUEST_COUNSELLING_LEGAL_MEDICAL,hinglish,conversational_augmented
I need urgent help... we are facing intense community ostracization and pressure please send police now.,SOCIAL_COMMUNITY_PRESSURE,en,conversational_augmented
सुनिए... उसने मुझे डंडे से मारा और घायल कर दिया जल्दी पुलिस भेजिए।,PHYSICAL_VIOLENCE_INJURY,hi,conversational_augmented
मैं बहुत परेशान हूं... उसने मुझे कोई नुकसान नहीं पहुंचाया सब सामान्य है मैं सच कह रहा हूं।,NEUTRAL_NO_INDICATOR,hi,conversational_augmented
Help me... I am being discriminated against at work and in public please send police now.,DISCRIMINATION_CASTE_VULNERABILITY,en,conversational_augmented
कृपया अपनी शिकायत की श्रेणी और जिला बताइए क्या आप सुन रहे हैं?,NEUTRAL_NO_INDICATOR,hi,conversational_augmented
help kijiye... community pressure banaya ja raha hai case wapas lene,SOCIAL_COMMUNITY_PRESSURE,hinglish,conversational_augmented
dispatch 112 emergency police unit right now,REQUEST_POLICE_EMERGENCY_HELP,hinglish,conversational_augmented
उसने मेरा गला दबाने की कोशिश की,PHYSICAL_VIOLENCE_INJURY,hi,direct_seed
Help me... a man threatened me with a knife please do something quickly.,THREAT_INTIMIDATION,en,conversational_augmented
Officer... I am stranded on the roadside with nowhere to sleep,NO_SAFE_PLACE_HOMELESSNESS,en,conversational_augmented
mujhe bahut darr lag raha hai jaldi kuch kijiye.,FEAR_DISTRESS_PANIC,hinglish,conversational_augmented
urgent hai... body pe bohot injuries hain marpeet hui hai jaldi kuch kijiye.,PHYSICAL_VIOLENCE_INJURY,hinglish,conversational_augmented
नमस्ते... मेरी निजी तस्वीरें वायरल करने की धमकी दे रहा है,COERCION_BLACKMAIL,hi,conversational_augmented
मैं पुलिस स्टेशन पहुंच चुका हूं और सेफ हूं तुरंत मदद चाहिए।,CURRENT_SAFETY_REASSURANCE,hi,conversational_augmented
madam... landlord threw all luggage out on the street,NO_SAFE_PLACE_HOMELESSNESS,hinglish,conversational_augmented
सर... उसने मुझे कोई नुकसान नहीं पहुंचाया सब सामान्य है क्या आप सुन रहे हैं?,NEUTRAL_NO_INDICATOR,hi,conversational_augmented
वार्निंग दी है कि बहुत पछताओगे,THREAT_INTIMIDATION,hi,direct_seed
disabled person par assault attempt hua hai kya aap sun rahe ho?,CHILD_ELDERLY_DISABILITY_VULNERABILITY,hinglish,conversational_augmented
mai bohot pareshan hu... tracking my daily movements and clicking photos jaldi kuch kijiye.,STALKING_FOLLOWING,hinglish,conversational_augmented
रोज मेरे कॉलेज के बाहर खड़ा रहता है तुरंत मदद चाहिए।,STALKING_FOLLOWING,hi,conversational_augmented
मुझे पुलिस सुरक्षा की तुरंत आवश्यकता है प्लीज कुछ कीजिए।,REQUEST_POLICE_EMERGENCY_HELP,hi,conversational_augmented
सुनिए... जातिसूचक गालियां देकर अपमानित किया गया प्लीज कुछ कीजिए।,DISCRIMINATION_CASTE_VULNERABILITY,hi,conversational_augmented
facing continuous discrimination and harassment based on my caste,DISCRIMINATION_CASTE_VULNERABILITY,en,conversational_augmented
प्लीज... कोई साथ देने वाला नहीं है चारों तरफ से अकेली हूं तुरंत मदद चाहिए।,ISOLATION_NO_SUPPORT,hi,conversational_augmented
arre... ghar me elderly parents hain jo bedridden hain jaldi kuch kijiye.,CHILD_ELDERLY_DISABILITY_VULNERABILITY,hinglish,conversational_augmented
मैडम... मैं बहुत डरा हुआ हूं प्लीज कुछ कीजिए।,FEAR_DISTRESS_PANIC,hi,conversational_augmented
अकेले कमरे में बंद हूं कोई रिश्तेदार नहीं है प्लीज कुछ कीजिए।,ISOLATION_NO_SUPPORT,hi,conversational_augmented
mai bohot pareshan hu... not sure what happened exactly unclear memory,UNCERTAINTY_UNCLEAR_INFO,hinglish,conversational_augmented
जातिगत भेदभाव और छुआछूत का शिकार बनाया गया मुझे समझ नहीं आ रहा क्या करूं।,DISCRIMINATION_CASTE_VULNERABILITY,hi,conversational_augmented
मुझे कानूनी सलाह और वकील की मदद चाहिए,REQUEST_COUNSELLING_LEGAL_MEDICAL,hi,direct_seed
सर... स्थिति हर पल बदल रही है कुछ समझ नहीं आ रहा,CONTRADICTORY_CHANGING_SITUATION,hi,conversational_augmented
initially it seemed resolved but suddenly violence flared up again,CONTRADICTORY_CHANGING_SITUATION,en,direct_seed
a group of village leaders is threatening our household I am telling the truth.,SOCIAL_COMMUNITY_PRESSURE,en,conversational_augmented
भेदभाव कर रहे हैं और अपमानजनक शब्द बोल रहे हैं क्या आप सुन रहे हैं?,DISCRIMINATION_CASTE_VULNERABILITY,hi,conversational_augmented
urgent hai... forcing me to give money through blackmail mujhe samajh nahi aa raha kya karu.,COERCION_BLACKMAIL,hinglish,conversational_augmented
listen... sasural me roz torture kiya ja raha hai kya aap sun rahe ho?,DOMESTIC_FAMILY_VIOLENCE,hinglish,conversational_augmented
dispatch 112 emergency police unit right now kya aap sun rahe ho?,REQUEST_POLICE_EMERGENCY_HELP,hinglish,conversational_augmented
प्लीज... कोई डरने की बात नहीं है मुझे समझ नहीं आ रहा क्या करूं।,NEUTRAL_NO_INDICATOR,hi,conversational_augmented
mai yahan bilkul akela hu koi relative nahi hai,ISOLATION_NO_SUPPORT,hinglish,direct_seed
अरे... सांस लेने में बहुत तकलीफ हो रही है बेहोश हो रहे हैं मैं सच कह रहा हूं।,MEDICAL_EMERGENCY,hi,conversational_augmented
I need urgent help... he grabbed me forcefully and made sexual remarks please send police now.,SEXUAL_VIOLENCE_HARASSMENT,en,conversational_augmented
stalking me continuously for past two weeks please madad karo.,STALKING_FOLLOWING,hinglish,conversational_augmented
Ma'am... alert the local police station for immediate response,REQUEST_POLICE_EMERGENCY_HELP,en,conversational_augmented
"Please hear me... I need an ambulance immediately, severe bleeding are you listening?",MEDICAL_EMERGENCY,en,conversational_augmented
mujhe bahut darr lag raha hai,FEAR_DISTRESS_PANIC,hinglish,conversational_augmented
मैं बहुत परेशान हूं... दिव्यांग व्यक्ति पर हमला किया गया है प्लीज कुछ कीजिए।,CHILD_ELDERLY_DISABILITY_VULNERABILITY,hi,conversational_augmented
कृपया ध्यान दीजिए... मोहल्ले के लोग मिलकर धमकी दे रहे हैं जल्दी पुलिस भेजिए।,SOCIAL_COMMUNITY_PRESSURE,hi,conversational_augmented
यह एक जागरूकता कार्यक्रम का नाटक था क्या आप सुन रहे हैं?,NEUTRAL_NO_INDICATOR,hi,conversational_augmented
प्लीज... मुझे थेरेपिस्ट से काउंसलिंग की जरूरत है,REQUEST_COUNSELLING_LEGAL_MEDICAL,hi,conversational_augmented
हेल्प कीजिए... मुझे कानूनी सलाह और वकील की मदद चाहिए जल्दी पुलिस भेजिए।,REQUEST_COUNSELLING_LEGAL_MEDICAL,hi,conversational_augmented
मेरी जान खतरे में है अभी मुझे समझ नहीं आ रहा क्या करूं।,IMMEDIATE_PHYSICAL_DANGER,hi,conversational_augmented
सर... स्टॉकिंग कर रहा है लगातार नजर रख रहा है मुझे समझ नहीं आ रहा क्या करूं।,STALKING_FOLLOWING,hi,conversational_augmented
Please hear me... I feel completely broken and suicidal are you listening?,SELF_HARM_CONCERN,en,conversational_augmented
urgent hai... sasural me roz torture kiya ja raha hai send help immediately.,DOMESTIC_FAMILY_VIOLENCE,hinglish,conversational_augmented
help kijiye... community pressure banaya ja raha hai case wapas lene mai sach bol raha hu.,SOCIAL_COMMUNITY_PRESSURE,hinglish,conversational_augmented
requesting legal aid assistance for filing case,REQUEST_COUNSELLING_LEGAL_MEDICAL,en,direct_seed
अरे... मुझे बहुत पैनिक अटैक आ रहा है मुझे समझ नहीं आ रहा क्या करूं।,FEAR_DISTRESS_PANIC,hi,conversational_augmented
रोज मेरे कॉलेज के बाहर खड़ा रहता है,STALKING_FOLLOWING,hi,conversational_augmented
urgent hai... ghabrahat se saans phool rahi hai mujhe samajh nahi aa raha kya karu.,FEAR_DISTRESS_PANIC,hinglish,conversational_augmented
Help me... experiencing severe chest pain and medical collapse are you listening?,MEDICAL_EMERGENCY,en,conversational_augmented
Excuse me... I need legal guidance and lawyer consultation please do something quickly.,REQUEST_COUNSELLING_LEGAL_MEDICAL,en,conversational_augmented
he assaulted me while abusing my marginalized identity I am telling the truth.,DISCRIMINATION_CASTE_VULNERABILITY,en,conversational_augmented
Officer... I am stranded on the roadside with nowhere to sleep,NO_SAFE_PLACE_HOMELESSNESS,en,conversational_augmented
मेरी बात सुनिए... मुक्के और लातों से मारपीट की गई मैं सच कह रहा हूं।,PHYSICAL_VIOLENCE_INJURY,hi,conversational_augmented
chest pain aur breathing difficulty ho rahi hai,MEDICAL_EMERGENCY,hinglish,conversational_augmented
कृपया ध्यान दीजिए... सुरक्षा दीजिए हमें पुलिस की सख्त जरूरत है,REQUEST_POLICE_EMERGENCY_HELP,hi,conversational_augmented
Please hear me... my elderly parents are bedridden and cannot escape please do something quickly.,CHILD_ELDERLY_DISABILITY_VULNERABILITY,en,conversational_augmented
counsellor se baat karni hai stress relief ke liye,REQUEST_COUNSELLING_LEGAL_MEDICAL,hinglish,direct_seed
I have multiple bruises and cuts on my body are you listening?,PHYSICAL_VIOLENCE_INJURY,en,conversational_augmented
koi sath nahi de raha sabne contact tod diya please madad karo.,ISOLATION_NO_SUPPORT,hinglish,conversational_augmented
प्लीज... मुझे कानूनी सलाह और वकील की मदद चाहिए तुरंत मदद चाहिए।,REQUEST_COUNSELLING_LEGAL_MEDICAL,hi,conversational_augmented
प्लीज... सांस लेने में बहुत तकलीफ हो रही है बेहोश हो रहे हैं तुरंत मदद चाहिए।,MEDICAL_EMERGENCY,hi,conversational_augmented
हम केवल समय और तारीख की जानकारी के लिए कॉल किए हैं मुझे समझ नहीं आ रहा क्या करूं।,NEUTRAL_NO_INDICATOR,hi,conversational_augmented
Help me... he beat me up with a metal rod please do something quickly.,PHYSICAL_VIOLENCE_INJURY,en,conversational_augmented
darwaza todne ki koshish kar raha hai please madad karo.,IMMEDIATE_PHYSICAL_DANGER,hinglish,conversational_augmented
he is violently kicking my front door are you listening?,IMMEDIATE_PHYSICAL_DANGER,en,conversational_augmented
Help me... he assaulted me while abusing my marginalized identity,DISCRIMINATION_CASTE_VULNERABILITY,en,conversational_augmented
need therapy and mental health support session please help immediately.,REQUEST_COUNSELLING_LEGAL_MEDICAL,en,conversational_augmented
I have no family or friends in this city to turn to,ISOLATION_NO_SUPPORT,en,direct_seed
situation bahut dangerous hai bachao,IMMEDIATE_PHYSICAL_DANGER,hinglish,direct_seed
Please listen... I need urgent police security and protection right now I don't know what to do.,REQUEST_POLICE_EMERGENCY_HELP,en,conversational_augmented
मैडम... कभी वो शांत हो जाता है कभी अचानक हमला कर देता है तुरंत मदद चाहिए।,CONTRADICTORY_CHANGING_SITUATION,hi,conversational_augmented
अरे... गंदी हरकतें और अश्लील इशारे कर रहा है,SEXUAL_VIOLENCE_HARASSMENT,hi,conversational_augmented
usne galat tarike se touch kiya chedchad ki,SEXUAL_VIOLENCE_HARASSMENT,hinglish,conversational_augmented
locked in the room he is breaking the door please madad karo.,IMMEDIATE_PHYSICAL_DANGER,hinglish,conversational_augmented
सर... छाती में तेज दर्द है और बहुत ज्यादा खून बह रहा है जल्दी पुलिस भेजिए।,MEDICAL_EMERGENCY,hi,conversational_augmented
Hello... this was just a classroom awareness demonstration,NEUTRAL_NO_INDICATOR,en,conversational_augmented
sir... chest pain aur breathing difficulty ho rahi hai kya aap sun rahe ho?,MEDICAL_EMERGENCY,hinglish,conversational_augmented
घर में छोटा बच्चा और गर्भवती महिला है जल्दी पुलिस भेजिए।,CHILD_ELDERLY_DISABILITY_VULNERABILITY,hi,conversational_augmented
I feel so overwhelmed and anxious please do something quickly.,FEAR_DISTRESS_PANIC,en,conversational_augmented
मेरी बात सुनिए... पीसीआर वैन को अलर्ट करके भेजो जल्दी तुरंत मदद चाहिए।,REQUEST_POLICE_EMERGENCY_HELP,hi,conversational_augmented
सुनिए... बहुत उलझन में हूं सही जानकारी नहीं दे पा रही जल्दी पुलिस भेजिए।,UNCERTAINTY_UNCLEAR_INFO,hi,conversational_augmented
no physical violence or threats occurred I am telling the truth.,NEUTRAL_NO_INDICATOR,en,conversational_augmented
Ma'am... I feel unsafe and petrified in my room I am telling the truth.,FEAR_DISTRESS_PANIC,en,conversational_augmented
koi danger nahi hai general inquiry kar raha hu,NEUTRAL_NO_INDICATOR,hinglish,conversational_augmented
Officer... alert the local police station for immediate response are you listening?,REQUEST_POLICE_EMERGENCY_HELP,en,conversational_augmented
mai bohot pareshan hu... bol raha hai ki dekh lunga bahar nikal,THREAT_INTIMIDATION,hinglish,conversational_augmented
हेल्प कीजिए... विरोधाभासी बातें हो रही हैं यहां माहौल अस्थिर है तुरंत मदद चाहिए।,CONTRADICTORY_CHANGING_SITUATION,hi,conversational_augmented
sir... unhone mere saath bhedbhav kiya jaati ke aadhar par mai sach bol raha hu.,DISCRIMINATION_CASTE_VULNERABILITY,hinglish,conversational_augmented
"Please hear me... I am at the police station right now, completely safe please do something quickly.",CURRENT_SAFETY_REASSURANCE,en,conversational_augmented
Please hear me... I am stranded on the roadside with nowhere to sleep,NO_SAFE_PLACE_HOMELESSNESS,en,conversational_augmented
mai bohot pareshan hu... please send police immediately to my location kya aap sun rahe ho?,REQUEST_POLICE_EMERGENCY_HELP,hinglish,conversational_augmented
अरे... घरेलू हिंसा का शिकार हो रही हूं रोज जल्दी पुलिस भेजिए।,DOMESTIC_FAMILY_VIOLENCE,hi,conversational_augmented
"Sir... I am at the police station right now, completely safe",CURRENT_SAFETY_REASSURANCE,en,conversational_augmented
the attacker has left and there is no danger now,CURRENT_SAFETY_REASSURANCE,en,conversational_augmented
we are facing intense community ostracization and pressure,SOCIAL_COMMUNITY_PRESSURE,en,conversational_augmented
no safe place to sleep tonight stranded on footpath,NO_SAFE_PLACE_HOMELESSNESS,hinglish,direct_seed
मैडम... पता नहीं कौन था और क्या जगह थी,UNCERTAINTY_UNCLEAR_INFO,hi,conversational_augmented
listen... physically attacked me and beat me with stick please madad karo.,PHYSICAL_VIOLENCE_INJURY,hinglish,conversational_augmented
पता नहीं कौन था और क्या जगह थी,UNCERTAINTY_UNCLEAR_INFO,hi,direct_seed
प्लीज... वो चला गया है अब सब ठीक है,CURRENT_SAFETY_REASSURANCE,hi,conversational_augmented
suniye... forcing me to give money through blackmail,COERCION_BLACKMAIL,hinglish,conversational_augmented
Ma'am... he followed my vehicle for over five kilometers,STALKING_FOLLOWING,en,conversational_augmented
madam... describe kar rahe the mere saath discrimi send help immediately.,DISCRIMINATION_CASTE_VULNERABILITY,hinglish,conversational_augmented
Ma'am... I need urgent police security and protection right now please help immediately.,REQUEST_POLICE_EMERGENCY_HELP,en,conversational_augmented
urgent hai... I am scared because he is outside my house mai sach bol raha hu.,IMMEDIATE_PHYSICAL_DANGER,hinglish,conversational_augmented
धमकी मिली है कि चुप रहो वरना अंजाम बुरा होगा क्या आप सुन रहे हैं?,THREAT_INTIMIDATION,hi,conversational_augmented
सुनिए... मैं पुलिस स्टेशन पहुंच चुका हूं और सेफ हूं मुझे समझ नहीं आ रहा क्या करूं।,CURRENT_SAFETY_REASSURANCE,hi,conversational_augmented
Help me... I am completely alone and have nobody to help me I don't know what to do.,ISOLATION_NO_SUPPORT,en,conversational_augmented
काउंसलर से बात करा दीजिए मानसिक तनाव के लिए,REQUEST_COUNSELLING_LEGAL_MEDICAL,hi,conversational_augmented
Help me... deep head laceration with heavy blood loss are you listening?,MEDICAL_EMERGENCY,en,conversational_augmented
"Hello... I am completely safe now, police have arrived I am telling the truth.",CURRENT_SAFETY_REASSURANCE,en,conversational_augmented
madam... pehle laga situation normal ho gayi par fir se violent ho gaya please madad karo.,CONTRADICTORY_CHANGING_SITUATION,hinglish,conversational_augmented
किराए के कमरे से जबरन सामान फेंक कर निकाल दिया,NO_SAFE_PLACE_HOMELESSNESS,hi,direct_seed
कोई मेरे घर के बाहर खड़ा है,IMMEDIATE_PHYSICAL_DANGER,hi,conversational_augmented
I feel like ending my life right now,SELF_HARM_CONCERN,en,conversational_augmented
I need urgent help... I am seriously injured and bleeding,PHYSICAL_VIOLENCE_INJURY,en,conversational_augmented
madam... ghar se nikal diya hai road par khadi hu mai sach bol raha hu.,NO_SAFE_PLACE_HOMELESSNESS,hinglish,conversational_augmented
मैडम... काउंसलर से बात करा दीजिए मानसिक तनाव के लिए,REQUEST_COUNSELLING_LEGAL_MEDICAL,hi,conversational_augmented
"Sir... I need an ambulance immediately, severe bleeding",MEDICAL_EMERGENCY,en,conversational_augmented
need therapy and mental health support session,REQUEST_COUNSELLING_LEGAL_MEDICAL,en,direct_seed
अब मैं पूरी तरह सुरक्षित हूं कोई खतरा नहीं है,CURRENT_SAFETY_REASSURANCE,hi,direct_seed
अरे... पीसीआर वैन को अलर्ट करके भेजो जल्दी,REQUEST_POLICE_EMERGENCY_HELP,hi,conversational_augmented
Please listen... the local panchayat has ordered a complete social boycott please do something quickly.,SOCIAL_COMMUNITY_PRESSURE,en,conversational_augmented
help kijiye... facing continuous spousal abuse and physical cruelty send help immediately.,DOMESTIC_FAMILY_VIOLENCE,hinglish,conversational_augmented
urgent hai... locked in the room he is breaking the door mai sach bol raha hu.,IMMEDIATE_PHYSICAL_DANGER,hinglish,conversational_augmented
Please hear me... I need urgent police security and protection right now,REQUEST_POLICE_EMERGENCY_HELP,en,conversational_augmented
Excuse me... someone is trying to break into my house right now please send police now.,IMMEDIATE_PHYSICAL_DANGER,en,conversational_augmented
मेट्रो स्टेशन से घर तक फॉलो कर रहा है तुरंत मदद चाहिए।,STALKING_FOLLOWING,hi,conversational_augmented
he threatened to burn everything down,THREAT_INTIMIDATION,en,conversational_augmented
चाकू से वार करके घायल कर दिया,PHYSICAL_VIOLENCE_INJURY,hi,conversational_augmented
सुनिए... डर लग रहा है कोई मुझे बचाओ,FEAR_DISTRESS_PANIC,hi,conversational_augmented
Hello... there is an infant and a pregnant woman in the house,CHILD_ELDERLY_DISABILITY_VULNERABILITY,en,conversational_augmented
मैं बहुत परेशान हूं... तुरंत सुरक्षा भेजो वो हमला कर देगा प्लीज कुछ कीजिए।,IMMEDIATE_PHYSICAL_DANGER,hi,conversational_augmented
फांसी लगाने की सोच रही हूं,SELF_HARM_CONCERN,hi,direct_seed
sexual harassment ho raha hai office mein,SEXUAL_VIOLENCE_HARASSMENT,hinglish,conversational_augmented
dispatch 112 emergency police unit right now mujhe samajh nahi aa raha kya karu.,REQUEST_POLICE_EMERGENCY_HELP,hinglish,conversational_augmented
madam... no safe place to sleep tonight stranded on footpath send help immediately.,NO_SAFE_PLACE_HOMELESSNESS,hinglish,conversational_augmented
Sir... I have reached a safe and secure location,CURRENT_SAFETY_REASSURANCE,en,conversational_augmented
hello... darr ke maare haath kaanp rahe hain mai sach bol raha hu.,FEAR_DISTRESS_PANIC,hinglish,conversational_augmented
suniye... no safe place to sleep tonight stranded on footpath,NO_SAFE_PLACE_HOMELESSNESS,hinglish,conversational_augmented
the situation is volatile and constantly shifting,CONTRADICTORY_CHANGING_SITUATION,en,conversational_augmented
उसने कत्ल करने की धमकी दी है तुरंत मदद चाहिए।,THREAT_INTIMIDATION,hi,conversational_augmented
hello... sometimes calm sometimes suddenly attacks again kya aap sun rahe ho?,CONTRADICTORY_CHANGING_SITUATION,hinglish,conversational_augmented
Help me... my elderly parents are bedridden and cannot escape I am telling the truth.,CHILD_ELDERLY_DISABILITY_VULNERABILITY,en,conversational_augmented
"namaste, NHAA helpline me aapka swagat hai send help immediately.",NEUTRAL_NO_INDICATOR,hinglish,conversational_augmented
tracking my daily movements and clicking photos send help immediately.,STALKING_FOLLOWING,hinglish,conversational_augmented
प्लीज... घबराहट के कारण कुछ समझ नहीं आ रहा,FEAR_DISTRESS_PANIC,hi,conversational_augmented
urgent hai... usne dhamki di ki kidnap kar lega,THREAT_INTIMIDATION,hinglish,conversational_augmented
किराए के कमरे से जबरन सामान फेंक कर निकाल दिया जल्दी पुलिस भेजिए।,NO_SAFE_PLACE_HOMELESSNESS,hi,conversational_augmented
arre... not sure what happened exactly unclear memory send help immediately.,UNCERTAINTY_UNCLEAR_INFO,hinglish,conversational_augmented
आत्महत्या करने का ख्याल आ रहा है क्या आप सुन रहे हैं?,SELF_HARM_CONCERN,hi,conversational_augmented
mai bohot pareshan hu... police protection chahiye urgent basis pe jaldi kuch kijiye.,REQUEST_POLICE_EMERGENCY_HELP,hinglish,conversational_augmented
मुझे थेरेपिस्ट से काउंसलिंग की जरूरत है तुरंत मदद चाहिए।,REQUEST_COUNSELLING_LEGAL_MEDICAL,hi,conversational_augmented
sir... mai yahan bilkul akela hu koi relative nahi hai send help immediately.,ISOLATION_NO_SUPPORT,hinglish,conversational_augmented
प्लीज... मुझे कानूनी सलाह और वकील की मदद चाहिए मुझे समझ नहीं आ रहा क्या करूं।,REQUEST_COUNSELLING_LEGAL_MEDICAL,hi,conversational_augmented
listen... legal advice and free legal aid lawyer chahiye,REQUEST_COUNSELLING_LEGAL_MEDICAL,hinglish,conversational_augmented
हेल्प कीजिए... पुलिस आ गई है अब स्थिति नियंत्रण में है मुझे समझ नहीं आ रहा क्या करूं।,CURRENT_SAFETY_REASSURANCE,hi,conversational_augmented
my in-laws are torturing me over dowry demands I don't know what to do.,DOMESTIC_FAMILY_VIOLENCE,en,conversational_augmented
inappropriate physical contact kiya forcefully,SEXUAL_VIOLENCE_HARASSMENT,hinglish,conversational_augmented
ghar me elderly parents hain jo bedridden hain jaldi kuch kijiye.,CHILD_ELDERLY_DISABILITY_VULNERABILITY,hinglish,conversational_augmented
usne private photos leak karne ki blackmailing shuru kar di mai sach bol raha hu.,COERCION_BLACKMAIL,hinglish,conversational_augmented
madam... obscene photos and messages bhej raha hai kya aap sun rahe ho?,SEXUAL_VIOLENCE_HARASSMENT,hinglish,conversational_augmented
husband roz daaru peeke marpeet karta hai please madad karo.,DOMESTIC_FAMILY_VIOLENCE,hinglish,conversational_augmented
urgent hai... roz ghar ke bahar khada rehta hai bike leke mujhe samajh nahi aa raha kya karu.,STALKING_FOLLOWING,hinglish,conversational_augmented
madam... peecha karke darwaaze tak aa gaya kya aap sun rahe ho?,STALKING_FOLLOWING,hinglish,conversational_augmented
initially it seemed resolved but suddenly violence flared up again,CONTRADICTORY_CHANGING_SITUATION,en,conversational_augmented
तुरंत एम्बुलेंस भेजिए मरीज की हालत गंभीर है,MEDICAL_EMERGENCY,hi,conversational_augmented
सर... छाती में तेज दर्द है और बहुत ज्यादा खून बह रहा है,MEDICAL_EMERGENCY,hi,conversational_augmented
i am feeling extreme anxiety and fear send help immediately.,FEAR_DISTRESS_PANIC,hinglish,conversational_augmented
Please listen... the situation is volatile and constantly shifting please send police now.,CONTRADICTORY_CHANGING_SITUATION,en,conversational_augmented
सांस लेने में बहुत तकलीफ हो रही है बेहोश हो रहे हैं तुरंत मदद चाहिए।,MEDICAL_EMERGENCY,hi,conversational_augmented
Help me... my in-laws are torturing me over dowry demands I am telling the truth.,DOMESTIC_FAMILY_VIOLENCE,en,conversational_augmented
प्लीज... हमला करके मुझे नीचे गिरा दिया प्लीज कुछ कीजिए।,PHYSICAL_VIOLENCE_INJURY,hi,conversational_augmented
Please hear me... someone is banging on my door threatening to break in please do something quickly.,IMMEDIATE_PHYSICAL_DANGER,en,conversational_augmented
सर... जाति के नाम पर मुझे प्रताड़ित किया जा रहा है,DISCRIMINATION_CASTE_VULNERABILITY,hi,conversational_augmented
नमस्ते... नाबालिग बच्ची की सुरक्षा को लेकर बहुत चिंता है,CHILD_ELDERLY_DISABILITY_VULNERABILITY,hi,conversational_augmented
hello... mai ab jeena nahi chahta mai sach bol raha hu.,SELF_HARM_CONCERN,hinglish,conversational_augmented
listen... movie ka scene discuss kar rahe the dost ke sath kya aap sun rahe ho?,NEUTRAL_NO_INDICATOR,hinglish,conversational_augmented
Please hear me... I need urgent police security and protection right now,REQUEST_POLICE_EMERGENCY_HELP,en,conversational_augmented
I would like to speak to a psychological counselor I am telling the truth.,REQUEST_COUNSELLING_LEGAL_MEDICAL,en,conversational_augmented
arre... humare sath bhedbhav ho raha hai,DISCRIMINATION_CASTE_VULNERABILITY,hinglish,conversational_augmented
Hello... a minor child is trapped inside facing grave risk please do something quickly.,CHILD_ELDERLY_DISABILITY_VULNERABILITY,en,conversational_augmented
mai ab jeena nahi chahta,SELF_HARM_CONCERN,hinglish,conversational_augmented
urgent hai... homeless ho gaye hain koi shelter nahi hai please madad karo.,NO_SAFE_PLACE_HOMELESSNESS,hinglish,conversational_augmented
requesting legal aid assistance for filing case,REQUEST_COUNSELLING_LEGAL_MEDICAL,en,conversational_augmented
नमस्ते... उसने मुझे नहीं धमकाया जल्दी पुलिस भेजिए।,NEUTRAL_NO_INDICATOR,hi,conversational_augmented
molestation attempt hua hai raste mein,SEXUAL_VIOLENCE_HARASSMENT,hinglish,conversational_augmented
दहशत का माहौल है यहां प्लीज कुछ कीजिए।,FEAR_DISTRESS_PANIC,hi,conversational_augmented
sasural me roz torture kiya ja raha hai,DOMESTIC_FAMILY_VIOLENCE,hinglish,conversational_augmented
hello... chest pain aur breathing difficulty ho rahi hai,MEDICAL_EMERGENCY,hinglish,conversational_augmented
darr ki koi baat nahi hai normal hu,NEUTRAL_NO_INDICATOR,hinglish,conversational_augmented
Help me... I need legal guidance and lawyer consultation,REQUEST_COUNSELLING_LEGAL_MEDICAL,en,conversational_augmented
Please listen... they are describing and discriminating against me unfairly,DISCRIMINATION_CASTE_VULNERABILITY,en,conversational_augmented
Sir... deep head laceration with heavy blood loss are you listening?,MEDICAL_EMERGENCY,en,conversational_augmented
अरे... लीगल एड और कोर्ट प्रक्रिया की जानकारी चाहिए,REQUEST_COUNSELLING_LEGAL_MEDICAL,hi,conversational_augmented
arre... koi sath nahi de raha sabne contact tod diya,ISOLATION_NO_SUPPORT,hinglish,conversational_augmented
लीगल एड और कोर्ट प्रक्रिया की जानकारी चाहिए प्लीज कुछ कीजिए।,REQUEST_COUNSELLING_LEGAL_MEDICAL,hi,conversational_augmented
hello... dar ke maare haath kaanp rahe hain jaldi kuch kijiye.,FEAR_DISTRESS_PANIC,hinglish,conversational_augmented
मैं बहुत परेशान हूं... सिर पर गहरी चोट है और उल्टियां हो रही हैं,MEDICAL_EMERGENCY,hi,conversational_augmented
Excuse me... I am uncertain and confused about what transpired are you listening?,UNCERTAINTY_UNCLEAR_INFO,en,conversational_augmented
arre... confused state me hu exact time nahi pata kya aap sun rahe ho?,UNCERTAINTY_UNCLEAR_INFO,hinglish,conversational_augmented
urgent hai... tracking my daily movements and clicking photos send help immediately.,STALKING_FOLLOWING,hinglish,conversational_augmented
Sir... I feel completely helpless and scared please do something quickly.,FEAR_DISTRESS_PANIC,en,conversational_augmented
he sent non-consensual explicit photos I don't know what to do.,SEXUAL_VIOLENCE_HARASSMENT,en,conversational_augmented
he is forcing me to pay large sums of money please do something quickly.,COERCION_BLACKMAIL,en,conversational_augmented
I am terrified and panicking I don't know what to do.,FEAR_DISTRESS_PANIC,en,conversational_augmented
प्लीज... अज्ञात व्यक्ति मेरा पीछा करता है घर तक क्या आप सुन रहे हैं?,STALKING_FOLLOWING,hi,conversational_augmented
Please hear me... he threatened to leak sensitive personal videos online I don't know what to do.,COERCION_BLACKMAIL,en,conversational_augmented
अरे... धमकी दे रहा है कि तेरी जिंदगी नरक बना दूंगा जल्दी पुलिस भेजिए।,THREAT_INTIMIDATION,hi,conversational_augmented
Help me... need therapy and mental health support session I am telling the truth.,REQUEST_COUNSELLING_LEGAL_MEDICAL,en,conversational_augmented
प्लीज... कोई सहारा नहीं है बिल्कुल बेसहारा हूं मुझे समझ नहीं आ रहा क्या करूं।,ISOLATION_NO_SUPPORT,hi,conversational_augmented
please send police immediately to my location jaldi kuch kijiye.,REQUEST_POLICE_EMERGENCY_HELP,hinglish,conversational_augmented
andar aane ki koshish kar raha hai jaldi aao,IMMEDIATE_PHYSICAL_DANGER,hinglish,direct_seed
112 की टीम को तुरंत मेरे पते पर भेजिए,REQUEST_POLICE_EMERGENCY_HELP,hi,direct_seed
pcr van bhejo jaldi address par send help immediately.,REQUEST_POLICE_EMERGENCY_HELP,hinglish,conversational_augmented
mai bohot pareshan hu... he follows me everywhere I go,STALKING_FOLLOWING,hinglish,conversational_augmented
need mental health counselling and legal guidance,REQUEST_COUNSELLING_LEGAL_MEDICAL,hinglish,conversational_augmented
ek ladka roz mera peecha karta hai office se ghar kya aap sun rahe ho?,STALKING_FOLLOWING,hinglish,conversational_augmented
Officer... the situation is volatile and constantly shifting please help immediately.,CONTRADICTORY_CHANGING_SITUATION,en,conversational_augmented
madam... khauf lag raha hai akele rehne me mujhe samajh nahi aa raha kya karu.,FEAR_DISTRESS_PANIC,hinglish,conversational_augmented
urgent hai... stalking me continuously for past two weeks jaldi kuch kijiye.,STALKING_FOLLOWING,hinglish,conversational_augmented
I want to hurt myself to stop this pain are you listening?,SELF_HARM_CONCERN,en,conversational_augmented
Hello... I have been thrown out of my house onto the street,NO_SAFE_PLACE_HOMELESSNESS,en,conversational_augmented
सांस लेने में बहुत तकलीफ हो रही है बेहोश हो रहे हैं मुझे समझ नहीं आ रहा क्या करूं।,MEDICAL_EMERGENCY,hi,conversational_augmented
Sir... I need legal guidance and lawyer consultation,REQUEST_COUNSELLING_LEGAL_MEDICAL,en,conversational_augmented
we were forcibly evicted and have no place to go,NO_SAFE_PLACE_HOMELESSNESS,en,conversational_augmented
dhar lag raha hai ki kuch galat na ho jaye,FEAR_DISTRESS_PANIC,hinglish,conversational_augmented
मैडम... कभी वो शांत हो जाता है कभी अचानक हमला कर देता है,CONTRADICTORY_CHANGING_SITUATION,hi,conversational_augmented
danger is imminent please dispatch emergency unit,IMMEDIATE_PHYSICAL_DANGER,en,direct_seed
खून करने की खुली धमकी दे रहा है,THREAT_INTIMIDATION,hi,conversational_augmented
listen... advocate ki sahayata chahiye grievance file karne me,REQUEST_COUNSELLING_LEGAL_MEDICAL,hinglish,conversational_augmented
कृपया ध्यान दीजिए... मेरी निजी तस्वीरें वायरल करने की धमकी दे रहा है तुरंत मदद चाहिए।,COERCION_BLACKMAIL,hi,conversational_augmented
Excuse me... I am being blackmailed and pressurized constantly I am telling the truth.,COERCION_BLACKMAIL,en,conversational_augmented
तुरंत सुरक्षा भेजो वो हमला कर देगा,IMMEDIATE_PHYSICAL_DANGER,hi,direct_seed
Please hear me... there is an infant and a pregnant woman in the house I am telling the truth.,CHILD_ELDERLY_DISABILITY_VULNERABILITY,en,conversational_augmented
प्लीज... नाबालिग बच्ची की सुरक्षा को लेकर बहुत चिंता है,CHILD_ELDERLY_DISABILITY_VULNERABILITY,hi,conversational_augmented
madam... mere saath discriminate kiya ja raha hai mai sach bol raha hu.,DISCRIMINATION_CASTE_VULNERABILITY,hinglish,conversational_augmented
अरे... अज्ञात व्यक्ति मेरा पीछा करता है घर तक,STALKING_FOLLOWING,hi,conversational_augmented
i am feeling extreme anxiety and fear,FEAR_DISTRESS_PANIC,hinglish,conversational_augmented
वो कह रहा है कि बाहर निकलते ही हमला करेगा,THREAT_INTIMIDATION,hi,direct_seed
usne mujhe jan se maarne ki dhamki di send help immediately.,THREAT_INTIMIDATION,hinglish,conversational_augmented
heavy bleeding ho rahi hai ambulance chahiye turant send help immediately.,MEDICAL_EMERGENCY,hinglish,conversational_augmented
Hello... the situation is volatile and constantly shifting are you listening?,CONTRADICTORY_CHANGING_SITUATION,en,conversational_augmented
Sir... he waits outside my workplace every evening watching me please help immediately.,STALKING_FOLLOWING,en,conversational_augmented
सर... अभी मैं सेफ जगह पर पहुंच गई हूं जल्दी पुलिस भेजिए।,CURRENT_SAFETY_REASSURANCE,hi,conversational_augmented
प्लीज... मैं बहुत डरा हुआ हूं जल्दी पुलिस भेजिए।,FEAR_DISTRESS_PANIC,hi,conversational_augmented
Please listen... Operator: Please state your district and contact details please do something quickly.,NEUTRAL_NO_INDICATOR,en,conversational_augmented
listen... entire village mob is pressurizing our family,SOCIAL_COMMUNITY_PRESSURE,hinglish,conversational_augmented
हेल्प कीजिए... कोई मेरे घर के बाहर खड़ा है,IMMEDIATE_PHYSICAL_DANGER,hi,conversational_augmented
Sir... I was punched and kicked repeatedly I am telling the truth.,PHYSICAL_VIOLENCE_INJURY,en,conversational_augmented
disabled person par assault attempt hua hai,CHILD_ELDERLY_DISABILITY_VULNERABILITY,hinglish,conversational_augmented
मैडम... जाति के नाम पर मुझे प्रताड़ित किया जा रहा है मैं सच कह रहा हूं।,DISCRIMINATION_CASTE_VULNERABILITY,hi,conversational_augmented
Please hear me... my elderly parents are bedridden and cannot escape I don't know what to do.,CHILD_ELDERLY_DISABILITY_VULNERABILITY,en,conversational_augmented
help kijiye... roz ghar ke bahar khada rehta hai bike leke,STALKING_FOLLOWING,hinglish,conversational_augmented
कृपया अपनी शिकायत की श्रेणी और जिला बताइए जल्दी पुलिस भेजिए।,NEUTRAL_NO_INDICATOR,hi,conversational_augmented
arre... usne mujhe bohot mara hai bleeding ho rahi hai mujhe samajh nahi aa raha kya karu.,PHYSICAL_VIOLENCE_INJURY,hinglish,conversational_augmented
जातिसूचक गालियां देकर अपमानित किया गया प्लीज कुछ कीजिए।,DISCRIMINATION_CASTE_VULNERABILITY,hi,conversational_augmented
mujhe exact location yaad nahi aa rahi confuse hu,UNCERTAINTY_UNCLEAR_INFO,hinglish,conversational_augmented
forced himself on me without consent,SEXUAL_VIOLENCE_HARASSMENT,hinglish,direct_seed
उसने मुझे गलत तरीके से छुआ मैं सच कह रहा हूं।,SEXUAL_VIOLENCE_HARASSMENT,hi,conversational_augmented
हेल्प कीजिए... वो मुझे ब्लैकमेल कर रहा है पैसों के लिए मैं सच कह रहा हूं।,COERCION_BLACKMAIL,hi,conversational_augmented
dhamka raha hai ki chup baitho,THREAT_INTIMIDATION,hinglish,direct_seed
mai bohot pareshan hu... need immediate police intervention and escort mai sach bol raha hu.,REQUEST_POLICE_EMERGENCY_HELP,hinglish,conversational_augmented
I have no reason to stay alive,SELF_HARM_CONCERN,en,conversational_augmented
Officer... my in-laws are torturing me over dowry demands are you listening?,DOMESTIC_FAMILY_VIOLENCE,en,conversational_augmented
he threatened retaliation if I report to police are you listening?,THREAT_INTIMIDATION,en,conversational_augmented
मेरी बात सुनिए... छाती में तेज दर्द है और बहुत ज्यादा खून बह रहा है क्या आप सुन रहे हैं?,MEDICAL_EMERGENCY,hi,conversational_augmented
please... roz ghar ke bahar khada rehta hai bike leke,STALKING_FOLLOWING,hinglish,conversational_augmented
help kijiye... advocate ki sahayata chahiye grievance file karne me kya aap sun rahe ho?,REQUEST_COUNSELLING_LEGAL_MEDICAL,hinglish,conversational_augmented
Officer... a minor child is trapped inside facing grave risk,CHILD_ELDERLY_DISABILITY_VULNERABILITY,en,conversational_augmented
कृपया ध्यान दीजिए... बुजुर्ग माता-पिता हैं जो चलने में असमर्थ हैं मुझे समझ नहीं आ रहा क्या करूं।,CHILD_ELDERLY_DISABILITY_VULNERABILITY,hi,conversational_augmented
unstable and fluctuating circumstances right now please send police now.,CONTRADICTORY_CHANGING_SITUATION,en,conversational_augmented
पूरे गांव और पंचायत ने हमारा बहिष्कार कर दिया है,SOCIAL_COMMUNITY_PRESSURE,hi,conversational_augmented
danger has passed and I am in a secure shelter I am telling the truth.,CURRENT_SAFETY_REASSURANCE,en,conversational_augmented
कृपया ध्यान दीजिए... वो चला गया है अब सब ठीक है क्या आप सुन रहे हैं?,CURRENT_SAFETY_REASSURANCE,hi,conversational_augmented
hello... community pressure banaya ja raha hai case wapas lene kya aap sun rahe ho?,SOCIAL_COMMUNITY_PRESSURE,hinglish,conversational_augmented
कोई डरने की बात नहीं है,NEUTRAL_NO_INDICATOR,hi,direct_seed
Please listen... the victim is a differently-abled person unable to run are you listening?,CHILD_ELDERLY_DISABILITY_VULNERABILITY,en,conversational_augmented
Sir... requesting immediate emergency police dispatch,REQUEST_POLICE_EMERGENCY_HELP,en,conversational_augmented
Please listen... the person fluctuates unpredictably between calm and rage,CONTRADICTORY_CHANGING_SITUATION,en,conversational_augmented
Officer... he threatened to murder me in broad daylight please help immediately.,THREAT_INTIMIDATION,en,conversational_augmented
he sent non-consensual explicit photos,SEXUAL_VIOLENCE_HARASSMENT,en,conversational_augmented
मैं बहुत टूट चुकी हूं मर जाना चाहती हूं,SELF_HARM_CONCERN,hi,conversational_augmented
arre... jabarjasti karne ki koshish ki usne send help immediately.,SEXUAL_VIOLENCE_HARASSMENT,hinglish,conversational_augmented
they subject us to discrimination and untouchability practices,DISCRIMINATION_CASTE_VULNERABILITY,en,direct_seed
sir... molestation attempt hua hai raste mein jaldi kuch kijiye.,SEXUAL_VIOLENCE_HARASSMENT,hinglish,conversational_augmented
कोई सहारा नहीं है बिल्कुल बेसहारा हूं मुझे समझ नहीं आ रहा क्या करूं।,ISOLATION_NO_SUPPORT,hi,conversational_augmented
"Ma'am... I need an ambulance immediately, severe bleeding",MEDICAL_EMERGENCY,en,conversational_augmented
I have nowhere to go and nobody to call for assistance please send police now.,ISOLATION_NO_SUPPORT,en,conversational_augmented
reached inside police thana now totally safe,CURRENT_SAFETY_REASSURANCE,hinglish,conversational_augmented
सुनिए... सामूहिक रूप से हम पर दबाव बनाया जा रहा है,SOCIAL_COMMUNITY_PRESSURE,hi,conversational_augmented
I am isolated in this house with zero support,ISOLATION_NO_SUPPORT,en,conversational_augmented
madam... darr ke maare haath kaanp rahe hain mujhe samajh nahi aa raha kya karu.,FEAR_DISTRESS_PANIC,hinglish,conversational_augmented
Sir... there is an armed man outside my apartment please send police now.,IMMEDIATE_PHYSICAL_DANGER,en,conversational_augmented
Excuse me... I am being blackmailed and pressurized constantly,COERCION_BLACKMAIL,en,conversational_augmented
madam... husband locked me in the room without food please madad karo.,DOMESTIC_FAMILY_VIOLENCE,hinglish,conversational_augmented
प्लीज... किराए के कमरे से जबरन सामान फेंक कर निकाल दिया मुझे समझ नहीं आ रहा क्या करूं।,NO_SAFE_PLACE_HOMELESSNESS,hi,conversational_augmented
bahut gabrahat ho rahi hai panic ho raha hai,FEAR_DISTRESS_PANIC,hinglish,conversational_augmented
urgent hai... unpredictable behaviour hai situation continuously changing kya aap sun rahe ho?,CONTRADICTORY_CHANGING_SITUATION,hinglish,conversational_augmented
प्लीज... आत्महत्या करने का ख्याल आ रहा है,SELF_HARM_CONCERN,hi,conversational_augmented
ghar se nikal diya hai road par khadi hu mai sach bol raha hu.,NO_SAFE_PLACE_HOMELESSNESS,hinglish,conversational_augmented
ghar me elderly parents hain jo bedridden hain,CHILD_ELDERLY_DISABILITY_VULNERABILITY,hinglish,conversational_augmented
hello... darr lag raha hai ki kuch galat na ho jaye please madad karo.,FEAR_DISTRESS_PANIC,hinglish,conversational_augmented
खतरा टल चुका है अब कोई डर नहीं है क्या आप सुन रहे हैं?,CURRENT_SAFETY_REASSURANCE,hi,conversational_augmented
गंदी हरकतें और अश्लील इशारे कर रहा है,SEXUAL_VIOLENCE_HARASSMENT,hi,direct_seed
वो हथियार लेकर बाहर खड़ा है,IMMEDIATE_PHYSICAL_DANGER,hi,conversational_augmented
Excuse me... I have been thrown out of my house onto the street,NO_SAFE_PLACE_HOMELESSNESS,en,conversational_augmented
help kijiye... contradictory situation hai outcome uncertain hai,CONTRADICTORY_CHANGING_SITUATION,hinglish,conversational_augmented
Please listen... the local panchayat has ordered a complete social boycott,SOCIAL_COMMUNITY_PRESSURE,en,conversational_augmented
Hello... I don't want to live anymore please send police now.,SELF_HARM_CONCERN,en,conversational_augmented
कृपया ध्यान दीजिए... सबक सिखाने की धमकी दे रहा है मैं सच कह रहा हूं।,THREAT_INTIMIDATION,hi,conversational_augmented
मैडम... लीगल एड और कोर्ट प्रक्रिया की जानकारी चाहिए जल्दी पुलिस भेजिए।,REQUEST_COUNSELLING_LEGAL_MEDICAL,hi,conversational_augmented
punched and kicked me repeatedly kya aap sun rahe ho?,PHYSICAL_VIOLENCE_INJURY,hinglish,conversational_augmented
urgent hai... feeling completely hopeless wanting to quit life send help immediately.,SELF_HARM_CONCERN,hinglish,conversational_augmented
रहने का कोई ठिकाना नहीं है बेघर हो गई हूं जल्दी पुलिस भेजिए।,NO_SAFE_PLACE_HOMELESSNESS,hi,conversational_augmented
"Hello... I am not in danger, just asking about the registration process please do something quickly.",NEUTRAL_NO_INDICATOR,en,conversational_augmented
मेरी बात सुनिए... दरवाजा तोड़ने की कोशिश कर रहा है कोई जल्दी पुलिस भेजिए।,IMMEDIATE_PHYSICAL_DANGER,hi,conversational_augmented
मेरी बात सुनिए... वो चला गया है अब सब ठीक है,CURRENT_SAFETY_REASSURANCE,hi,conversational_augmented
help kijiye... dhamki deke gaya hai abhi thodi der pehle jaldi kuch kijiye.,THREAT_INTIMIDATION,hinglish,conversational_augmented
Officer... alert the local police station for immediate response,REQUEST_POLICE_EMERGENCY_HELP,en,conversational_augmented
Excuse me... I feel so overwhelmed and anxious please help immediately.,FEAR_DISTRESS_PANIC,en,conversational_augmented
वो चला गया है अब सब ठीक है तुरंत मदद चाहिए।,CURRENT_SAFETY_REASSURANCE,hi,conversational_augmented
Excuse me... a minor child is trapped inside facing grave risk I don't know what to do.,CHILD_ELDERLY_DISABILITY_VULNERABILITY,en,conversational_augmented
विरोधाभासी बातें हो रही हैं यहां माहौल अस्थिर है मैं सच कह रहा हूं।,CONTRADICTORY_CHANGING_SITUATION,hi,conversational_augmented
Please hear me... the person fluctuates unpredictably between calm and rage I am telling the truth.,CONTRADICTORY_CHANGING_SITUATION,en,conversational_augmented
listen... situation bahut dangerous hai bachao,IMMEDIATE_PHYSICAL_DANGER,hinglish,conversational_augmented
help kijiye... mai yahan bilkul akela hu koi relative nahi hai jaldi kuch kijiye.,ISOLATION_NO_SUPPORT,hinglish,conversational_augmented
they used derogatory casteist slurs against me publicly please do something quickly.,DISCRIMINATION_CASTE_VULNERABILITY,en,conversational_augmented
ghar se nikal diya hai road par khadi hu kya aap sun rahe ho?,NO_SAFE_PLACE_HOMELESSNESS,hinglish,conversational_augmented
I need urgent help... the situation is volatile and constantly shifting I don't know what to do.,CONTRADICTORY_CHANGING_SITUATION,en,conversational_augmented
facing continuous spousal abuse and physical cruelty,DOMESTIC_FAMILY_VIOLENCE,hinglish,conversational_augmented
need immediate police intervention and escort,REQUEST_POLICE_EMERGENCY_HELP,hinglish,direct_seed
mai bohot pareshan hu... minor child ki safety at high risk right now please madad karo.,CHILD_ELDERLY_DISABILITY_VULNERABILITY,hinglish,conversational_augmented
उसने कहा कि जान से मार देगा,THREAT_INTIMIDATION,hi,direct_seed
सर... कभी वो शांत हो जाता है कभी अचानक हमला कर देता है,CONTRADICTORY_CHANGING_SITUATION,hi,conversational_augmented
मुझे बहुत डर लग रहा है,FEAR_DISTRESS_PANIC,hi,direct_seed
listen... feeling like committing suicide please help kya aap sun rahe ho?,SELF_HARM_CONCERN,hinglish,conversational_augmented
Ma'am... this was just a classroom awareness demonstration are you listening?,NEUTRAL_NO_INDICATOR,en,conversational_augmented
Sir... I am having thoughts of self harm,SELF_HARM_CONCERN,en,conversational_augmented
बच्चे बहुत सहमे हुए हैं डर से,FEAR_DISTRESS_PANIC,hi,direct_seed
कृपया ध्यान दीजिए... 112 की टीम को तुरंत मेरे पते पर भेजिए प्लीज कुछ कीजिए।,REQUEST_POLICE_EMERGENCY_HELP,hi,conversational_augmented
Sir... I am so scared right now please do something quickly.,FEAR_DISTRESS_PANIC,en,conversational_augmented
प्लीज... जीने की कोई वजह नहीं बची है मैं सच कह रहा हूं।,SELF_HARM_CONCERN,hi,conversational_augmented
Please listen... initially it seemed resolved but suddenly violence flared up again,CONTRADICTORY_CHANGING_SITUATION,en,conversational_augmented
घर में छोटा बच्चा और गर्भवती महिला है तुरंत मदद चाहिए।,CHILD_ELDERLY_DISABILITY_VULNERABILITY,hi,conversational_augmented
Ma'am... I have been thrown out of my house onto the street please send police now.,NO_SAFE_PLACE_HOMELESSNESS,en,conversational_augmented
अज्ञात व्यक्ति मेरा पीछा करता है घर तक मैं सच कह रहा हूं।,STALKING_FOLLOWING,hi,conversational_augmented
just calling to inquire about the government scheme timings mai sach bol raha hu.,NEUTRAL_NO_INDICATOR,hinglish,conversational_augmented
I need urgent help... I feel like ending my life right now,SELF_HARM_CONCERN,en,conversational_augmented
छाती में तेज दर्द है और बहुत ज्यादा खून बह रहा है तुरंत मदद चाहिए।,MEDICAL_EMERGENCY,hi,conversational_augmented
someone is stalking and following me every day I don't know what to do.,STALKING_FOLLOWING,en,conversational_augmented
urgent hai... roz ghar ke bahar khada rehta hai bike leke,STALKING_FOLLOWING,hinglish,conversational_augmented
urgent hai... jabarjasti karne ki koshish ki usne mai sach bol raha hu.,SEXUAL_VIOLENCE_HARASSMENT,hinglish,conversational_augmented
arre... pregnant lady hai ghar pe aur small kids hain mai sach bol raha hu.,CHILD_ELDERLY_DISABILITY_VULNERABILITY,hinglish,conversational_augmented
I am completely alone and have nobody to help me are you listening?,ISOLATION_NO_SUPPORT,en,conversational_augmented
suniye... mere saath discriminate kiya ja raha hai,DISCRIMINATION_CASTE_VULNERABILITY,hinglish,conversational_augmented
मेरी बात सुनिए... समाज में बदनाम करने की साजिश हो रही है तुरंत मदद चाहिए।,SOCIAL_COMMUNITY_PRESSURE,hi,conversational_augmented
Hello... need therapy and mental health support session,REQUEST_COUNSELLING_LEGAL_MEDICAL,en,conversational_augmented
no safe place to sleep tonight stranded on footpath please madad karo.,NO_SAFE_PLACE_HOMELESSNESS,hinglish,conversational_augmented
Please hear me... I am being discriminated against at work and in public please send police now.,DISCRIMINATION_CASTE_VULNERABILITY,en,conversational_augmented
Sir... my hands are trembling with fear,FEAR_DISTRESS_PANIC,en,conversational_augmented
mujhe exact location yaad nahi aa rahi confuse hu jaldi kuch kijiye.,UNCERTAINTY_UNCLEAR_INFO,hinglish,conversational_augmented
mai bohot pareshan hu... blackmail kar raha hai ki social media par daal dega send help immediately.,COERCION_BLACKMAIL,hinglish,conversational_augmented
disabled person par assault attempt hua hai,CHILD_ELDERLY_DISABILITY_VULNERABILITY,hinglish,direct_seed
Officer... we are facing intense community ostracization and pressure,SOCIAL_COMMUNITY_PRESSURE,en,conversational_augmented
hello... landlord threw all luggage out on the street kya aap sun rahe ho?,NO_SAFE_PLACE_HOMELESSNESS,hinglish,conversational_augmented
please send a PCR emergency van right away are you listening?,REQUEST_POLICE_EMERGENCY_HELP,en,conversational_augmented
madam... patient is unconscious please dispatch medical team,MEDICAL_EMERGENCY,hinglish,conversational_augmented
arre... pregnant lady hai ghar pe aur small kids hain kya aap sun rahe ho?,CHILD_ELDERLY_DISABILITY_VULNERABILITY,hinglish,conversational_augmented
mai bohot pareshan hu... movie ka scene discuss kar rahe the dost ke sath mai sach bol raha hu.,NEUTRAL_NO_INDICATOR,hinglish,conversational_augmented
मैं बहुत परेशान हूं... बहुत उलझन में हूं सही जानकारी नहीं दे पा रही मैं सच कह रहा हूं।,UNCERTAINTY_UNCLEAR_INFO,hi,conversational_augmented
Please hear me... he sent threatening text messages demanding money,THREAT_INTIMIDATION,en,conversational_augmented
I need urgent help... I am on the verge of killing myself,SELF_HARM_CONCERN,en,conversational_augmented
listen... dahshat ho rahi hai yahan par mai sach bol raha hu.,FEAR_DISTRESS_PANIC,hinglish,conversational_augmented
Excuse me... I am being stalked by an unknown person continuously,STALKING_FOLLOWING,en,conversational_augmented
Please listen... he threatened to kill me please send police now.,THREAT_INTIMIDATION,en,conversational_augmented
madam... have no family or friends to support me here send help immediately.,ISOLATION_NO_SUPPORT,hinglish,conversational_augmented
सास और ससुर घर में बंद करके मारते हैं क्या आप सुन रहे हैं?,DOMESTIC_FAMILY_VIOLENCE,hi,conversational_augmented
sir... usne bola ki court gaya toh jann se haath dho baithega mujhe samajh nahi aa raha kya karu.,THREAT_INTIMIDATION,hinglish,conversational_augmented
Please hear me... the information is hazy and I cannot be sure please do something quickly.,UNCERTAINTY_UNCLEAR_INFO,en,conversational_augmented
help kijiye... khoon beh raha hai ambulance chahiye please madad karo.,PHYSICAL_VIOLENCE_INJURY,hinglish,conversational_augmented
विरोधाभासी बातें हो रही हैं यहां माहौल अस्थिर है मैं सच कह रहा हूं।,CONTRADICTORY_CHANGING_SITUATION,hi,conversational_augmented
blackmail kar raha hai ki social media par daal dega,COERCION_BLACKMAIL,hinglish,conversational_augmented
हेल्प कीजिए... सामूहिक रूप से हम पर दबाव बनाया जा रहा है क्या आप सुन रहे हैं?,SOCIAL_COMMUNITY_PRESSURE,hi,conversational_augmented
mai bohot pareshan hu... apni jaan le lungi agar aisa hi chalta raha kya aap sun rahe ho?,SELF_HARM_CONCERN,hinglish,conversational_augmented
madam... abhi safe location par pahuch gaya hu,CURRENT_SAFETY_REASSURANCE,hinglish,conversational_augmented
I need urgent help... I have nowhere to go and nobody to call for assistance are you listening?,ISOLATION_NO_SUPPORT,en,conversational_augmented
feeling like committing suicide please help mai sach bol raha hu.,SELF_HARM_CONCERN,hinglish,conversational_augmented
मैं अब और जीना नहीं चाहती तुरंत मदद चाहिए।,SELF_HARM_CONCERN,hi,conversational_augmented
I am a victim of severe domestic violence at home please do something quickly.,DOMESTIC_FAMILY_VIOLENCE,en,conversational_augmented
Please hear me... a minor child is trapped inside facing grave risk are you listening?,CHILD_ELDERLY_DISABILITY_VULNERABILITY,en,conversational_augmented
madam... usne dhamki di ki kidnap kar lega jaldi kuch kijiye.,THREAT_INTIMIDATION,hinglish,conversational_augmented
requesting legal aid assistance for filing case please send police now.,REQUEST_COUNSELLING_LEGAL_MEDICAL,en,conversational_augmented
हेल्प कीजिए... घर में छोटा बच्चा और गर्भवती महिला है,CHILD_ELDERLY_DISABILITY_VULNERABILITY,hi,conversational_augmented
arre... ghar me elderly parents hain jo bedridden hain please madad karo.,CHILD_ELDERLY_DISABILITY_VULNERABILITY,hinglish,conversational_augmented
तुरंत सुरक्षा भेजो वो हमला कर देगा,IMMEDIATE_PHYSICAL_DANGER,hi,conversational_augmented
I have no safe shelter or roof over my head tonight,NO_SAFE_PLACE_HOMELESSNESS,en,conversational_augmented
मैं बहुत परेशान हूं... डर लग रहा है कोई मुझे बचाओ क्या आप सुन रहे हैं?,FEAR_DISTRESS_PANIC,hi,conversational_augmented
Officer... the information is hazy and I cannot be sure,UNCERTAINTY_UNCLEAR_INFO,en,conversational_augmented
सर... लीगल एड और कोर्ट प्रक्रिया की जानकारी चाहिए जल्दी पुलिस भेजिए।,REQUEST_COUNSELLING_LEGAL_MEDICAL,hi,conversational_augmented
he tried to strangle my neck I don't know what to do.,PHYSICAL_VIOLENCE_INJURY,en,conversational_augmented
hello... bohot zyada panic situation hai please madad karo.,FEAR_DISTRESS_PANIC,hinglish,conversational_augmented
मेरी बात सुनिए... अकेले कमरे में बंद हूं कोई रिश्तेदार नहीं है,ISOLATION_NO_SUPPORT,hi,conversational_augmented
Ma'am... deep head laceration with heavy blood loss,MEDICAL_EMERGENCY,en,conversational_augmented
please... please send police immediately to my location kya aap sun rahe ho?,REQUEST_POLICE_EMERGENCY_HELP,hinglish,conversational_augmented
Excuse me... I am trapped in an abusive marriage with constant violence,DOMESTIC_FAMILY_VIOLENCE,en,conversational_augmented
"Please listen... I need an ambulance immediately, severe bleeding please do something quickly.",MEDICAL_EMERGENCY,en,conversational_augmented
मेरी बात सुनिए... शारीरिक रूप से प्रताड़ित किया गया है क्या आप सुन रहे हैं?,PHYSICAL_VIOLENCE_INJURY,hi,conversational_augmented
I cannot clearly recall the exact details or location please help immediately.,UNCERTAINTY_UNCLEAR_INFO,en,conversational_augmented
पूरे गांव और पंचायत ने हमारा बहिष्कार कर दिया है क्या आप सुन रहे हैं?,SOCIAL_COMMUNITY_PRESSURE,hi,conversational_augmented
मैं बहुत परेशान हूं... मुझे जीने की कोई उम्मीद नहीं दिख रही मुझे समझ नहीं आ रहा क्या करूं।,SELF_HARM_CONCERN,hi,conversational_augmented
listen... ghar me elderly parents hain jo bedridden hain jaldi kuch kijiye.,CHILD_ELDERLY_DISABILITY_VULNERABILITY,hinglish,conversational_augmented
मेरी बात सुनिए... बहुत भयभीत हूं अपने घर में,FEAR_DISTRESS_PANIC,hi,conversational_augmented
help kijiye... severe blood loss and head injury need emergency care please madad karo.,MEDICAL_EMERGENCY,hinglish,conversational_augmented
मेरी बात सुनिए... शरीर पर बहुत चोटें आई हैं प्लीज कुछ कीजिए।,PHYSICAL_VIOLENCE_INJURY,hi,conversational_augmented
sir... warning de raha hai ki sabak sikhayega please madad karo.,THREAT_INTIMIDATION,hinglish,conversational_augmented
Hello... he shoved me down the stairs violently,PHYSICAL_VIOLENCE_INJURY,en,conversational_augmented
please... darwaza todne ki koshish kar raha hai mujhe samajh nahi aa raha kya karu.,IMMEDIATE_PHYSICAL_DANGER,hinglish,conversational_augmented
roz ghar ke bahar khada rehta hai bike leke send help immediately.,STALKING_FOLLOWING,hinglish,conversational_augmented
उसने कत्ल करने की धमकी दी है मुझे समझ नहीं आ रहा क्या करूं।,THREAT_INTIMIDATION,hi,conversational_augmented
मैडम... घरेलू हिंसा का शिकार हो रही हूं रोज प्लीज कुछ कीजिए।,DOMESTIC_FAMILY_VIOLENCE,hi,conversational_augmented
apni jaan le lungi agar aisa hi chalta raha,SELF_HARM_CONCERN,hinglish,conversational_augmented
नमस्ते... मेरी निजी तस्वीरें वायरल करने की धमकी दे रहा है,COERCION_BLACKMAIL,hi,conversational_augmented
they are describing and discriminating against me unfairly,DISCRIMINATION_CASTE_VULNERABILITY,en,direct_seed
we are facing intense community ostracization and pressure,SOCIAL_COMMUNITY_PRESSURE,en,direct_seed
सर... 112 की टीम को तुरंत मेरे पते पर भेजिए क्या आप सुन रहे हैं?,REQUEST_POLICE_EMERGENCY_HELP,hi,conversational_augmented
arre... pehle laga situation normal ho gayi par fir se violent ho gaya mujhe samajh nahi aa raha kya karu.,CONTRADICTORY_CHANGING_SITUATION,hinglish,conversational_augmented
कृपया ध्यान दीजिए... 112 की टीम को तुरंत मेरे पते पर भेजिए जल्दी पुलिस भेजिए।,REQUEST_POLICE_EMERGENCY_HELP,hi,conversational_augmented
suniye... community pressure banaya ja raha hai case wapas lene,SOCIAL_COMMUNITY_PRESSURE,hinglish,conversational_augmented
अरे... बुजुर्ग माता-पिता हैं जो चलने में असमर्थ हैं,CHILD_ELDERLY_DISABILITY_VULNERABILITY,hi,conversational_augmented
madam... sexual harassment ho raha hai office mein,SEXUAL_VIOLENCE_HARASSMENT,hinglish,conversational_augmented
मेरी बात सुनिए... मैं यहां बिल्कुल अकेली हूं कोई मदद करने वाला नहीं मुझे समझ नहीं आ रहा क्या करूं।,ISOLATION_NO_SUPPORT,hi,conversational_augmented
Officer... he shoved me down the stairs violently I don't know what to do.,PHYSICAL_VIOLENCE_INJURY,en,conversational_augmented
मैडम... अब इस दर्द को और नहीं सह सकती जल्दी पुलिस भेजिए।,SELF_HARM_CONCERN,hi,conversational_augmented
किराए के कमरे से जबरन सामान फेंक कर निकाल दिया जल्दी पुलिस भेजिए।,NO_SAFE_PLACE_HOMELESSNESS,hi,conversational_augmented
मैं बहुत परेशान हूं... पति रोज शराब पीकर मारपीट करता है,DOMESTIC_FAMILY_VIOLENCE,hi,conversational_augmented
urgent hai... situation bahut dangerous hai bachao send help immediately.,IMMEDIATE_PHYSICAL_DANGER,hinglish,conversational_augmented
Ma'am... he warned that no one can save me from him I am telling the truth.,THREAT_INTIMIDATION,en,conversational_augmented
"Ma'am... I need an ambulance immediately, severe bleeding I don't know what to do.",MEDICAL_EMERGENCY,en,conversational_augmented
advocate ki sahayata chahiye grievance file karne me jaldi kuch kijiye.,REQUEST_COUNSELLING_LEGAL_MEDICAL,hinglish,conversational_augmented
feeling completely hopeless wanting to quit life kya aap sun rahe ho?,SELF_HARM_CONCERN,hinglish,conversational_augmented
I need urgent help... the local panchayat has ordered a complete social boycott please send police now.,SOCIAL_COMMUNITY_PRESSURE,en,conversational_augmented
Officer... need therapy and mental health support session please do something quickly.,REQUEST_COUNSELLING_LEGAL_MEDICAL,en,conversational_augmented
listen... contradictory situation hai outcome uncertain hai mai sach bol raha hu.,CONTRADICTORY_CHANGING_SITUATION,hinglish,conversational_augmented
अरे... सास और ससुर घर में बंद करके मारते हैं,DOMESTIC_FAMILY_VIOLENCE,hi,conversational_augmented
मेरी बात सुनिए... धमकी दी है कि घर में आग लगा देगा मैं सच कह रहा हूं।,THREAT_INTIMIDATION,hi,conversational_augmented
बहुत घबराहट हो रही है सांस नहीं ली जा रही जल्दी पुलिस भेजिए।,FEAR_DISTRESS_PANIC,hi,conversational_augmented
help kijiye... jaati soochak shabdon se gali di aur bhedbhav kiya kya aap sun rahe ho?,DISCRIMINATION_CASTE_VULNERABILITY,hinglish,conversational_augmented
नमस्ते... सामूहिक रूप से हम पर दबाव बनाया जा रहा है क्या आप सुन रहे हैं?,SOCIAL_COMMUNITY_PRESSURE,hi,conversational_augmented
madam... mohalla wale milkar harrass kar rahe hain,SOCIAL_COMMUNITY_PRESSURE,hinglish,conversational_augmented
help kijiye... sexual harassment ho raha hai office mein kya aap sun rahe ho?,SEXUAL_VIOLENCE_HARASSMENT,hinglish,conversational_augmented
please... need mental health counselling and legal guidance mai sach bol raha hu.,REQUEST_COUNSELLING_LEGAL_MEDICAL,hinglish,conversational_augmented
Help me... she threatened that she will ruin my life please send police now.,THREAT_INTIMIDATION,en,conversational_augmented
मैं सिर्फ योजना के बारे में जानकारी लेना चाहता हूं,NEUTRAL_NO_INDICATOR,hi,conversational_augmented
they used derogatory casteist slurs against me publicly,DISCRIMINATION_CASTE_VULNERABILITY,en,direct_seed
सर... कोई सहारा नहीं है बिल्कुल बेसहारा हूं,ISOLATION_NO_SUPPORT,hi,conversational_augmented
नमस्ते... काउंसलर से बात करा दीजिए मानसिक तनाव के लिए मैं सच कह रहा हूं।,REQUEST_COUNSELLING_LEGAL_MEDICAL,hi,conversational_augmented
Please hear me... he physically assaulted me and I am injured please do something quickly.,PHYSICAL_VIOLENCE_INJURY,en,conversational_augmented
I feel like ending my life right now I don't know what to do.,SELF_HARM_CONCERN,en,conversational_augmented
Ma'am... he is forcing me to pay large sums of money are you listening?,COERCION_BLACKMAIL,en,conversational_augmented
suniye... need mental health counselling and legal guidance jaldi kuch kijiye.,REQUEST_COUNSELLING_LEGAL_MEDICAL,hinglish,conversational_augmented
कृपया ध्यान दीजिए... वो कह रहा है कि तुझे बर्बाद कर दूंगा जल्दी पुलिस भेजिए।,THREAT_INTIMIDATION,hi,conversational_augmented
urgent hai... mohalla wale milkar harrass kar rahe hain,SOCIAL_COMMUNITY_PRESSURE,hinglish,conversational_augmented
हमला करके मुझे नीचे गिरा दिया तुरंत मदद चाहिए।,PHYSICAL_VIOLENCE_INJURY,hi,conversational_augmented
उसने मुझे कोई धमकी नहीं दी,NEUTRAL_NO_INDICATOR,hi,direct_seed
not sure what happened exactly unclear memory,UNCERTAINTY_UNCLEAR_INFO,hinglish,conversational_augmented
सुनिए... मेरे साथ भेदभाव कर रहे हैं और नीची जाति बोल रहे हैं क्या आप सुन रहे हैं?,DISCRIMINATION_CASTE_VULNERABILITY,hi,conversational_augmented
need immediate police intervention and escort jaldi kuch kijiye.,REQUEST_POLICE_EMERGENCY_HELP,hinglish,conversational_augmented
सबक सिखाने की धमकी दे रहा है,THREAT_INTIMIDATION,hi,direct_seed
koi madad karne wala nahi hai bilkul akeli hu,ISOLATION_NO_SUPPORT,hinglish,conversational_augmented
sir... he is banging on my window violently mai sach bol raha hu.,IMMEDIATE_PHYSICAL_DANGER,hinglish,conversational_augmented
arre... kripya apna address aur grievance details share karein,NEUTRAL_NO_INDICATOR,hinglish,conversational_augmented
listen... forced himself on me without consent mujhe samajh nahi aa raha kya karu.,SEXUAL_VIOLENCE_HARASSMENT,hinglish,conversational_augmented
कोई साथ देने वाला नहीं है चारों तरफ से अकेली हूं,ISOLATION_NO_SUPPORT,hi,conversational_augmented
sir... marpeet karke fractured my arm please madad karo.,PHYSICAL_VIOLENCE_INJURY,hinglish,conversational_augmented
सब कुछ खत्म कर लेना चाहता हूं क्या आप सुन रहे हैं?,SELF_HARM_CONCERN,hi,conversational_augmented
police PCR van reach ho gayi hai we are safe mai sach bol raha hu.,CURRENT_SAFETY_REASSURANCE,hinglish,conversational_augmented
Sir... I have no family or friends in this city to turn to,ISOLATION_NO_SUPPORT,en,conversational_augmented
Sir... unstable and fluctuating circumstances right now are you listening?,CONTRADICTORY_CHANGING_SITUATION,en,conversational_augmented
arre... landlord threw all luggage out on the street,NO_SAFE_PLACE_HOMELESSNESS,hinglish,conversational_augmented
मैडम... रास्ते में रोक कर गलत तरीके से हाथ पकड़ा प्लीज कुछ कीजिए।,SEXUAL_VIOLENCE_HARASSMENT,hi,conversational_augmented
mai bohot pareshan hu... khatam kar dene ki dhamki di usne mujhe samajh nahi aa raha kya karu.,THREAT_INTIMIDATION,hinglish,conversational_augmented
Help me... I have reached a safe and secure location I am telling the truth.,CURRENT_SAFETY_REASSURANCE,en,conversational_augmented
urgent hai... domestic violence ho rahi hai mere sath ghar par,DOMESTIC_FAMILY_VIOLENCE,hinglish,conversational_augmented
उसने मुझे कोई नुकसान नहीं पहुंचाया सब सामान्य है,NEUTRAL_NO_INDICATOR,hi,direct_seed
hello... mere saath discriminate kiya ja raha hai,DISCRIMINATION_CASTE_VULNERABILITY,hinglish,conversational_augmented
नाबालिग बच्ची की सुरक्षा को लेकर बहुत चिंता है क्या आप सुन रहे हैं?,CHILD_ELDERLY_DISABILITY_VULNERABILITY,hi,conversational_augmented
he tried to force himself onto me please help immediately.,SEXUAL_VIOLENCE_HARASSMENT,en,conversational_augmented
प्लीज... मुझे पुलिस सुरक्षा की तुरंत आवश्यकता है,REQUEST_POLICE_EMERGENCY_HELP,hi,conversational_augmented
I am completely alone and have nobody to help me,ISOLATION_NO_SUPPORT,en,conversational_augmented
mai bohot zyada scared hu send help immediately.,FEAR_DISTRESS_PANIC,hinglish,conversational_augmented
he was not threatening anyone it was a misunderstanding jaldi kuch kijiye.,NEUTRAL_NO_INDICATOR,hinglish,conversational_augmented
sir... mujhe exact location yaad nahi aa rahi confuse hu kya aap sun rahe ho?,UNCERTAINTY_UNCLEAR_INFO,hinglish,conversational_augmented
he attempted to sexually assault me,SEXUAL_VIOLENCE_HARASSMENT,en,conversational_augmented
arre... he follows me everywhere I go,STALKING_FOLLOWING,hinglish,conversational_augmented
घर में छोटा बच्चा और गर्भवती महिला है,CHILD_ELDERLY_DISABILITY_VULNERABILITY,hi,conversational_augmented
मैं बहुत परेशान हूं... अब मैं पूरी तरह सुरक्षित हूं कोई खतरा नहीं है,CURRENT_SAFETY_REASSURANCE,hi,conversational_augmented
Excuse me... community elders are pressurizing us to withdraw the complaint I don't know what to do.,SOCIAL_COMMUNITY_PRESSURE,en,conversational_augmented
I am bleeding heavily from my head,PHYSICAL_VIOLENCE_INJURY,en,conversational_augmented
I am stranded on the roadside with nowhere to sleep I am telling the truth.,NO_SAFE_PLACE_HOMELESSNESS,en,conversational_augmented
कृपया ध्यान दीजिए... धमकी दे रहा है कि पूरे परिवार को खत्म कर देगा मैं सच कह रहा हूं।,THREAT_INTIMIDATION,hi,conversational_augmented
I am uncertain and confused about what transpired,UNCERTAINTY_UNCLEAR_INFO,en,conversational_augmented
"Help me... there is no threat or danger here, everything is peaceful I am telling the truth.",NEUTRAL_NO_INDICATOR,en,conversational_augmented
suniye... mujhe bahut darr lag raha hai jaldi kuch kijiye.,FEAR_DISTRESS_PANIC,hinglish,conversational_augmented
सुनिए... ऑपरेटर: कृपया अपना नाम और फोन नंबर दर्ज कराएं मैं सच कह रहा हूं।,NEUTRAL_NO_INDICATOR,hi,conversational_augmented
help kijiye... koi reason nahi bacha live karne ka kya aap sun rahe ho?,SELF_HARM_CONCERN,hinglish,conversational_augmented
अपनी जान दे दूंगी मैं,SELF_HARM_CONCERN,hi,direct_seed
Officer... they subject us to discrimination and untouchability practices,DISCRIMINATION_CASTE_VULNERABILITY,en,conversational_augmented
मैं बहुत परेशान हूं... निचली जाति का बोलकर मंदिर में जाने से रोका,DISCRIMINATION_CASTE_VULNERABILITY,hi,conversational_augmented
sir... cannot bear this emotional pain anymore want to die send help immediately.,SELF_HARM_CONCERN,hinglish,conversational_augmented
feeling completely hopeless wanting to quit life please madad karo.,SELF_HARM_CONCERN,hinglish,conversational_augmented
suniye... bahar khada hai gaaliyan de raha hai kya aap sun rahe ho?,IMMEDIATE_PHYSICAL_DANGER,hinglish,conversational_augmented
sir... counsellor se baat karni hai stress relief ke liye jaldi kuch kijiye.,REQUEST_COUNSELLING_LEGAL_MEDICAL,hinglish,conversational_augmented
Please hear me... initially it seemed resolved but suddenly violence flared up again please do something quickly.,CONTRADICTORY_CHANGING_SITUATION,en,conversational_augmented
सुनिए... बहुत घबराहट हो रही है सांस नहीं ली जा रही क्या आप सुन रहे हैं?,FEAR_DISTRESS_PANIC,hi,conversational_augmented
suniye... physically attacked me and beat me with stick mai sach bol raha hu.,PHYSICAL_VIOLENCE_INJURY,hinglish,conversational_augmented
I have been thrown out of my house onto the street,NO_SAFE_PLACE_HOMELESSNESS,en,conversational_augmented
my elderly parents are bedridden and cannot escape I am telling the truth.,CHILD_ELDERLY_DISABILITY_VULNERABILITY,en,conversational_augmented
किराए के कमरे से जबरन सामान फेंक कर निकाल दिया तुरंत मदद चाहिए।,NO_SAFE_PLACE_HOMELESSNESS,hi,conversational_augmented
arre... apne aap ko hurt karne ka man kar raha hai send help immediately.,SELF_HARM_CONCERN,hinglish,conversational_augmented
he attacked me with a blade and cut my arm are you listening?,PHYSICAL_VIOLENCE_INJURY,en,conversational_augmented
सुनिए... घरेलू हिंसा का शिकार हो रही हूं रोज,DOMESTIC_FAMILY_VIOLENCE,hi,conversational_augmented
मेरी बात सुनिए... मैं बहुत टूट चुकी हूं मर जाना चाहती हूं मुझे समझ नहीं आ रहा क्या करूं।,SELF_HARM_CONCERN,hi,conversational_augmented
punched and kicked me repeatedly,PHYSICAL_VIOLENCE_INJURY,hinglish,direct_seed
सर... मेरे सिर से खून निकल रहा है,PHYSICAL_VIOLENCE_INJURY,hi,conversational_augmented
Excuse me... I am uncertain and confused about what transpired I don't know what to do.,UNCERTAINTY_UNCLEAR_INFO,en,conversational_augmented
Officer... my heart is pounding with extreme anxiety please help immediately.,FEAR_DISTRESS_PANIC,en,conversational_augmented
SC/ST community se hone ke karan dukan se bhaga diya jaldi kuch kijiye.,DISCRIMINATION_CASTE_VULNERABILITY,hinglish,conversational_augmented
उसने मेरा गला दबाने की कोशिश की,PHYSICAL_VIOLENCE_INJURY,hi,conversational_augmented
कृपया ध्यान दीजिए... मैं अपने आप को नुकसान पहुंचा लूंगी तुरंत मदद चाहिए।,SELF_HARM_CONCERN,hi,conversational_augmented
Please listen... I cannot clearly recall the exact details or location,UNCERTAINTY_UNCLEAR_INFO,en,conversational_augmented
bandook leke ghoom raha hai compound mein,IMMEDIATE_PHYSICAL_DANGER,hinglish,conversational_augmented
heavy bleeding ho rahi hai ambulance chahiye turant jaldi kuch kijiye.,MEDICAL_EMERGENCY,hinglish,conversational_augmented
नमस्ते... काउंसलर से बात करा दीजिए मानसिक तनाव के लिए मैं सच कह रहा हूं।,REQUEST_COUNSELLING_LEGAL_MEDICAL,hi,conversational_augmented
Please listen... my husband beats me violently every day,DOMESTIC_FAMILY_VIOLENCE,en,conversational_augmented
Ma'am... he is attacking the security gate right now I don't know what to do.,IMMEDIATE_PHYSICAL_DANGER,en,conversational_augmented
I need urgent help... I have been thrown out of my house onto the street are you listening?,NO_SAFE_PLACE_HOMELESSNESS,en,conversational_augmented
Sir... my elderly parents are bedridden and cannot escape I don't know what to do.,CHILD_ELDERLY_DISABILITY_VULNERABILITY,en,conversational_augmented
usne mujhe koi dhamki nahi di hai send help immediately.,NEUTRAL_NO_INDICATOR,hinglish,conversational_augmented
hello... mujhe dhamki di hai mujhe samajh nahi aa raha kya karu.,THREAT_INTIMIDATION,hinglish,conversational_augmented
sexual harassment ho raha hai office mein kya aap sun rahe ho?,SEXUAL_VIOLENCE_HARASSMENT,hinglish,conversational_augmented
प्लीज... बहुत उलझन में हूं सही जानकारी नहीं दे पा रही मैं सच कह रहा हूं।,UNCERTAINTY_UNCLEAR_INFO,hi,conversational_augmented
हाथ पैर कांप रहे हैं घबराहट से,FEAR_DISTRESS_PANIC,hi,conversational_augmented
मेरी बात सुनिए... मेरे साथ शारीरिक जबरदस्ती की गई मैं सच कह रहा हूं।,SEXUAL_VIOLENCE_HARASSMENT,hi,conversational_augmented
"everything is under control now, I am safe please send police now.",CURRENT_SAFETY_REASSURANCE,en,conversational_augmented
the situation is volatile and constantly shifting,CONTRADICTORY_CHANGING_SITUATION,en,conversational_augmented
कोई साथ देने वाला नहीं है चारों तरफ से अकेली हूं,ISOLATION_NO_SUPPORT,hi,conversational_augmented
"Help me... Hello, welcome to the National Helpline 14566 are you listening?",NEUTRAL_NO_INDICATOR,en,conversational_augmented
he made vulgar sexual gestures and touched me please do something quickly.,SEXUAL_VIOLENCE_HARASSMENT,en,conversational_augmented
Sir... I am stranded and all alone in this situation,ISOLATION_NO_SUPPORT,en,conversational_augmented
he is trying to climb through the window,IMMEDIATE_PHYSICAL_DANGER,en,direct_seed
प्लीज... उसने कहा कि तुझे रास्ते से हटा दूंगा,THREAT_INTIMIDATION,hi,conversational_augmented
help kijiye... panchayat ne social boycott announce kar diya hamara,SOCIAL_COMMUNITY_PRESSURE,hinglish,conversational_augmented
Sir... need therapy and mental health support session,REQUEST_COUNSELLING_LEGAL_MEDICAL,en,conversational_augmented
सुनिए... मुक्के और लातों से मारपीट की गई,PHYSICAL_VIOLENCE_INJURY,hi,conversational_augmented
Please hear me... requesting legal aid assistance for filing case,REQUEST_COUNSELLING_LEGAL_MEDICAL,en,conversational_augmented
Sir... unstable and fluctuating circumstances right now I am telling the truth.,CONTRADICTORY_CHANGING_SITUATION,en,conversational_augmented
Hello... the person fluctuates unpredictably between calm and rage I don't know what to do.,CONTRADICTORY_CHANGING_SITUATION,en,conversational_augmented
he explicitly threatened to harm my children I don't know what to do.,THREAT_INTIMIDATION,en,conversational_augmented
वो हथियार लेकर बाहर खड़ा है,IMMEDIATE_PHYSICAL_DANGER,hi,direct_seed
listen... please send police immediately to my location,REQUEST_POLICE_EMERGENCY_HELP,hinglish,conversational_augmented
मैडम... पति रोज शराब पीकर मारपीट करता है मुझे समझ नहीं आ रहा क्या करूं।,DOMESTIC_FAMILY_VIOLENCE,hi,conversational_augmented
arre... physically attacked me and beat me with stick send help immediately.,PHYSICAL_VIOLENCE_INJURY,hinglish,conversational_augmented
a group of village leaders is threatening our household,SOCIAL_COMMUNITY_PRESSURE,en,direct_seed
urgent hai... khauf lag raha hai akele rehne me mujhe samajh nahi aa raha kya karu.,FEAR_DISTRESS_PANIC,hinglish,conversational_augmented
we were forcibly evicted and have no place to go please help immediately.,NO_SAFE_PLACE_HOMELESSNESS,en,conversational_augmented
hello... feeling completely hopeless wanting to quit life,SELF_HARM_CONCERN,hinglish,conversational_augmented
he threatened to leak sensitive personal videos online please do something quickly.,COERCION_BLACKMAIL,en,conversational_augmented
Sir... requesting legal aid assistance for filing case please help immediately.,REQUEST_COUNSELLING_LEGAL_MEDICAL,en,conversational_augmented
मैडम... 112 की टीम को तुरंत मेरे पते पर भेजिए प्लीज कुछ कीजिए।,REQUEST_POLICE_EMERGENCY_HELP,hi,conversational_augmented
I am trapped in the bathroom and he is inside,IMMEDIATE_PHYSICAL_DANGER,en,direct_seed
Help me... Operator: Your grievance number has been logged successfully,NEUTRAL_NO_INDICATOR,en,conversational_augmented
please... SC/ST community se hone ke karan dukan se bhaga diya please madad karo.,DISCRIMINATION_CASTE_VULNERABILITY,hinglish,conversational_augmented
"Sir... Hello, welcome to the National Helpline 14566 please do something quickly.",NEUTRAL_NO_INDICATOR,en,conversational_augmented
suniye... completely isolated and stranded without contacts kya aap sun rahe ho?,ISOLATION_NO_SUPPORT,hinglish,conversational_augmented
listen... koi sath nahi de raha sabne contact tod diya kya aap sun rahe ho?,ISOLATION_NO_SUPPORT,hinglish,conversational_augmented
dhamki mil rahi hai ki maar dalega,THREAT_INTIMIDATION,hinglish,direct_seed
hello... sexual harassment ho raha hai office mein please madad karo.,SEXUAL_VIOLENCE_HARASSMENT,hinglish,conversational_augmented
Sir... I am crying and shaking in terror are you listening?,FEAR_DISTRESS_PANIC,en,conversational_augmented
कृपया ध्यान दीजिए... मैं बहुत डरा हुआ हूं मैं सच कह रहा हूं।,FEAR_DISTRESS_PANIC,hi,conversational_augmented
mere sath discrimination ho raha hai office me,DISCRIMINATION_CASTE_VULNERABILITY,hinglish,direct_seed
सर... अभी मैं सेफ जगह पर पहुंच गई हूं तुरंत मदद चाहिए।,CURRENT_SAFETY_REASSURANCE,hi,conversational_augmented
मुझे ठीक से याद नहीं आ रहा क्या हुआ था,UNCERTAINTY_UNCLEAR_INFO,hi,conversational_augmented
I need urgent help... I am being stalked by an unknown person continuously are you listening?,STALKING_FOLLOWING,en,conversational_augmented
he tried to force himself onto me please help immediately.,SEXUAL_VIOLENCE_HARASSMENT,en,conversational_augmented
अरे... समाज में बदनाम करने की साजिश हो रही है,SOCIAL_COMMUNITY_PRESSURE,hi,conversational_augmented
arre... police PCR van reach ho gayi hai we are safe,CURRENT_SAFETY_REASSURANCE,hinglish,conversational_augmented
casteist slurs use karke publically insult kiya,DISCRIMINATION_CASTE_VULNERABILITY,hinglish,direct_seed
मेरी बात सुनिए... पारिवारिक प्रताड़ना असहनीय हो गई है तुरंत मदद चाहिए।,DOMESTIC_FAMILY_VIOLENCE,hi,conversational_augmented
listen... panchayat ne social boycott announce kar diya hamara mujhe samajh nahi aa raha kya karu.,SOCIAL_COMMUNITY_PRESSURE,hinglish,conversational_augmented
hello... homeless ho gaye hain koi shelter nahi hai,NO_SAFE_PLACE_HOMELESSNESS,hinglish,conversational_augmented
mai bohot pareshan hu... police protection chahiye urgent basis pe mujhe samajh nahi aa raha kya karu.,REQUEST_POLICE_EMERGENCY_HELP,hinglish,conversational_augmented
"the PCR unit is here with me, I am protected are you listening?",CURRENT_SAFETY_REASSURANCE,en,conversational_augmented
Help me... deep head laceration with heavy blood loss I don't know what to do.,MEDICAL_EMERGENCY,en,conversational_augmented
खतरा टल चुका है अब कोई डर नहीं है,CURRENT_SAFETY_REASSURANCE,hi,direct_seed
mai bohot pareshan hu... ghar se nikal diya hai road par khadi hu send help immediately.,NO_SAFE_PLACE_HOMELESSNESS,hinglish,conversational_augmented
मेरी बात सुनिए... उसने मुझे नहीं धमकाया,NEUTRAL_NO_INDICATOR,hi,conversational_augmented
छाती में तेज दर्द है और बहुत ज्यादा खून बह रहा है,MEDICAL_EMERGENCY,hi,conversational_augmented
police protection chahiye urgent basis pe mai sach bol raha hu.,REQUEST_POLICE_EMERGENCY_HELP,hinglish,conversational_augmented
he keeps watching my house and tracking my schedule I don't know what to do.,STALKING_FOLLOWING,en,conversational_augmented
रो-रो कर बुरा हाल है बहुत डर है,FEAR_DISTRESS_PANIC,hi,direct_seed
मैं बहुत डरी हुई हूं,FEAR_DISTRESS_PANIC,hi,direct_seed
I am facing continuous sexual harassment at workplace,SEXUAL_VIOLENCE_HARASSMENT,en,conversational_augmented
मेरी बात सुनिए... अश्लील बातें और फोटो भेज रहा है तुरंत मदद चाहिए।,SEXUAL_VIOLENCE_HARASSMENT,hi,conversational_augmented
I need urgent police security and protection right now I don't know what to do.,REQUEST_POLICE_EMERGENCY_HELP,en,conversational_augmented
Sir... I am extremely frightened for my life please do something quickly.,FEAR_DISTRESS_PANIC,en,conversational_augmented
अरे... निचली जाति का बोलकर मंदिर में जाने से रोका जल्दी पुलिस भेजिए।,DISCRIMINATION_CASTE_VULNERABILITY,hi,conversational_augmented
help kijiye... entire village mob is pressurizing our family,SOCIAL_COMMUNITY_PRESSURE,hinglish,conversational_augmented
I need urgent help... I feel like ending my life right now,SELF_HARM_CONCERN,en,conversational_augmented
suniye... immediate danger me hu pulis dispatch karo please madad karo.,IMMEDIATE_PHYSICAL_DANGER,hinglish,conversational_augmented
नमस्ते... उसने बंदूक तान कर जान से मारने की बात कही,THREAT_INTIMIDATION,hi,conversational_augmented
मेरी बात सुनिए... शारीरिक रूप से प्रताड़ित किया गया है प्लीज कुछ कीजिए।,PHYSICAL_VIOLENCE_INJURY,hi,conversational_augmented
Officer... I want to hurt myself to stop this pain I am telling the truth.,SELF_HARM_CONCERN,en,conversational_augmented
अरे... कोई कई दिनों से मेरा पीछा कर रहा है मुझे समझ नहीं आ रहा क्या करूं।,STALKING_FOLLOWING,hi,conversational_augmented
hello... ab mai safe hu police aa gayi hai,CURRENT_SAFETY_REASSURANCE,hinglish,conversational_augmented
Hello... requesting immediate emergency police dispatch please help immediately.,REQUEST_POLICE_EMERGENCY_HELP,en,conversational_augmented
sir... advocate ki sahayata chahiye grievance file karne me,REQUEST_COUNSELLING_LEGAL_MEDICAL,hinglish,conversational_augmented
hello... we were just joking around no real threat,NEUTRAL_NO_INDICATOR,hinglish,conversational_augmented
blackmail kar raha hai ki social media par daal dega jaldi kuch kijiye.,COERCION_BLACKMAIL,hinglish,conversational_augmented
सांस लेने में बहुत तकलीफ हो रही है बेहोश हो रहे हैं,MEDICAL_EMERGENCY,hi,direct_seed
सर... दहेज न लाने पर घर से निकालने की धमकी दी जल्दी पुलिस भेजिए।,DOMESTIC_FAMILY_VIOLENCE,hi,conversational_augmented
madam... marr jana chahti hu sabse tang aake,SELF_HARM_CONCERN,hinglish,conversational_augmented
मैं बहुत परेशान हूं... छाती में तेज दर्द है और बहुत ज्यादा खून बह रहा है,MEDICAL_EMERGENCY,hi,conversational_augmented
हेल्प कीजिए... पड़ोसियों ने आकर मुझे बचा लिया अब सुरक्षित हूं तुरंत मदद चाहिए।,CURRENT_SAFETY_REASSURANCE,hi,conversational_augmented
Hello... I am stranded on the roadside with nowhere to sleep I don't know what to do.,NO_SAFE_PLACE_HOMELESSNESS,en,conversational_augmented
Sir... I need legal guidance and lawyer consultation please help immediately.,REQUEST_COUNSELLING_LEGAL_MEDICAL,en,conversational_augmented
कभी वो शांत हो जाता है कभी अचानक हमला कर देता है जल्दी पुलिस भेजिए।,CONTRADICTORY_CHANGING_SITUATION,hi,conversational_augmented
रोज मेरे कॉलेज के बाहर खड़ा रहता है मुझे समझ नहीं आ रहा क्या करूं।,STALKING_FOLLOWING,hi,conversational_augmented
hello... coercing me into doing things against my consent mai sach bol raha hu.,COERCION_BLACKMAIL,hinglish,conversational_augmented
नमस्ते... मैं बहुत डरा हुआ हूं जल्दी पुलिस भेजिए।,FEAR_DISTRESS_PANIC,hi,conversational_augmented
Hello... he beat me up with a metal rod,PHYSICAL_VIOLENCE_INJURY,en,conversational_augmented
sir... bandook leke ghoom raha hai compound mein mai sach bol raha hu.,IMMEDIATE_PHYSICAL_DANGER,hinglish,conversational_augmented
घर से निकाल दिया गया है सड़क पर बैठी हूं क्या आप सुन रहे हैं?,NO_SAFE_PLACE_HOMELESSNESS,hi,conversational_augmented
Ma'am... I am facing continuous sexual harassment at workplace,SEXUAL_VIOLENCE_HARASSMENT,en,conversational_augmented
contradictory situation hai outcome uncertain hai kya aap sun rahe ho?,CONTRADICTORY_CHANGING_SITUATION,hinglish,conversational_augmented
he grabbed me forcefully and made sexual remarks please send police now.,SEXUAL_VIOLENCE_HARASSMENT,en,conversational_augmented
I received threatening calls all night,THREAT_INTIMIDATION,en,conversational_augmented
अरे... रहने का कोई ठिकाना नहीं है बेघर हो गई हूं प्लीज कुछ कीजिए।,NO_SAFE_PLACE_HOMELESSNESS,hi,conversational_augmented
need mental health counselling and legal guidance,REQUEST_COUNSELLING_LEGAL_MEDICAL,hinglish,conversational_augmented
मुझे कानूनी सलाह और वकील की मदद चाहिए,REQUEST_COUNSELLING_LEGAL_MEDICAL,hi,conversational_augmented
arre... ghar se nikal diya hai road par khadi hu jaldi kuch kijiye.,NO_SAFE_PLACE_HOMELESSNESS,hinglish,conversational_augmented
he grabbed me forcefully and made sexual remarks,SEXUAL_VIOLENCE_HARASSMENT,en,conversational_augmented
mai bohot pareshan hu... mai ab jeena nahi chahta mai sach bol raha hu.,SELF_HARM_CONCERN,hinglish,conversational_augmented
Ma'am... I cannot clearly recall the exact details or location,UNCERTAINTY_UNCLEAR_INFO,en,conversational_augmented
suniye... patient is unconscious please dispatch medical team send help immediately.,MEDICAL_EMERGENCY,hinglish,conversational_augmented
hello... kripya apna address aur grievance details share karein mai sach bol raha hu.,NEUTRAL_NO_INDICATOR,hinglish,conversational_augmented
अज्ञात व्यक्ति मेरा पीछा करता है घर तक,STALKING_FOLLOWING,hi,conversational_augmented
he follows me everywhere I go,STALKING_FOLLOWING,hinglish,conversational_augmented
कहा अगर पैसे नहीं दिए तो बदनाम कर दूंगा,COERCION_BLACKMAIL,hi,conversational_augmented
sir... pcr van bhejo jaldi address par,REQUEST_POLICE_EMERGENCY_HELP,hinglish,conversational_augmented
openly dhamki de raha hai maar peet karne ki,THREAT_INTIMIDATION,hinglish,direct_seed
arre... he follows me everywhere I go please madad karo.,STALKING_FOLLOWING,hinglish,conversational_augmented
I have nowhere to go and nobody to call for assistance,ISOLATION_NO_SUPPORT,en,conversational_augmented
Please listen... we were denied access to the public well due to our caste please do something quickly.,DISCRIMINATION_CASTE_VULNERABILITY,en,conversational_augmented
खून बह रहा है हाथ से बहुत तेज मुझे समझ नहीं आ रहा क्या करूं।,PHYSICAL_VIOLENCE_INJURY,hi,conversational_augmented
कृपया ध्यान दीजिए... दहेज न लाने पर घर से निकालने की धमकी दी मैं सच कह रहा हूं।,DOMESTIC_FAMILY_VIOLENCE,hi,conversational_augmented
Hello... the patient is unconscious and unable to breathe please send police now.,MEDICAL_EMERGENCY,en,conversational_augmented
मैडम... रात में सड़क पर खड़ी हूं कोई सुरक्षित जगह नहीं है तुरंत मदद चाहिए।,NO_SAFE_PLACE_HOMELESSNESS,hi,conversational_augmented
pehle laga situation normal ho gayi par fir se violent ho gaya mujhe samajh nahi aa raha kya karu.,CONTRADICTORY_CHANGING_SITUATION,hinglish,conversational_augmented
madam... chest pain aur breathing difficulty ho rahi hai,MEDICAL_EMERGENCY,hinglish,conversational_augmented
मैडम... अपनी जान दे दूंगी मैं,SELF_HARM_CONCERN,hi,conversational_augmented
Hello... a minor child is trapped inside facing grave risk,CHILD_ELDERLY_DISABILITY_VULNERABILITY,en,conversational_augmented
peecha karke darwaaze tak aa gaya,STALKING_FOLLOWING,hinglish,conversational_augmented
वो मुझे ब्लैकमेल कर रहा है पैसों के लिए जल्दी पुलिस भेजिए।,COERCION_BLACKMAIL,hi,conversational_augmented
dispatch 112 emergency police unit right now,REQUEST_POLICE_EMERGENCY_HELP,hinglish,conversational_augmented
he is blackmailing me with private photographs are you listening?,COERCION_BLACKMAIL,en,conversational_augmented
listen... husband locked me in the room without food mai sach bol raha hu.,DOMESTIC_FAMILY_VIOLENCE,hinglish,conversational_augmented
प्लीज... मुझे पुलिस सुरक्षा की तुरंत आवश्यकता है प्लीज कुछ कीजिए।,REQUEST_POLICE_EMERGENCY_HELP,hi,conversational_augmented
listen... advocate ki sahayata chahiye grievance file karne me mai sach bol raha hu.,REQUEST_COUNSELLING_LEGAL_MEDICAL,hinglish,conversational_augmented
help kijiye... roz ghar ke bahar khada rehta hai bike leke mujhe samajh nahi aa raha kya karu.,STALKING_FOLLOWING,hinglish,conversational_augmented
Operator: Your grievance number has been logged successfully,NEUTRAL_NO_INDICATOR,en,direct_seed
contradictory situation hai outcome uncertain hai kya aap sun rahe ho?,CONTRADICTORY_CHANGING_SITUATION,hinglish,conversational_augmented
I am being extorted and coerced under threat of defamation please do something quickly.,COERCION_BLACKMAIL,en,conversational_augmented
Please hear me... he shoved me down the stairs violently I don't know what to do.,PHYSICAL_VIOLENCE_INJURY,en,conversational_augmented
हेल्प कीजिए... मेट्रो स्टेशन से घर तक फॉलो कर रहा है,STALKING_FOLLOWING,hi,conversational_augmented
he slapped and physically battered me I am telling the truth.,PHYSICAL_VIOLENCE_INJURY,en,conversational_augmented
Officer... alert the local police station for immediate response I don't know what to do.,REQUEST_POLICE_EMERGENCY_HELP,en,conversational_augmented
suniye... need immediate police intervention and escort,REQUEST_POLICE_EMERGENCY_HELP,hinglish,conversational_augmented
मैडम... अज्ञात व्यक्ति मेरा पीछा करता है घर तक,STALKING_FOLLOWING,hi,conversational_augmented
hello... mai yahan bilkul akela hu koi relative nahi hai kya aap sun rahe ho?,ISOLATION_NO_SUPPORT,hinglish,conversational_augmented
विरोधाभासी बातें हो रही हैं यहां माहौल अस्थिर है मैं सच कह रहा हूं।,CONTRADICTORY_CHANGING_SITUATION,hi,conversational_augmented
अरे... खिड़की से घुसने की कोशिश कर रहा है मैं सच कह रहा हूं।,IMMEDIATE_PHYSICAL_DANGER,hi,conversational_augmented
Hello... need therapy and mental health support session I am telling the truth.,REQUEST_COUNSELLING_LEGAL_MEDICAL,en,conversational_augmented
नमस्ते... पहले लगा कि सब ठीक है लेकिन अचानक फिर झगड़ा शुरू हो गया मैं सच कह रहा हूं।,CONTRADICTORY_CHANGING_SITUATION,hi,conversational_augmented
Sir... he is forcing me to pay large sums of money please help immediately.,COERCION_BLACKMAIL,en,conversational_augmented
कृपया ध्यान दीजिए... नाबालिग बच्ची की सुरक्षा को लेकर बहुत चिंता है,CHILD_ELDERLY_DISABILITY_VULNERABILITY,hi,conversational_augmented
mob bahar khadi hai attack karne ke liye mai sach bol raha hu.,IMMEDIATE_PHYSICAL_DANGER,hinglish,conversational_augmented
हेल्प कीजिए... मेरे साथ शारीरिक जबरदस्ती की गई क्या आप सुन रहे हैं?,SEXUAL_VIOLENCE_HARASSMENT,hi,conversational_augmented
Please listen... the victim is a differently-abled person unable to run please help immediately.,CHILD_ELDERLY_DISABILITY_VULNERABILITY,en,conversational_augmented
mai bohot pareshan hu... sasural wale roz taane dete hain aur maarte hain mujhe samajh nahi aa raha kya karu.,DOMESTIC_FAMILY_VIOLENCE,hinglish,conversational_augmented
पता नहीं कौन था और क्या जगह थी प्लीज कुछ कीजिए।,UNCERTAINTY_UNCLEAR_INFO,hi,conversational_augmented
I need urgent help... please send a PCR emergency van right away I am telling the truth.,REQUEST_POLICE_EMERGENCY_HELP,en,conversational_augmented
legal advice and free legal aid lawyer chahiye send help immediately.,REQUEST_COUNSELLING_LEGAL_MEDICAL,hinglish,conversational_augmented
urgent hai... sir pe chot lagi hai khoon nikal raha hai kya aap sun rahe ho?,PHYSICAL_VIOLENCE_INJURY,hinglish,conversational_augmented
मैडम... रास्ते में रोक कर गलत तरीके से हाथ पकड़ा,SEXUAL_VIOLENCE_HARASSMENT,hi,conversational_augmented
Ma'am... he tried to force himself onto me I am telling the truth.,SEXUAL_VIOLENCE_HARASSMENT,en,conversational_augmented
he is blackmailing me with private photographs,COERCION_BLACKMAIL,en,conversational_augmented
urgent hai... mujhe dhamki di hai,THREAT_INTIMIDATION,hinglish,conversational_augmented
I need urgent help... I am facing continuous sexual harassment at workplace please do something quickly.,SEXUAL_VIOLENCE_HARASSMENT,en,conversational_augmented
Please hear me... requesting legal aid assistance for filing case are you listening?,REQUEST_COUNSELLING_LEGAL_MEDICAL,en,conversational_augmented
unstable and fluctuating circumstances right now,CONTRADICTORY_CHANGING_SITUATION,en,conversational_augmented
Please listen... I need urgent police security and protection right now please send police now.,REQUEST_POLICE_EMERGENCY_HELP,en,conversational_augmented
Please listen... my spouse locked me inside without water and hit me please help immediately.,DOMESTIC_FAMILY_VIOLENCE,en,conversational_augmented
मेरी बात सुनिए... रात में सड़क पर खड़ी हूं कोई सुरक्षित जगह नहीं है तुरंत मदद चाहिए।,NO_SAFE_PLACE_HOMELESSNESS,hi,conversational_augmented
अश्लील बातें और फोटो भेज रहा है मुझे समझ नहीं आ रहा क्या करूं।,SEXUAL_VIOLENCE_HARASSMENT,hi,conversational_augmented
urgent hai... in-laws dowry ke liye mentally aur physically abuse kar rahe hain,DOMESTIC_FAMILY_VIOLENCE,hinglish,conversational_augmented
I have been thrown out of my house onto the street please send police now.,NO_SAFE_PLACE_HOMELESSNESS,en,conversational_augmented
hello... i am feeling extreme anxiety and fear please madad karo.,FEAR_DISTRESS_PANIC,hinglish,conversational_augmented
help kijiye... gandi batein karke harass kar raha hai mai sach bol raha hu.,SEXUAL_VIOLENCE_HARASSMENT,hinglish,conversational_augmented
सर... घर से निकाल दिया गया है सड़क पर बैठी हूं,NO_SAFE_PLACE_HOMELESSNESS,hi,conversational_augmented
मेरी बात सुनिए... विरोधाभासी बातें हो रही हैं यहां माहौल अस्थिर है क्या आप सुन रहे हैं?,CONTRADICTORY_CHANGING_SITUATION,hi,conversational_augmented
कृपया ध्यान दीजिए... मैं अपने आप को नुकसान पहुंचा लूंगी तुरंत मदद चाहिए।,SELF_HARM_CONCERN,hi,conversational_augmented
please... homeless ho gaye hain koi shelter nahi hai mai sach bol raha hu.,NO_SAFE_PLACE_HOMELESSNESS,hinglish,conversational_augmented
कृपया ध्यान दीजिए... मेरे साथ छेड़छाड़ की गई है,SEXUAL_VIOLENCE_HARASSMENT,hi,conversational_augmented
pcr van bhejo jaldi address par,REQUEST_POLICE_EMERGENCY_HELP,hinglish,conversational_augmented
help kijiye... mai bohot zyada scared hu kya aap sun rahe ho?,FEAR_DISTRESS_PANIC,hinglish,conversational_augmented
नमस्ते... छुआछूत का व्यवहार कर रहे हैं हमारे साथ,DISCRIMINATION_CASTE_VULNERABILITY,hi,conversational_augmented
I am having thoughts of self harm,SELF_HARM_CONCERN,en,conversational_augmented
मेट्रो स्टेशन से घर तक फॉलो कर रहा है मैं सच कह रहा हूं।,STALKING_FOLLOWING,hi,conversational_augmented
मैं बहुत परेशान हूं... तुरंत पुलिस भेजिए यहां बहुत जरूरी है तुरंत मदद चाहिए।,REQUEST_POLICE_EMERGENCY_HELP,hi,conversational_augmented
the person fluctuates unpredictably between calm and rage I am telling the truth.,CONTRADICTORY_CHANGING_SITUATION,en,conversational_augmented
Excuse me... facing severe caste-based discrimination and untouchability are you listening?,DISCRIMINATION_CASTE_VULNERABILITY,en,conversational_augmented
we were forcibly evicted and have no place to go I don't know what to do.,NO_SAFE_PLACE_HOMELESSNESS,en,conversational_augmented
unstable and fluctuating circumstances right now,CONTRADICTORY_CHANGING_SITUATION,en,conversational_augmented
"I am completely safe now, police have arrived please send police now.",CURRENT_SAFETY_REASSURANCE,en,conversational_augmented
उसके हाथ में चाकू है बाहर,IMMEDIATE_PHYSICAL_DANGER,hi,conversational_augmented
listen... mujhe exact location yaad nahi aa rahi confuse hu,UNCERTAINTY_UNCLEAR_INFO,hinglish,conversational_augmented
शारीरिक रूप से प्रताड़ित किया गया है क्या आप सुन रहे हैं?,PHYSICAL_VIOLENCE_INJURY,hi,conversational_augmented
help kijiye... forcing me to give money through blackmail,COERCION_BLACKMAIL,hinglish,conversational_augmented
Excuse me... he made severe verbal threats against my safety I am telling the truth.,THREAT_INTIMIDATION,en,conversational_augmented
I need urgent help... please dispatch police to my location immediately,REQUEST_POLICE_EMERGENCY_HELP,en,conversational_augmented
शारीरिक रूप से प्रताड़ित किया गया है मुझे समझ नहीं आ रहा क्या करूं।,PHYSICAL_VIOLENCE_INJURY,hi,conversational_augmented
Officer... they are describing and discriminating against me unfairly,DISCRIMINATION_CASTE_VULNERABILITY,en,conversational_augmented
he tried to strangle my neck,PHYSICAL_VIOLENCE_INJURY,en,conversational_augmented
Excuse me... the patient is unconscious and unable to breathe,MEDICAL_EMERGENCY,en,conversational_augmented
Please hear me... I am being stalked by an unknown person continuously please send police now.,STALKING_FOLLOWING,en,conversational_augmented
the information is hazy and I cannot be sure,UNCERTAINTY_UNCLEAR_INFO,en,conversational_augmented
मैं बहुत परेशान हूं... पीसीआर वैन को अलर्ट करके भेजो जल्दी,REQUEST_POLICE_EMERGENCY_HELP,hi,conversational_augmented
mai bohot pareshan hu... community pressure banaya ja raha hai case wapas lene,SOCIAL_COMMUNITY_PRESSURE,hinglish,conversational_augmented
roz ghar ke bahar khada rehta hai bike leke send help immediately.,STALKING_FOLLOWING,hinglish,conversational_augmented
सुनिए... मजबूर कर रहा है गैरकानूनी काम करने के लिए जल्दी पुलिस भेजिए।,COERCION_BLACKMAIL,hi,conversational_augmented
Please listen... we were forcibly evicted and have no place to go,NO_SAFE_PLACE_HOMELESSNESS,en,conversational_augmented
chest pain aur breathing difficulty ho rahi hai please madad karo.,MEDICAL_EMERGENCY,hinglish,conversational_augmented
अरे... सामूहिक रूप से हम पर दबाव बनाया जा रहा है तुरंत मदद चाहिए।,SOCIAL_COMMUNITY_PRESSURE,hi,conversational_augmented
sir... forced himself on me without consent jaldi kuch kijiye.,SEXUAL_VIOLENCE_HARASSMENT,hinglish,conversational_augmented
प्लीज... उसने मुझे गलत तरीके से छुआ,SEXUAL_VIOLENCE_HARASSMENT,hi,conversational_augmented
प्लीज... किराए के कमरे से जबरन सामान फेंक कर निकाल दिया तुरंत मदद चाहिए।,NO_SAFE_PLACE_HOMELESSNESS,hi,conversational_augmented
unstable and fluctuating circumstances right now I am telling the truth.,CONTRADICTORY_CHANGING_SITUATION,en,conversational_augmented
मैं बहुत परेशान हूं... मुझे कोई खतरा नहीं है मैं सिर्फ सामान्य पूछताछ कर रहा हूं,NEUTRAL_NO_INDICATOR,hi,conversational_augmented
मैडम... अभी मैं सेफ जगह पर पहुंच गई हूं जल्दी पुलिस भेजिए।,CURRENT_SAFETY_REASSURANCE,hi,conversational_augmented
Hello... I am being discriminated against at work and in public,DISCRIMINATION_CASTE_VULNERABILITY,en,conversational_augmented
घर से निकाल दिया गया है सड़क पर बैठी हूं,NO_SAFE_PLACE_HOMELESSNESS,hi,conversational_augmented
नमस्ते... चाकू से वार करके घायल कर दिया क्या आप सुन रहे हैं?,PHYSICAL_VIOLENCE_INJURY,hi,conversational_augmented
ab mai safe hu police aa gayi hai,CURRENT_SAFETY_REASSURANCE,hinglish,conversational_augmented
I am receiving direct death threats,THREAT_INTIMIDATION,en,conversational_augmented
हेल्प कीजिए... समाज में बदनाम करने की साजिश हो रही है,SOCIAL_COMMUNITY_PRESSURE,hi,conversational_augmented
madam... no safe place to sleep tonight stranded on footpath please madad karo.,NO_SAFE_PLACE_HOMELESSNESS,hinglish,conversational_augmented
arre... dispatch 112 emergency police unit right now mai sach bol raha hu.,REQUEST_POLICE_EMERGENCY_HELP,hinglish,conversational_augmented
नमस्ते... ससुराल वाले दहेज के लिए प्रताड़ित कर रहे हैं मैं सच कह रहा हूं।,DOMESTIC_FAMILY_VIOLENCE,hi,conversational_augmented
madam... he hit me violently on my face send help immediately.,PHYSICAL_VIOLENCE_INJURY,hinglish,conversational_augmented
सुनिए... सिर पर गहरी चोट है और उल्टियां हो रही हैं मुझे समझ नहीं आ रहा क्या करूं।,MEDICAL_EMERGENCY,hi,conversational_augmented
Ma'am... I am being stalked by an unknown person continuously please do something quickly.,STALKING_FOLLOWING,en,conversational_augmented
Sir... a minor child is trapped inside facing grave risk,CHILD_ELDERLY_DISABILITY_VULNERABILITY,en,conversational_augmented
कोई कई दिनों से मेरा पीछा कर रहा है,STALKING_FOLLOWING,hi,direct_seed
सर... अब मैं पूरी तरह सुरक्षित हूं कोई खतरा नहीं है मैं सच कह रहा हूं।,CURRENT_SAFETY_REASSURANCE,hi,conversational_augmented
sir... I am scared because he is outside my house,IMMEDIATE_PHYSICAL_DANGER,hinglish,conversational_augmented
mai bohot pareshan hu... he threatened to kill me and my family,THREAT_INTIMIDATION,hinglish,conversational_augmented
दलित होने के कारण कुएं से पानी नहीं भरने दिया प्लीज कुछ कीजिए।,DISCRIMINATION_CASTE_VULNERABILITY,hi,conversational_augmented
suniye... feeling terrified and helpless jaldi kuch kijiye.,FEAR_DISTRESS_PANIC,hinglish,conversational_augmented
कृपया ध्यान दीजिए... जान बचाने के लिए कमरे में बंद हूं मुझे समझ नहीं आ रहा क्या करूं।,IMMEDIATE_PHYSICAL_DANGER,hi,conversational_augmented
help kijiye... pata nahi kahan hu landmark nahi dikh raha mai sach bol raha hu.,UNCERTAINTY_UNCLEAR_INFO,hinglish,conversational_augmented
coercing me into doing things against my consent,COERCION_BLACKMAIL,hinglish,direct_seed
urgent hai... not sure what happened exactly unclear memory,UNCERTAINTY_UNCLEAR_INFO,hinglish,conversational_augmented
urgent hai... mujhe dhamki di hai mai sach bol raha hu.,THREAT_INTIMIDATION,hinglish,conversational_augmented
the person fluctuates unpredictably between calm and rage,CONTRADICTORY_CHANGING_SITUATION,en,conversational_augmented
I am seriously injured and bleeding,PHYSICAL_VIOLENCE_INJURY,en,direct_seed
I don't know the exact landmark around me please send police now.,UNCERTAINTY_UNCLEAR_INFO,en,conversational_augmented
sexual harassment ho raha hai office mein,SEXUAL_VIOLENCE_HARASSMENT,hinglish,direct_seed
प्लीज... मैं अपने आप को नुकसान पहुंचा लूंगी मुझे समझ नहीं आ रहा क्या करूं।,SELF_HARM_CONCERN,hi,conversational_augmented
mujhe bahut darr lag raha hai,FEAR_DISTRESS_PANIC,hinglish,conversational_augmented
Sir... he sent non-consensual explicit photos,SEXUAL_VIOLENCE_HARASSMENT,en,conversational_augmented
आत्महत्या करने का ख्याल आ रहा है,SELF_HARM_CONCERN,hi,direct_seed
Help me... I am on the verge of killing myself are you listening?,SELF_HARM_CONCERN,en,conversational_augmented
please send a PCR emergency van right away,REQUEST_POLICE_EMERGENCY_HELP,en,direct_seed
कृपया ध्यान दीजिए... मेरे साथ छेड़छाड़ की गई है,SEXUAL_VIOLENCE_HARASSMENT,hi,conversational_augmented
madam... sasural wale roz taane dete hain aur maarte hain please madad karo.,DOMESTIC_FAMILY_VIOLENCE,hinglish,conversational_augmented
पड़ोसियों ने आकर मुझे बचा लिया अब सुरक्षित हूं क्या आप सुन रहे हैं?,CURRENT_SAFETY_REASSURANCE,hi,conversational_augmented
someone is trying to break into my house right now please send police now.,IMMEDIATE_PHYSICAL_DANGER,en,conversational_augmented
Help me... my in-laws are torturing me over dowry demands please do something quickly.,DOMESTIC_FAMILY_VIOLENCE,en,conversational_augmented
प्लीज... अकेले कमरे में बंद हूं कोई रिश्तेदार नहीं है प्लीज कुछ कीजिए।,ISOLATION_NO_SUPPORT,hi,conversational_augmented
urgent hai... panchayat ne social boycott announce kar diya hamara jaldi kuch kijiye.,SOCIAL_COMMUNITY_PRESSURE,hinglish,conversational_augmented
मेरी बात सुनिए... उसने मुझे डंडे से मारा और घायल कर दिया,PHYSICAL_VIOLENCE_INJURY,hi,conversational_augmented
he threatened me but I am safe now,CURRENT_SAFETY_REASSURANCE,hi,direct_seed
madam... mohalla wale milkar harrass kar rahe hain jaldi kuch kijiye.,SOCIAL_COMMUNITY_PRESSURE,hinglish,conversational_augmented
apne aap ko hurt karne ka man kar raha hai,SELF_HARM_CONCERN,hinglish,conversational_augmented
धमकी मिली है कि चुप रहो वरना अंजाम बुरा होगा,THREAT_INTIMIDATION,hi,direct_seed
darr ki koi baat nahi hai normal hu,NEUTRAL_NO_INDICATOR,hinglish,direct_seed
mai bohot pareshan hu... minor child ki safety at high risk right now,CHILD_ELDERLY_DISABILITY_VULNERABILITY,hinglish,conversational_augmented
हेल्प कीजिए... कभी वो शांत हो जाता है कभी अचानक हमला कर देता है तुरंत मदद चाहिए।,CONTRADICTORY_CHANGING_SITUATION,hi,conversational_augmented
mai bohot pareshan hu... have no family or friends to support me here please madad karo.,ISOLATION_NO_SUPPORT,hinglish,conversational_augmented
मैं बहुत परेशान हूं... रात में सड़क पर खड़ी हूं कोई सुरक्षित जगह नहीं है प्लीज कुछ कीजिए।,NO_SAFE_PLACE_HOMELESSNESS,hi,conversational_augmented
Hello... I cannot clearly recall the exact details or location,UNCERTAINTY_UNCLEAR_INFO,en,conversational_augmented
suniye... homeless ho gaye hain koi shelter nahi hai,NO_SAFE_PLACE_HOMELESSNESS,hinglish,conversational_augmented
नाबालिग बच्ची की सुरक्षा को लेकर बहुत चिंता है,CHILD_ELDERLY_DISABILITY_VULNERABILITY,hi,conversational_augmented
मेरी बात सुनिए... पति ने कमरे में बंद करके पीटा क्या आप सुन रहे हैं?,DOMESTIC_FAMILY_VIOLENCE,hi,conversational_augmented
Hello... he did not try to harm or intimidate me,NEUTRAL_NO_INDICATOR,en,conversational_augmented
deep head laceration with heavy blood loss please send police now.,MEDICAL_EMERGENCY,en,conversational_augmented
मेरी बात सुनिए... शारीरिक रूप से प्रताड़ित किया गया है जल्दी पुलिस भेजिए।,PHYSICAL_VIOLENCE_INJURY,hi,conversational_augmented
chest pain aur breathing difficulty ho rahi hai,MEDICAL_EMERGENCY,hinglish,conversational_augmented
I need urgent help... I cannot clearly recall the exact details or location please send police now.,UNCERTAINTY_UNCLEAR_INFO,en,conversational_augmented
I need legal guidance and lawyer consultation I don't know what to do.,REQUEST_COUNSELLING_LEGAL_MEDICAL,en,conversational_augmented
mai bohot pareshan hu... casteist slurs use karke publically insult kiya send help immediately.,DISCRIMINATION_CASTE_VULNERABILITY,hinglish,conversational_augmented
Sir... facing severe caste-based discrimination and untouchability are you listening?,DISCRIMINATION_CASTE_VULNERABILITY,en,conversational_augmented
Ma'am... the information is hazy and I cannot be sure are you listening?,UNCERTAINTY_UNCLEAR_INFO,en,conversational_augmented
मेरी बात सुनिए... मैं पुलिस स्टेशन पहुंच चुका हूं और सेफ हूं जल्दी पुलिस भेजिए।,CURRENT_SAFETY_REASSURANCE,hi,conversational_augmented
hello... ab sab normal hai danger pass ho gaya hai,CURRENT_SAFETY_REASSURANCE,hinglish,conversational_augmented
suniye... koi madad karne wala nahi hai bilkul akeli hu,ISOLATION_NO_SUPPORT,hinglish,conversational_augmented
मैडम... मजबूर कर रहा है गैरकानूनी काम करने के लिए,COERCION_BLACKMAIL,hi,conversational_augmented
I need urgent help... I am isolated in this house with zero support,ISOLATION_NO_SUPPORT,en,conversational_augmented
urgent hai... immediate danger me hu police dispatch karo,IMMEDIATE_PHYSICAL_DANGER,hinglish,conversational_augmented
help kijiye... usne dhamki nahi di sab theek hai,NEUTRAL_NO_INDICATOR,hinglish,conversational_augmented
urgent hai... usne galat tarike se touch kiya chedchad ki mujhe samajh nahi aa raha kya karu.,SEXUAL_VIOLENCE_HARASSMENT,hinglish,conversational_augmented
please send a PCR emergency van right away,REQUEST_POLICE_EMERGENCY_HELP,en,conversational_augmented
मैडम... दिव्यांग व्यक्ति पर हमला किया गया है,CHILD_ELDERLY_DISABILITY_VULNERABILITY,hi,conversational_augmented
अरे... मुझे ठीक से याद नहीं आ रहा क्या हुआ था मैं सच कह रहा हूं।,UNCERTAINTY_UNCLEAR_INFO,hi,conversational_augmented
Hello... the information is hazy and I cannot be sure I don't know what to do.,UNCERTAINTY_UNCLEAR_INFO,en,conversational_augmented
my spouse locked me inside without water and hit me please help immediately.,DOMESTIC_FAMILY_VIOLENCE,en,conversational_augmented
I need urgent help... the attacker has left and there is no danger now please help immediately.,CURRENT_SAFETY_REASSURANCE,en,conversational_augmented
Help me... I am dreading what might happen next,FEAR_DISTRESS_PANIC,en,conversational_augmented
Ma'am... experiencing severe chest pain and medical collapse please send police now.,MEDICAL_EMERGENCY,en,conversational_augmented
Hello... community elders are pressurizing us to withdraw the complaint please do something quickly.,SOCIAL_COMMUNITY_PRESSURE,en,conversational_augmented
प्लीज... मजबूर कर रहा है गैरकानूनी काम करने के लिए क्या आप सुन रहे हैं?,COERCION_BLACKMAIL,hi,conversational_augmented
help kijiye... usne mujhe jaan se maarne ki dhamki di mai sach bol raha hu.,THREAT_INTIMIDATION,hinglish,conversational_augmented
madam... husband roz daaru peeke marpeet karta hai please madad karo.,DOMESTIC_FAMILY_VIOLENCE,hinglish,conversational_augmented
please... immediate danger me hu police dispatch karo mujhe samajh nahi aa raha kya karu.,IMMEDIATE_PHYSICAL_DANGER,hinglish,conversational_augmented
उसने मुझे नहीं धमकाया,NEUTRAL_NO_INDICATOR,hi,direct_seed
help kijiye... blackmail kar raha hai ki social media par daal dega please madad karo.,COERCION_BLACKMAIL,hinglish,conversational_augmented
I am having thoughts of self harm please do something quickly.,SELF_HARM_CONCERN,en,conversational_augmented
प्लीज... पहले लगा कि सब ठीक है लेकिन अचानक फिर झगड़ा शुरू हो गया क्या आप सुन रहे हैं?,CONTRADICTORY_CHANGING_SITUATION,hi,conversational_augmented
cannot bear this emotional pain anymore want to die,SELF_HARM_CONCERN,hinglish,direct_seed
hello... tracking my daily movements and clicking photos send help immediately.,STALKING_FOLLOWING,hinglish,conversational_augmented
मेरी बात सुनिए... खिड़की से घुसने की कोशिश कर रहा है,IMMEDIATE_PHYSICAL_DANGER,hi,conversational_augmented
in-laws dowry ke liye mentally aur physically abuse kar rahe hain,DOMESTIC_FAMILY_VIOLENCE,hinglish,conversational_augmented
पहले लगा कि सब ठीक है लेकिन अचानक फिर झगड़ा शुरू हो गया मुझे समझ नहीं आ रहा क्या करूं।,CONTRADICTORY_CHANGING_SITUATION,hi,conversational_augmented
requesting legal aid assistance for filing case,REQUEST_COUNSELLING_LEGAL_MEDICAL,en,conversational_augmented
urgent hai... domestic violence ho rahi hai mere sath ghar par mujhe samajh nahi aa raha kya karu.,DOMESTIC_FAMILY_VIOLENCE,hinglish,conversational_augmented
listen... not sure what happened exactly unclear memory mai sach bol raha hu.,UNCERTAINTY_UNCLEAR_INFO,hinglish,conversational_augmented
humare sath bhedbhav ho raha hai,DISCRIMINATION_CASTE_VULNERABILITY,hinglish,direct_seed
कहा अगर पैसे नहीं दिए तो बदनाम कर दूंगा जल्दी पुलिस भेजिए।,COERCION_BLACKMAIL,hi,conversational_augmented
Officer... he tried to strangle my neck,PHYSICAL_VIOLENCE_INJURY,en,conversational_augmented
I am crying and shaking in terror,FEAR_DISTRESS_PANIC,en,direct_seed
मुझे बहुत पैनिक अटैक आ रहा है,FEAR_DISTRESS_PANIC,hi,conversational_augmented
प्लीज... धमकी दी है कि घर में आग लगा देगा मुझे समझ नहीं आ रहा क्या करूं।,THREAT_INTIMIDATION,hi,conversational_augmented
urgent hai... marpeet karke fractured my arm,PHYSICAL_VIOLENCE_INJURY,hinglish,conversational_augmented
suniye... dhamki mil rahi hai ki maar dalega,THREAT_INTIMIDATION,hinglish,conversational_augmented
हेल्प कीजिए... कहा अगर पैसे नहीं दिए तो बदनाम कर दूंगा मुझे समझ नहीं आ रहा क्या करूं।,COERCION_BLACKMAIL,hi,conversational_augmented
usne dhamki nahi di sab theek hai please madad karo.,NEUTRAL_NO_INDICATOR,hinglish,conversational_augmented
Please listen... Operator: Please state your district and contact details,NEUTRAL_NO_INDICATOR,en,conversational_augmented
bandook leke ghoom raha hai compound mein send help immediately.,IMMEDIATE_PHYSICAL_DANGER,hinglish,conversational_augmented
help kijiye... feeling like committing suicide please help,SELF_HARM_CONCERN,hinglish,conversational_augmented
urgent hai... pata nahi kahan hu landmark nahi dikh raha send help immediately.,UNCERTAINTY_UNCLEAR_INFO,hinglish,conversational_augmented
Please hear me... I am being extorted and coerced under threat of defamation,COERCION_BLACKMAIL,en,conversational_augmented
कृपया ध्यान दीजिए... फांसी लगाने की सोच रही हूं क्या आप सुन रहे हैं?,SELF_HARM_CONCERN,hi,conversational_augmented
patient is unconscious please dispatch medical team,MEDICAL_EMERGENCY,hinglish,direct_seed
रास्ते में रोक कर गलत तरीके से हाथ पकड़ा,SEXUAL_VIOLENCE_HARASSMENT,hi,direct_seed
have no family or friends to support me here,ISOLATION_NO_SUPPORT,hinglish,conversational_augmented
कृपया ध्यान दीजिए... कन्फ्यूज हूं शायद कल या परसों की बात है मैं सच कह रहा हूं।,UNCERTAINTY_UNCLEAR_INFO,hi,conversational_augmented
mai bohot pareshan hu... forcing me to give money through blackmail,COERCION_BLACKMAIL,hinglish,conversational_augmented
help kijiye... panchayat ne social boycott announce kar diya hamara mai sach bol raha hu.,SOCIAL_COMMUNITY_PRESSURE,hinglish,conversational_augmented
the victim is a differently-abled person unable to run,CHILD_ELDERLY_DISABILITY_VULNERABILITY,en,direct_seed
Please hear me... I need legal guidance and lawyer consultation,REQUEST_COUNSELLING_LEGAL_MEDICAL,en,conversational_augmented
Help me... community elders are pressurizing us to withdraw the complaint please do something quickly.,SOCIAL_COMMUNITY_PRESSURE,en,conversational_augmented
सुनिए... मुझे ठीक से याद नहीं आ रहा क्या हुआ था जल्दी पुलिस भेजिए।,UNCERTAINTY_UNCLEAR_INFO,hi,conversational_augmented
Excuse me... requesting immediate emergency police dispatch please help immediately.,REQUEST_POLICE_EMERGENCY_HELP,en,conversational_augmented
Help me... I am completely alone and have nobody to help me,ISOLATION_NO_SUPPORT,en,conversational_augmented
Help me... the person fluctuates unpredictably between calm and rage I am telling the truth.,CONTRADICTORY_CHANGING_SITUATION,en,conversational_augmented
समाज में बदनाम करने की साजिश हो रही है जल्दी पुलिस भेजिए।,SOCIAL_COMMUNITY_PRESSURE,hi,conversational_augmented
"Officer... the PCR unit is here with me, I am protected",CURRENT_SAFETY_REASSURANCE,en,conversational_augmented
Ma'am... community elders are pressurizing us to withdraw the complaint,SOCIAL_COMMUNITY_PRESSURE,en,conversational_augmented
experiencing severe chest pain and medical collapse,MEDICAL_EMERGENCY,en,conversational_augmented
urgent hai... punched and kicked me repeatedly,PHYSICAL_VIOLENCE_INJURY,hinglish,conversational_augmented
I need urgent help... he attacked me with a blade and cut my arm,PHYSICAL_VIOLENCE_INJURY,en,conversational_augmented
help kijiye... koi sath nahi de raha sabne contact tod diya,ISOLATION_NO_SUPPORT,hinglish,conversational_augmented
मैं यहां बिल्कुल अकेली हूं कोई मदद करने वाला नहीं मैं सच कह रहा हूं।,ISOLATION_NO_SUPPORT,hi,conversational_augmented
arre... no safe place to sleep tonight stranded on footpath send help immediately.,NO_SAFE_PLACE_HOMELESSNESS,hinglish,conversational_augmented
listen... woh chala gaya hai ab koi danger nahi hai mujhe samajh nahi aa raha kya karu.,CURRENT_SAFETY_REASSURANCE,hinglish,conversational_augmented
मैडम... घर से निकाल दिया गया है सड़क पर बैठी हूं मुझे समझ नहीं आ रहा क्या करूं।,NO_SAFE_PLACE_HOMELESSNESS,hi,conversational_augmented
sir... minor child ki safety at high risk right now,CHILD_ELDERLY_DISABILITY_VULNERABILITY,hinglish,conversational_augmented
हेल्प कीजिए... अब मैं पूरी तरह सुरक्षित हूं कोई खतरा नहीं है क्या आप सुन रहे हैं?,CURRENT_SAFETY_REASSURANCE,hi,conversational_augmented
listen... legal advice and free legal aid lawyer chahiye kya aap sun rahe ho?,REQUEST_COUNSELLING_LEGAL_MEDICAL,hinglish,conversational_augmented
मजबूर कर रहा है गैरकानूनी काम करने के लिए मुझे समझ नहीं आ रहा क्या करूं।,COERCION_BLACKMAIL,hi,conversational_augmented
बहुत भयभीत हूं अपने घर में प्लीज कुछ कीजिए।,FEAR_DISTRESS_PANIC,hi,conversational_augmented
Please hear me... there is an infant and a pregnant woman in the house,CHILD_ELDERLY_DISABILITY_VULNERABILITY,en,conversational_augmented
सर... बुजुर्ग माता-पिता हैं जो चलने में असमर्थ हैं,CHILD_ELDERLY_DISABILITY_VULNERABILITY,hi,conversational_augmented
please send a PCR emergency van right away are you listening?,REQUEST_POLICE_EMERGENCY_HELP,en,conversational_augmented
sir... blakmail karke mental torture de raha hai,COERCION_BLACKMAIL,hinglish,conversational_augmented
शरीर पर बहुत चोटें आई हैं तुरंत मदद चाहिए।,PHYSICAL_VIOLENCE_INJURY,hi,conversational_augmented
Please listen... he tried to strangle my neck,PHYSICAL_VIOLENCE_INJURY,en,conversational_augmented
sir... casteist slurs use karke publically insult kiya please madad karo.,DISCRIMINATION_CASTE_VULNERABILITY,hinglish,conversational_augmented
सर... समाज में बदनाम करने की साजिश हो रही है क्या आप सुन रहे हैं?,SOCIAL_COMMUNITY_PRESSURE,hi,conversational_augmented
सर... तुरंत पुलिस भेजिए यहां बहुत जरूरी है क्या आप सुन रहे हैं?,REQUEST_POLICE_EMERGENCY_HELP,hi,conversational_augmented
"Ma'am... I am at the police station right now, completely safe please send police now.",CURRENT_SAFETY_REASSURANCE,en,conversational_augmented
"Excuse me... I am at the police station right now, completely safe please send police now.",CURRENT_SAFETY_REASSURANCE,en,conversational_augmented
I am trapped in an abusive marriage with constant violence I am telling the truth.,DOMESTIC_FAMILY_VIOLENCE,en,conversational_augmented
मैं बहुत परेशान हूं... आत्महत्या करने का ख्याल आ रहा है मैं सच कह रहा हूं।,SELF_HARM_CONCERN,hi,conversational_augmented
अरे... समाज में बदनाम करने की साजिश हो रही है मैं सच कह रहा हूं।,SOCIAL_COMMUNITY_PRESSURE,hi,conversational_augmented
koi sath nahi de raha sabne contact tod diya mai sach bol raha hu.,ISOLATION_NO_SUPPORT,hinglish,conversational_augmented
उसने फोन करके बोला कि तुझे देख लूंगा तुरंत मदद चाहिए।,THREAT_INTIMIDATION,hi,conversational_augmented
हेल्प कीजिए... सिर पर गहरी चोट है और उल्टियां हो रही हैं मुझे समझ नहीं आ रहा क्या करूं।,MEDICAL_EMERGENCY,hi,conversational_augmented
hello... marr jana chahti hu sabse tang aake,SELF_HARM_CONCERN,hinglish,conversational_augmented
नमस्ते... मुझे थेरेपिस्ट से काउंसलिंग की जरूरत है जल्दी पुलिस भेजिए।,REQUEST_COUNSELLING_LEGAL_MEDICAL,hi,conversational_augmented
shaking with fear right now,FEAR_DISTRESS_PANIC,hinglish,direct_seed
Ma'am... please send a PCR emergency van right away,REQUEST_POLICE_EMERGENCY_HELP,en,conversational_augmented
patient is unconscious please dispatch medical team mai sach bol raha hu.,MEDICAL_EMERGENCY,hinglish,conversational_augmented
मेरी बात सुनिए... खतरा टल चुका है अब कोई डर नहीं है क्या आप सुन रहे हैं?,CURRENT_SAFETY_REASSURANCE,hi,conversational_augmented
I need legal guidance and lawyer consultation please send police now.,REQUEST_COUNSELLING_LEGAL_MEDICAL,en,conversational_augmented
usne dhamki nahi di sab theek hai,NEUTRAL_NO_INDICATOR,hinglish,direct_seed
कृपया ध्यान दीजिए... फांसी लगाने की सोच रही हूं,SELF_HARM_CONCERN,hi,conversational_augmented
सुनिए... अब मैं पूरी तरह सुरक्षित हूं कोई खतरा नहीं है,CURRENT_SAFETY_REASSURANCE,hi,conversational_augmented
नमस्ते... मुझे ठीक से याद नहीं आ रहा क्या हुआ था,UNCERTAINTY_UNCLEAR_INFO,hi,conversational_augmented
अरे... दलित होने के कारण कुएं से पानी नहीं भरने दिया,DISCRIMINATION_CASTE_VULNERABILITY,hi,conversational_augmented
घर से निकाल दिया गया है सड़क पर बैठी हूं,NO_SAFE_PLACE_HOMELESSNESS,hi,conversational_augmented
Excuse me... he touched me inappropriately against my will,SEXUAL_VIOLENCE_HARASSMENT,en,conversational_augmented
entire village mob is pressurizing our family,SOCIAL_COMMUNITY_PRESSURE,hinglish,conversational_augmented
please... feeling terrified and helpless,FEAR_DISTRESS_PANIC,hinglish,conversational_augmented
I need urgent help... I am scared because he is outside my house,IMMEDIATE_PHYSICAL_DANGER,en,conversational_augmented
I am isolated in this house with zero support,ISOLATION_NO_SUPPORT,en,conversational_augmented
hello... thinking of harming myself severely kya aap sun rahe ho?,SELF_HARM_CONCERN,hinglish,conversational_augmented
स्थिति हर पल बदल रही है कुछ समझ नहीं आ रहा मुझे समझ नहीं आ रहा क्या करूं।,CONTRADICTORY_CHANGING_SITUATION,hi,conversational_augmented
मैं सिर्फ योजना के बारे में जानकारी लेना चाहता हूं तुरंत मदद चाहिए।,NEUTRAL_NO_INDICATOR,hi,conversational_augmented
हेल्प कीजिए... खून बह रहा है हाथ से बहुत तेज जल्दी पुलिस भेजिए।,PHYSICAL_VIOLENCE_INJURY,hi,conversational_augmented
